CODE,YEAR,ANTIGEN_CODE,SCHEDULEROUNDS,TARGETPOP,TARGETPOP_DESCRIPTION,GEOAREA,AGEADMINISTERED,SOURCECOMMENT
ABW,2023,DTAPHIBIPV,1,,General/routine,NATIONAL,M2,
ABW,2023,DTAPHIBIPV,2,,General/routine,NATIONAL,M4,
ABW,2023,DTAPHIBIPV,3,,General/routine,NATIONAL,M6,
ABW,2023,DTAPHIBIPV,4,B_2YL_W,General/routine,NATIONAL,M15,
ABW,2023,DTAPIPV,5,B_CHILD_W,General/routine,NATIONAL,Y4,
ABW,2023,DTAPIPV,6,,General/routine,NATIONAL,Y10,
ABW,2023,DTAPIPV,1,RISKGROUPS,Risk group(s),NATIONAL,1st contact,"police, firemen, law-enforcement workers"
ABW,2023,DTAPIPV,2,RISKGROUPS,Risk group(s),NATIONAL,+M1,"police, firemen, law-enforcement workers"
ABW,2023,DTAPIPV,3,RISKGROUPS,Risk group(s),NATIONAL,+M5,"police, firemen, law-enforcement workers"
ABW,2023,HEPA_ADULT,1,TRAVELLERS,Travellers,NATIONAL,1st contact,travellers
ABW,2023,HEPA_ADULT,2,TRAVELLERS,Travellers,NATIONAL,+M6,travellers
ABW,2023,HEPA_PEDIATRIC,1,TRAVELLERS,Travellers,NATIONAL,1st contact,travellers
ABW,2023,HEPA_PEDIATRIC,2,TRAVELLERS,Travellers,NATIONAL,+M6,travellers
ABW,2023,HEPB_ADULT,1,HW,Health workers,NATIONAL,1st contact,healthcare workers
ABW,2023,HEPB_ADULT,3,HW,Health workers,NATIONAL,+M5,healthcare workers
ABW,2023,HEPB_ADULT,2,HW,Health workers,NATIONAL,+M1,healthcare workers
ABW,2023,HEPB_ADULT,3,RISKGROUPS,Risk group(s),NATIONAL,+M5,"police, firemen, law-enforcement workers"
ABW,2023,HEPB_ADULT,2,RISKGROUPS,Risk group(s),NATIONAL,+M1,"police, firemen, law-enforcement workers"
ABW,2023,HEPB_ADULT,1,RISKGROUPS,Risk group(s),NATIONAL,1st contact,"police, firemen, law-enforcement workers"
ABW,2023,HEPB_PEDIATRIC,1,,General/routine,NATIONAL,M1,
ABW,2023,HEPB_PEDIATRIC,2,,General/routine,NATIONAL,M3,
ABW,2023,HEPB_PEDIATRIC,3,,General/routine,NATIONAL,M9,
ABW,2023,HPV4,1,FEMALE,HPV for females only,NATIONAL,Y11,females only; grade 6 primary schools
ABW,2023,HPV4,2,FEMALE,HPV for females only,NATIONAL,+M6,females only; grade 6 primary schools
ABW,2023,INFLUENZA_ADULT,1,ADULTS,Adults,NATIONAL,,Older persons
ABW,2023,INFLUENZA_ADULT,1,HW,Health workers,NATIONAL,1st contact,Health and care workers
ABW,2023,INFLUENZA_ADULT,1,PW,Pregnant women,NATIONAL,1st contact,Pregnant women
ABW,2023,INFLUENZA_ADULT,1,RISKGROUPS,Risk group(s),NATIONAL,1st contact,"Adults with chronic conditions, residents living in long-term care facilities"
ABW,2023,INFLUENZA_PEDIATRIC,1,RISKGROUPS,Risk group(s),NATIONAL,,Children living with long-term care facilities
ABW,2023,MEN_ACYW_135CONJ,1,TRAVELLERS,Travellers,NATIONAL,1st contact,students travelling abroad
ABW,2023,MMR,1,,General/routine,NATIONAL,M12,
ABW,2023,MMR,2,,General/routine,NATIONAL,Y4,
ABW,2023,PCV13,1,,General/routine,NATIONAL,M2,
ABW,2023,PCV13,2,,General/routine,NATIONAL,M4,
ABW,2023,PCV13,3,,General/routine,NATIONAL,M12,
ABW,2023,VARICELLA,1,RISKGROUPS,Risk group(s),NATIONAL,>=Y1,upon request
ABW,2023,YF,1,TRAVELLERS,Travellers,NATIONAL,1st contact,travellers to specific countries
AFG,2023,BCG,1,,General/routine,NATIONAL,B,0-11 months
AFG,2023,DTWPHIBHEPB,1,,General/routine,NATIONAL,W6,0-11 months
AFG,2023,DTWPHIBHEPB,2,,General/routine,NATIONAL,W10,0-11 months
AFG,2023,DTWPHIBHEPB,3,,General/routine,NATIONAL,W14,0-11 months
AFG,2023,HEPB_PEDIATRIC,1,,General/routine,NATIONAL,B,New borns
AFG,2023,IPV,1,,General/routine,NATIONAL,W14,0-9 months
AFG,2023,IPV,2,,General/routine,NATIONAL,M9,0-9 months
AFG,2023,MEASLES,1,,General/routine,NATIONAL,M9,0-18 months
AFG,2023,MEASLES,2,,General/routine,NATIONAL,M18,0-18 months
AFG,2023,OPV,1,,General/routine,NATIONAL,B,0-11 months
AFG,2023,OPV,2,,General/routine,NATIONAL,W6,0-11 months
AFG,2023,OPV,3,,General/routine,NATIONAL,W10,0-11 months
AFG,2023,OPV,4,,General/routine,NATIONAL,W14,0-11 months
AFG,2023,OPV,5,,General/routine,NATIONAL,M9,0-11 months
AFG,2023,PCV13,1,,General/routine,NATIONAL,W6,0-11 months
AFG,2023,PCV13,2,,General/routine,NATIONAL,W10,0-11 months
AFG,2023,PCV13,3,,General/routine,NATIONAL,W14,0-11 months
AFG,2023,ROTAVIRUS_1,1,,General/routine,NATIONAL,W6,0-11 months
AFG,2023,ROTAVIRUS_1,2,,General/routine,NATIONAL,W10,0-11 months
AFG,2023,TD_S,1,ADULTS,Adults,NATIONAL,1st contact,Y15-Y49 (WCBA)
AFG,2023,TD_S,2,ADULTS,Adults,NATIONAL,+M1,Y15-Y49 (WCBA)
AFG,2023,TD_S,3,ADULTS,Adults,NATIONAL,+M6,Y15-Y49 (WCBA)
AFG,2023,TD_S,4,ADULTS,Adults,NATIONAL,+Y1,Y15-Y49 (WCBA)
AFG,2023,TD_S,5,ADULTS,Adults,NATIONAL,+Y1,Y15-Y49 (WCBA)
AGO,2023,BCG,1,,General/routine,NATIONAL,B,0-11 mois
AGO,2023,DTWPHIBHEPB,1,,General/routine,NATIONAL,M2,0-11 mois
AGO,2023,DTWPHIBHEPB,2,,General/routine,NATIONAL,M4,0-11 mois
AGO,2023,DTWPHIBHEPB,3,,General/routine,NATIONAL,M6,0-11 mois
AGO,2023,HEPB_PEDIATRIC,1,,General/routine,NATIONAL,B,0-7 jours
AGO,2023,IPV,1,,General/routine,NATIONAL,M4,0-11 mois
AGO,2023,IPV,2,,General/routine,NATIONAL,M9,0-11 mois
AGO,2023,MR,1,,General/routine,NATIONAL,M9,9-15 mois
AGO,2023,MR,2,,General/routine,NATIONAL,M15,9-15 mois
AGO,2023,OPV,1,,General/routine,NATIONAL,B,0-11 mois
AGO,2023,OPV,2,,General/routine,NATIONAL,M2,0-11 mois
AGO,2023,OPV,3,,General/routine,NATIONAL,M4,0-11 mois
AGO,2023,OPV,4,,General/routine,NATIONAL,M6,0-11 mois
AGO,2023,PCV13,1,,General/routine,NATIONAL,M2,0-11 mois
AGO,2023,PCV13,2,,General/routine,NATIONAL,M4,0-11 mois
AGO,2023,PCV13,3,,General/routine,NATIONAL,M6,0-11 mois
AGO,2023,ROTAVIRUS_1,1,,General/routine,NATIONAL,M2,0-11 mois
AGO,2023,ROTAVIRUS_1,2,,General/routine,NATIONAL,M4,0-11 mois
AGO,2023,TD_S,1,PW,Pregnant women,NATIONAL,1st contact,1st contact grossesse
AGO,2023,TD_S,2,PW,Pregnant women,NATIONAL,+M1,1st contact grossesse
AGO,2023,TD_S,3,PW,Pregnant women,NATIONAL,+M6,1st contact grossesse
AGO,2023,TD_S,4,PW,Pregnant women,NATIONAL,+Y1,1st contact grossesse
AGO,2023,TD_S,5,PW,Pregnant women,NATIONAL,+Y1,1st contact grossesse
AGO,2023,TT,1,ADULTS,Adults,NATIONAL,Y15-Y49,15-49 A
AGO,2023,VITAMINA,1,,General/routine,NATIONAL,M6,0-11 mois
AGO,2023,VITAMINA,2,,General/routine,NATIONAL,M9,0-11 mois
AGO,2023,YF,1,,General/routine,NATIONAL,M9,0-11 mois
AIA,2023,BCG,1,,General/routine,NATIONAL,B,birth - 11 months
AIA,2023,DTWP,4,B_2YL_W,General/routine,NATIONAL,M18,
AIA,2023,DTWP,5,B_CHILD_W,General/routine,NATIONAL,Y4-Y5,
AIA,2023,DTWPHIBHEPB,1,,General/routine,NATIONAL,M2,
AIA,2023,DTWPHIBHEPB,2,,General/routine,NATIONAL,M4,
AIA,2023,DTWPHIBHEPB,3,,General/routine,NATIONAL,M6,
AIA,2023,HEPB_ADULT,1,ADULTS,Adults,NATIONAL,1st contact,"adults and recommended for all health workers with no previous vaccination history (but uptake is low, it is not mandatory)"
AIA,2023,HEPB_ADULT,2,ADULTS,Adults,NATIONAL,+M1,"adults and recommended for all health workers with no previous vaccination history (but uptake is low, it is not mandatory)"
AIA,2023,HEPB_ADULT,3,ADULTS,Adults,NATIONAL,+M6,"adults and recommended for all health workers with no previous vaccination history (but uptake is low, it is not mandatory)"
AIA,2023,HEPB_ADULT,3,HW,Health workers,NATIONAL,+M6,"adults and recommended for all health workers with no previous vaccination history (but uptake is low, it is not mandatory)"
AIA,2023,HEPB_ADULT,2,HW,Health workers,NATIONAL,+M1,"adults and recommended for all health workers with no previous vaccination history (but uptake is low, it is not mandatory)"
AIA,2023,HEPB_ADULT,1,HW,Health workers,NATIONAL,1st contact,"adults and recommended for all health workers with no previous vaccination history (but uptake is low, it is not mandatory)"
AIA,2023,HEPB_PEDIATRIC,1,,General/routine,NATIONAL,B,from May 2019
AIA,2023,HPV4,1,CATCHUP_A,Catch-up adults,NATIONAL,<Y25,Single dose is offered to males and females ages 9-15+.  (one dose also offered to older females up to 25 years of age)
AIA,2023,HPV4,1,CATCHUP_C,Catch-up children,NATIONAL,<Y25,Single dose is offered to males and females ages 9-15+.  (one dose also offered to older females up to 25 years of age)
AIA,2023,HPV4,1,BOTH,HPV administered to females and males,NATIONAL,Y9-15,Single dose is offered to males and females ages 9-15+.  (one dose also offered to older females up to 25 years of age)
AIA,2023,INFLUENZA_ADULT,1,,General/routine,NATIONAL,>Y18,and older persons
AIA,2023,INFLUENZA_ADULT,1,HW,Health workers,NATIONAL,,Health and care workers
AIA,2023,INFLUENZA_ADULT,1,PW,Pregnant women,NATIONAL,,Pregnant women
AIA,2023,INFLUENZA_ADULT,1,RISKGROUPS,Risk group(s),NATIONAL,,"Adults with chronic conditions, residents living in long-term care facilities"
AIA,2023,INFLUENZA_PEDIATRIC,1,,General/routine,NATIONAL,>=M6,
AIA,2023,IPV,1,,General/routine,NATIONAL,M2,
AIA,2023,IPV,2,,General/routine,NATIONAL,M4,
AIA,2023,MMR,1,,General/routine,NATIONAL,Y1,12 month old and 24 months old
AIA,2023,MMR,2,,General/routine,NATIONAL,Y2,12 month old and 24 months old
AIA,2023,OPV,3,,General/routine,NATIONAL,M6,
AIA,2023,OPV,4,,General/routine,NATIONAL,M18,
AIA,2023,OPV,5,,General/routine,NATIONAL,Y4-Y5,
AIA,2023,OPV,6,,General/routine,NATIONAL,Y15,
AIA,2023,PCV13,1,,General/routine,NATIONAL,M2,
AIA,2023,PCV13,2,,General/routine,NATIONAL,M4,
AIA,2023,PCV13,3,,General/routine,NATIONAL,M6,
AIA,2023,PCV13,4,,General/routine,NATIONAL,M18,
AIA,2023,TD_S,6,B_ADO_W,General/routine,NATIONAL,Y15,15 yrs
AIA,2023,TD_S,1,PW,Pregnant women,NATIONAL,1st contact,pregnant women
AIA,2023,TD_S,2,PW,Pregnant women,NATIONAL,+W4,pregnant women
AIA,2023,TD_S,3,PW,Pregnant women,NATIONAL,+M6-Y1,pregnant women
AIA,2023,TDAP_S,1,RISKGROUPS,Risk group(s),NATIONAL,>Y4,"Children over 4 yrs of age and older with incomplete vaccinations/history of febrile seizers. Adults travelers, Adults with unknown previous vaccination history"
AIA,2023,TDAP_S,1,TRAVELLERS,Travellers,NATIONAL,,Adults travelers
AIA,2023,VARICELLA,1,,General/routine,NATIONAL,M15,
AIA,2023,VARICELLA,2,,General/routine,NATIONAL,Y4-Y5,
AIA,2023,YF,1,TRAVELLERS,Travellers,NATIONAL,1st contact,travellers
ALB,2023,BCG,1,,General/routine,NATIONAL,B,
ALB,2023,DT,5,B_CHILD_W,General/routine,NATIONAL,Y6,
ALB,2023,DTWP,4,B_2YL_F,General/routine,NATIONAL,Y2,
ALB,2023,DTWPHIBHEPB,1,,General/routine,NATIONAL,M2,
ALB,2023,DTWPHIBHEPB,2,,General/routine,NATIONAL,M4,
ALB,2023,DTWPHIBHEPB,3,,General/routine,NATIONAL,M6,
ALB,2023,HEPB_PEDIATRIC,1,,General/routine,NATIONAL,B,
ALB,2023,HPV4,1,FEMALE,HPV for females only,NATIONAL,Y13,Female from November 2022
ALB,2023,INFLUENZA_ADULT,1,ADULTS,Adults,NATIONAL,>Y18,and older persons
ALB,2023,INFLUENZA_ADULT,1,HW,Health workers,NATIONAL,,Health and care workers
ALB,2023,INFLUENZA_ADULT,1,PW,Pregnant women,NATIONAL,,Pregnant women
ALB,2023,INFLUENZA_ADULT,1,RISKGROUPS,Risk group(s),NATIONAL,,"Adults with chronic conditions, residents living in long-term care facilities, other groups"
ALB,2023,INFLUENZA_PEDIATRIC,2,,General/routine,NATIONAL,>Y9,
ALB,2023,INFLUENZA_PEDIATRIC,1,,General/routine,NATIONAL,M6-Y9,
ALB,2023,INFLUENZA_PEDIATRIC,1,RISKGROUPS,Risk group(s),NATIONAL,,Children with chronic conditions
ALB,2023,IPV,1,,General/routine,NATIONAL,M2,
ALB,2023,IPV,2,,General/routine,NATIONAL,M4,
ALB,2023,MMR,1,,General/routine,NATIONAL,Y1,
ALB,2023,MMR,2,,General/routine,NATIONAL,Y5,
ALB,2023,OPV,3,,General/routine,NATIONAL,M6,
ALB,2023,OPV,4,,General/routine,NATIONAL,Y2,
ALB,2023,OPV,5,,General/routine,NATIONAL,Y6,
ALB,2023,PCV13,1,,General/routine,NATIONAL,M2,
ALB,2023,PCV13,2,,General/routine,NATIONAL,M4,
ALB,2023,PCV13,3,,General/routine,NATIONAL,M12,
ALB,2023,ROTAVIRUS_5,1,,General/routine,NATIONAL,M2,
ALB,2023,ROTAVIRUS_5,2,,General/routine,NATIONAL,M4,
ALB,2023,ROTAVIRUS_5,3,,General/routine,NATIONAL,M6,
ALB,2023,TD_S,1,ADULTS,Adults,NATIONAL,Y18,
ALB,2023,TD_S,6,B_ADO_W,General/routine,NATIONAL,Y13,
AND,2023,DTAPHIBHEPBIPV,1,,General/routine,NATIONAL,M2,
AND,2023,DTAPHIBHEPBIPV,2,,General/routine,NATIONAL,M4,
AND,2023,DTAPHIBHEPBIPV,3,,General/routine,NATIONAL,M12,
AND,2023,HPV2,1,FEMALE,HPV for females only,NATIONAL,Y12,Females; A partir del 15 de noviembre del 2023 se incluyen en la vacunacin los nios tambien
AND,2023,HPV2,2,FEMALE,HPV for females only,NATIONAL,+M6,Females; A partir del 15 de noviembre del 2023 se incluyen en la vacunacin los nios tambien
AND,2023,INFLUENZA_ADULT,1,ADULTS,Adults,NATIONAL,>=Y65,
AND,2023,INFLUENZA_ADULT,1,HW,Health workers,NATIONAL,,Health and care workers
AND,2023,INFLUENZA_ADULT,1,PW,Pregnant women,NATIONAL,,Pregnant women
AND,2023,INFLUENZA_ADULT,1,RISKGROUPS,Risk group(s),NATIONAL,,"Adults with chronic conditions, residents living in long-term care facilities, other groups"
AND,2023,INFLUENZA_PEDIATRIC,1,RISKGROUPS,Risk group(s),NATIONAL,,Children with chronic conditions
AND,2023,MEN_ACYW_135CONJ,1,,General/routine,NATIONAL,M15,
AND,2023,MEN_ACYW_135CONJ,2,,General/routine,NATIONAL,Y12,
AND,2023,MEN_B,1,,General/routine,NATIONAL,M2,
AND,2023,MEN_B,2,,General/routine,NATIONAL,M4,
AND,2023,MEN_B,3,,General/routine,NATIONAL,M13,
AND,2023,MEN_C_CONJ,1,,General/routine,NATIONAL,M4,
AND,2023,MMR,1,,General/routine,NATIONAL,M12,
AND,2023,MMR,2,,General/routine,NATIONAL,Y3,
AND,2023,MPOX,1,HW,Health workers,NATIONAL,1st contact,"HCW, contacts of a positive case with priority given to the less than 18 years, Pregnant women and persons immunocpmpromised"
AND,2023,MPOX,1,PW,Pregnant women,NATIONAL,1st contact,"HCW, contacts of a positive case with priority given to the less than 18 years, Pregnant women and persons immunocpmpromised"
AND,2023,MPOX,1,RISKGROUPS,Risk group(s),NATIONAL,1st contact,"HCW, contacts of a positive case with priority given to the less than 18 years, Pregnant women and persons immunocpmpromised"
AND,2023,PCV13,1,,General/routine,NATIONAL,M3,
AND,2023,PCV13,2,,General/routine,NATIONAL,M5,
AND,2023,PCV13,3,,General/routine,NATIONAL,M13,
AND,2023,ROTAVIRUS_1,1,,General/routine,NATIONAL,M2,
AND,2023,ROTAVIRUS_1,2,,General/routine,NATIONAL,M3,
AND,2023,TDAP_S,1,PW,Pregnant women,NATIONAL,,Embarazadas
AND,2023,TDAP_S_IPV,4,B_CHILD_W,General/routine,NATIONAL,Y5,
AND,2023,TDAP_S_IPV,5,B_ADO_W,General/routine,NATIONAL,Y15,
AND,2023,VARICELLA,1,,General/routine,NATIONAL,M15,
AND,2023,VARICELLA,2,,General/routine,NATIONAL,Y3,
ARE,2023,BCG,1,,General/routine,NATIONAL,B,newborn
ARE,2023,CHOLERA,1,TRAVELLERS,Travellers,NATIONAL,,travellers
ARE,2023,DTAPHIBHEPBIPV,1,,General/routine,NATIONAL,M2,
ARE,2023,DTAPHIBHEPBIPV,2,,General/routine,NATIONAL,M4,
ARE,2023,DTAPHIBIPV,4,B_2YL_W,General/routine,NATIONAL,M18,
ARE,2023,DTAPIPV,5,B_CHILD_W,General/routine,NATIONAL,Y5-Y6,
ARE,2023,DTWPHIBHEPB,3,,General/routine,NATIONAL,M6,
ARE,2023,HEPA_ADULT,1,RISKGROUPS,Risk group(s),NATIONAL,,risk groups
ARE,2023,HEPA_ADULT,1,TRAVELLERS,Travellers,NATIONAL,,travellers
ARE,2023,HEPB_ADULT,1,RISKGROUPS,Risk group(s),NATIONAL,1st contact,risk groups
ARE,2023,HEPB_ADULT,2,RISKGROUPS,Risk group(s),NATIONAL,+M1,risk groups
ARE,2023,HEPB_ADULT,3,RISKGROUPS,Risk group(s),NATIONAL,+M6,risk groups
ARE,2023,HEPB_ADULT,3,TRAVELLERS,Travellers,NATIONAL,+M6,travellers
ARE,2023,HEPB_ADULT,2,TRAVELLERS,Travellers,NATIONAL,+M1,travellers
ARE,2023,HEPB_ADULT,1,TRAVELLERS,Travellers,NATIONAL,1st contact,travellers
ARE,2023,HEPB_PEDIATRIC,1,,General/routine,NATIONAL,B,
ARE,2023,HIB,1,RISKGROUPS,Risk group(s),NATIONAL,,high risk groups
ARE,2023,HPV9,1,FEMALE,HPV for females only,NATIONAL,Y13,school students
ARE,2023,HPV9,2,FEMALE,HPV for females only,NATIONAL,+M6,school students
ARE,2023,INFLUENZA_ADULT,1,ADULTS,Adults,NATIONAL,>Y18,and older persons
ARE,2023,INFLUENZA_ADULT,1,HW,Health workers,NATIONAL,,Health and care workers
ARE,2023,INFLUENZA_ADULT,1,PW,Pregnant women,NATIONAL,,Pregnant women
ARE,2023,INFLUENZA_ADULT,1,RISKGROUPS,Risk group(s),NATIONAL,,"Adults with chronic conditions, residents in long-term care facilities, other groups"
ARE,2023,INFLUENZA_PEDIATRIC,1,,General/routine,NATIONAL,>=M6,
ARE,2023,INFLUENZA_PEDIATRIC,2,,General/routine,NATIONAL,>=M6,
ARE,2023,INFLUENZA_PEDIATRIC,1,RISKGROUPS,Risk group(s),NATIONAL,,Children with chronic conditions
ARE,2023,IPV,1,RISKGROUPS,Risk group(s),NATIONAL,,high risk groups
ARE,2023,IPV,1,TRAVELLERS,Travellers,NATIONAL,,travellers
ARE,2023,MEN_ACYW_135CONJ,1,,General/routine,NATIONAL,Y15-Y16,school students
ARE,2023,MEN_ACYW_135CONJ,1,TRAVELLERS,Travellers,NATIONAL,,Travellers / Pilgrims
ARE,2023,MMR,1,,General/routine,NATIONAL,M12,
ARE,2023,MMR,2,,General/routine,NATIONAL,M18,
ARE,2023,OPV,3,,General/routine,NATIONAL,M6,
ARE,2023,OPV,4,,General/routine,NATIONAL,M18,
ARE,2023,OPV,5,,General/routine,NATIONAL,Y5-Y6,
ARE,2023,PCV13,2,,General/routine,NATIONAL,M4,
ARE,2023,PCV13,3,,General/routine,NATIONAL,M6,
ARE,2023,PCV13,1,,General/routine,NATIONAL,M2,
ARE,2023,PCV13,1,RISKGROUPS,Risk group(s),NATIONAL,,risk groups
ARE,2023,PCV13,1,TRAVELLERS,Travellers,NATIONAL,,travellers
ARE,2023,PPV23,1,RISKGROUPS,Risk group(s),NATIONAL,,risk groups
ARE,2023,PPV23,1,TRAVELLERS,Travellers,NATIONAL,,travellers
ARE,2023,ROTAVIRUS_1,1,,General/routine,NATIONAL,M2,
ARE,2023,ROTAVIRUS_1,2,,General/routine,NATIONAL,M4,
ARE,2023,TDAP_S,1,ADULTS,Adults,NATIONAL,,adults
ARE,2023,TDAP_S,6,B_ADO_W,General/routine,NATIONAL,Y15-Y16,school students
ARE,2023,TDAP_S,1,RISKGROUPS,Risk group(s),NATIONAL,,risk groups
ARE,2023,TYPHOID_CONJ,1,RISKGROUPS,Risk group(s),NATIONAL,,risk groups
ARE,2023,TYPHOID_CONJ,1,TRAVELLERS,Travellers,NATIONAL,,travellers
ARE,2023,VARICELLA,1,,General/routine,NATIONAL,M12,
ARE,2023,VARICELLA,2,,General/routine,NATIONAL,Y5-Y6,
ARE,2023,YF,1,TRAVELLERS,Travellers,NATIONAL,,travellers
ARE,2023,ZOSTER,1,ADULTS,Adults,NATIONAL,>=Y50,people 50 years old and above
ARE,2023,ZOSTER,2,ADULTS,Adults,NATIONAL,+M6,people 50 years old and above
ARG,2023,BCG,1,,General/routine,NATIONAL,B,
ARG,2023,DTAPHIBHEPBIPV,1,RISKGROUPS,Risk group(s),NATIONAL,M2,Nacidos pretrmino con peso inferior a 1500 g y menores de 6 meses
ARG,2023,DTAPHIBHEPBIPV,2,RISKGROUPS,Risk group(s),NATIONAL,M4,Nacidos pretrmino con peso inferior a 1500 g y menores de 6 meses
ARG,2023,DTAPHIBHEPBIPV,3,RISKGROUPS,Risk group(s),NATIONAL,M6,Nacidos pretrmino con peso inferior a 1500 g y menores de 6 meses
ARG,2023,DTWP,5,B_CHILD_W,General/routine,NATIONAL,Y5,
ARG,2023,DTWPHIBHEPB,1,,General/routine,NATIONAL,M2,
ARG,2023,DTWPHIBHEPB,2,,General/routine,NATIONAL,M4,
ARG,2023,DTWPHIBHEPB,3,,General/routine,NATIONAL,M6,
ARG,2023,DTWPHIBHEPB,4,B_2YL_W,General/routine,NATIONAL,M15-M18,
ARG,2023,HEPA_ADULT,1,RISKGROUPS,Risk group(s),NATIONAL,1st contact,"Indicaciones especiales: HSH, pacientes con desrdenes de la coagulacin, enfermedad heptica crnica, trabajo con el VHA en laboratorios, personal gastronmico, personal de jardines maternales que asisten a nios menores de un ao de vida."
ARG,2023,HEPA_ADULT,2,RISKGROUPS,Risk group(s),NATIONAL,+M6,"Indicaciones especiales: HSH, pacientes con desrdenes de la coagulacin, enfermedad heptica crnica, trabajo con el VHA en laboratorios, personal gastronmico, personal de jardines maternales que asisten a nios menores de un ao de vida."
ARG,2023,HEPA_PEDIATRIC,1,,General/routine,NATIONAL,M12,
ARG,2023,HEPB_ADULT,1,ADULTS,Adults,NATIONAL,1st contact,Universal
ARG,2023,HEPB_ADULT,2,ADULTS,Adults,NATIONAL,+M1,Universal
ARG,2023,HEPB_ADULT,3,ADULTS,Adults,NATIONAL,+M6,Universal
ARG,2023,HEPB_PEDIATRIC,1,,General/routine,NATIONAL,B,
ARG,2023,HIB,1,RISKGROUPS,Risk group(s),NATIONAL,1st contact,Huspedes especiales
ARG,2023,HIB,2,RISKGROUPS,Risk group(s),NATIONAL,+M2,Huspedes especiales
ARG,2023,HPV4,1,BOTH,HPV administered to females and males,NATIONAL,Y11,Esquema de dos dosis (0-6) aplicado a los 11 aos en mujeres nacidas a partir del ao 2000 y varones nacidos a partir del ao 2006.
ARG,2023,HPV4,2,BOTH,HPV administered to females and males,NATIONAL,+M6,Esquema de dos dosis (0-6) aplicado a los 11 aos en mujeres nacidas a partir del ao 2000 y varones nacidos a partir del ao 2006.
ARG,2023,INFLUENZA_ADULT,1,ADULTS,Adults,NATIONAL,>=Y65,
ARG,2023,INFLUENZA_ADULT,1,HW,Health workers,NATIONAL,,Health and care workers
ARG,2023,INFLUENZA_ADULT,1,PW,Pregnant women,NATIONAL,,Pregnant women
ARG,2023,INFLUENZA_ADULT,1,RISKGROUPS,Risk group(s),NATIONAL,,"Adults with chronic conditions, residents living in long-term care facilities, other groups"
ARG,2023,INFLUENZA_PEDIATRIC,1,,General/routine,NATIONAL,M6-M24,
ARG,2023,INFLUENZA_PEDIATRIC,1,RISKGROUPS,Risk group(s),NATIONAL,,Children with chronic conditions
ARG,2023,IPV,1,,General/routine,NATIONAL,M2,
ARG,2023,IPV,2,,General/routine,NATIONAL,M4,
ARG,2023,IPV,3,,General/routine,NATIONAL,M6,
ARG,2023,IPV,5,,General/routine,NATIONAL,Y5,
ARG,2023,MEN_ACYW_135CONJ,1,,General/routine,NATIONAL,M3,
ARG,2023,MEN_ACYW_135CONJ,2,,General/routine,NATIONAL,M5,
ARG,2023,MEN_ACYW_135CONJ,3,,General/routine,NATIONAL,M15,
ARG,2023,MEN_ACYW_135CONJ,4,,General/routine,NATIONAL,Y11,
ARG,2023,MMR,1,,General/routine,NATIONAL,Y1,11 aos se puede iniciar o completar esquema
ARG,2023,MMR,2,,General/routine,NATIONAL,Y5,11 aos se puede iniciar o completar esquema
ARG,2023,MMR,1,RISKGROUPS,Risk group(s),NATIONAL,1st contact,Purperas. Adultos y nios de poblaciones seleccionadas para actividades intensificadas de vacunacin para contencin de brote de sarampin.
ARG,2023,MMR,2,RISKGROUPS,Risk group(s),NATIONAL,+M1,Purperas. Adultos y nios de poblaciones seleccionadas para actividades intensificadas de vacunacin para contencin de brote de sarampin.
ARG,2023,PCV13,1,,General/routine,NATIONAL,M2,Tambin como parte del esquema secuencial con la PS23V para grupos de riesgo
ARG,2023,PCV13,2,,General/routine,NATIONAL,M4,Tambin como parte del esquema secuencial con la PS23V para grupos de riesgo
ARG,2023,PCV13,3,,General/routine,NATIONAL,M12,Tambin como parte del esquema secuencial con la PS23V para grupos de riesgo
ARG,2023,PPV23,1,ADULTS,Adults,NATIONAL,>Y65,
ARG,2023,PPV23,1,RISKGROUPS,Risk group(s),NATIONAL,1st contact,Grupos de riesgo 1er contacto. Tambin como parte del esquema secuencial con la PC13V para grupos de riesgo
ARG,2023,RABIES,1,RISKGROUPS,Risk group(s),NATIONAL,1st contact,Esquema Zagreb (0-0-7-21) para profilaxis postexposicin y Profilaxis pre exposicion (0-7) para personal que trabaja con el virus en laboratorio o personas que trabajan con animales potencialmente rabiosos. Para profilaxis post-exposicin cuando est indicado su uso
ARG,2023,RABIES,2,RISKGROUPS,Risk group(s),NATIONAL,+D7,Esquema Zagreb (0-0-7-21) para profilaxis postexposicin y Profilaxis pre exposicion (0-7) para personal que trabaja con el virus en laboratorio o personas que trabajan con animales potencialmente rabiosos. Para profilaxis post-exposicin cuando est indicado su uso
ARG,2023,RABIES,3,RISKGROUPS,Risk group(s),NATIONAL,+D21,Esquema Zagreb (0-0-7-21) para profilaxis postexposicin y Profilaxis pre exposicion (0-7) para personal que trabaja con el virus en laboratorio o personas que trabajan con animales potencialmente rabiosos. Para profilaxis post-exposicin cuando est indicado su uso
ARG,2023,ROTAVIRUS_1,1,,General/routine,NATIONAL,M2,
ARG,2023,ROTAVIRUS_1,2,,General/routine,NATIONAL,M4,
ARG,2023,TD_S,1,ADULTS,Adults,NATIONAL,,Para quellos adultos que no acrediten esquema completo en la infancia. Si acredita esquema completo se aplica un refuerzo de DT cada 10 aos.
ARG,2023,TD_S,2,RISKGROUPS,Risk group(s),NATIONAL,+M1,Para quellos adultos que no acrediten esquema completo en la infancia. Si acredita esquema completo se aplica un refuerzo de DT cada 10 aos.
ARG,2023,TD_S,3,RISKGROUPS,Risk group(s),NATIONAL,+M6-M12,Para quellos adultos que no acrediten esquema completo en la infancia. Si acredita esquema completo se aplica un refuerzo de DT cada 10 aos.
ARG,2023,TD_S,1,RISKGROUPS,Risk group(s),NATIONAL,1st contact,Para quellos adultos que no acrediten esquema completo en la infancia. Si acredita esquema completo se aplica un refuerzo de DT cada 10 aos.
ARG,2023,TDAP_S,6,B_ADO_W,General/routine,NATIONAL,Y11,
ARG,2023,TDAP_S,1,HW,Health workers,NATIONAL,1st contact,"Embarazadas a partir de la semana 20 (en cada embarazo), convivientes de RN con menos de 1500g y personal de salud que presta cuidado a nios menores de 12 meses (revacunar cada 5 aos)."
ARG,2023,TDAP_S,2,HW,Health workers,NATIONAL,+Y5,"Embarazadas a partir de la semana 20 (en cada embarazo), convivientes de RN con menos de 1500g y personal de salud que presta cuidado a nios menores de 12 meses (revacunar cada 5 aos)."
ARG,2023,TDAP_S,1,PW,Pregnant women,NATIONAL,1st contact,"Embarazadas a partir de la semana 20 (en cada embarazo), convivientes de RN con menos de 1500g y personal de salud que presta cuidado a nios menores de 12 meses (revacunar cada 5 aos)."
ARG,2023,VARICELLA,1,,General/routine,NATIONAL,M15,Tambin forma parte de la estrategia para huespedes especiales
ARG,2023,VARICELLA,2,,General/routine,NATIONAL,Y5,Tambin forma parte de la estrategia para huespedes especiales
ARG,2023,VARICELLA,1,HW,Health workers,NATIONAL,1st contact,"1. Personal de salud sin antecedentes de infeccin y con serologa negativa 2. Convivientes de inmunocomprometidos 3. Huspedes en situaciones especiales: - nios con VIH con CD4 ³ 15% o adolescentes y adultos con CD4 ³ 200/mm? - pacientes con deterioro de la inmunidad humoral, sin requerimiento de tratamiento sustitutivo con Inmunoglobulina  EV (ver cuadro 2) - pacientes en plan de recibir trasplante de rgano slido (por lo menos tres semanas previas al inicio del tratamiento  inmunosupresor) - pacientes con leucemias, linfomas y otras enfermedades malignas con enfermedad en remisin y quienes hubiesen terminado el tratamiento quimioterpico al menos tres meses antes. - sndrome nefrtico"
ARG,2023,VARICELLA,2,HW,Health workers,NATIONAL,+M1,"1. Personal de salud sin antecedentes de infeccin y con serologa negativa 2. Convivientes de inmunocomprometidos 3. Huspedes en situaciones especiales: - nios con VIH con CD4 ³ 15% o adolescentes y adultos con CD4 ³ 200/mm? - pacientes con deterioro de la inmunidad humoral, sin requerimiento de tratamiento sustitutivo con Inmunoglobulina  EV (ver cuadro 2) - pacientes en plan de recibir trasplante de rgano slido (por lo menos tres semanas previas al inicio del tratamiento  inmunosupresor) - pacientes con leucemias, linfomas y otras enfermedades malignas con enfermedad en remisin y quienes hubiesen terminado el tratamiento quimioterpico al menos tres meses antes. - sndrome nefrtico"
ARG,2023,VARICELLA,2,RISKGROUPS,Risk group(s),NATIONAL,+M1,"1. Personal de salud sin antecedentes de infeccin y con serologa negativa 2. Convivientes de inmunocomprometidos 3. Huspedes en situaciones especiales: - nios con VIH con CD4 ³ 15% o adolescentes y adultos con CD4 ³ 200/mm? - pacientes con deterioro de la inmunidad humoral, sin requerimiento de tratamiento sustitutivo con Inmunoglobulina  EV (ver cuadro 2) - pacientes en plan de recibir trasplante de rgano slido (por lo menos tres semanas previas al inicio del tratamiento  inmunosupresor) - pacientes con leucemias, linfomas y otras enfermedades malignas con enfermedad en remisin y quienes hubiesen terminado el tratamiento quimioterpico al menos tres meses antes. - sndrome nefrtico"
ARG,2023,VARICELLA,1,RISKGROUPS,Risk group(s),NATIONAL,1st contact,"1. Personal de salud sin antecedentes de infeccin y con serologa negativa 2. Convivientes de inmunocomprometidos 3. Huspedes en situaciones especiales: - nios con VIH con CD4 ³ 15% o adolescentes y adultos con CD4 ³ 200/mm? - pacientes con deterioro de la inmunidad humoral, sin requerimiento de tratamiento sustitutivo con Inmunoglobulina  EV (ver cuadro 2) - pacientes en plan de recibir trasplante de rgano slido (por lo menos tres semanas previas al inicio del tratamiento  inmunosupresor) - pacientes con leucemias, linfomas y otras enfermedades malignas con enfermedad en remisin y quienes hubiesen terminado el tratamiento quimioterpico al menos tres meses antes. - sndrome nefrtico"
ARG,2023,YF,1,,General/routine,SUBNATIONAL,M18,En zonas seleccionadas de riesgo
ARG,2023,YF,2,,General/routine,SUBNATIONAL,Y11,En zonas seleccionadas de riesgo
ARG,2023,YF,1,TRAVELLERS,Travellers,NATIONAL,1st Contact,Viajeros
ARM,2023,BCG,1,,General/routine,NATIONAL,B,"????? ???????? ? ??????? 0-48 ????, ????? ???????  ???????? ?? 1 ???? ? ???????????."
ARM,2023,DTAPHIBHEPBIPV,1,,General/routine,NATIONAL,W6,?? 11 ??????? 29 ????
ARM,2023,DTAPHIBHEPBIPV,2,,General/routine,NATIONAL,W12,?? 11 ??????? 29 ????
ARM,2023,DTAPHIBHEPBIPV,3,,General/routine,NATIONAL,W18,?? 11 ??????? 29 ????
ARM,2023,DTAPIPV,4,B_2YL_W,General/routine,NATIONAL,M18,
ARM,2023,DTAPIPV,5,B_CHILD_W,General/routine,NATIONAL,Y6,
ARM,2023,HEPA_ADULT,1,,General/routine,NATIONAL,Y15-Y16,"??????  ????? ???????????? ???????? 15-16 ???, ?????? ???? ????? 6 ??????? ????? ?????? ????"
ARM,2023,HEPA_ADULT,2,,General/routine,NATIONAL,+M6,"??????  ????? ???????????? ???????? 15-16 ???, ?????? ???? ????? 6 ??????? ????? ?????? ????"
ARM,2023,HEPB_ADULT,1,RISKGROUPS,Risk group(s),NATIONAL,1st contact,???? ? ?????????? ?????? ??????????? ?? ????? 0-1-6 ???????
ARM,2023,HEPB_ADULT,2,RISKGROUPS,Risk group(s),NATIONAL,+M1,???? ? ?????????? ?????? ??????????? ?? ????? 0-1-6 ???????
ARM,2023,HEPB_ADULT,3,RISKGROUPS,Risk group(s),NATIONAL,+M6,???? ? ?????????? ?????? ??????????? ?? ????? 0-1-6 ???????
ARM,2023,HEPB_PEDIATRIC,1,,General/routine,NATIONAL,B,"????? ???????? ? ??????? 0-24 ????, ????? ??????? ???? ??????? ?????? ???????? ? ??? ????? ? ???????????? ?? ????????, ? ?????????? ?????? ???????? ? ??????? ?????????????? ???????"
ARM,2023,HPV4,1,FEMALE,HPV for females only,NATIONAL,Y14,?????? ????????  ? ???????? 14 ???- ??? ???? (?????? ???? ????? 6 ??????? ????? ??????)
ARM,2023,HPV4,2,FEMALE,HPV for females only,NATIONAL,+M6,?????? ????????  ? ???????? 14 ???- ??? ???? (?????? ???? ????? 6 ??????? ????? ??????)
ARM,2023,HPV4,2,RISKGROUPS,Risk group(s),NATIONAL,+M2,"15 ?? 45 ??? -??????? ? ?????, ? ????? ??????? ? ???????- ??? ???? ( 0,2,6 ???????- ????????  ????? ?????? ? ??????? ????? 6 ???????)"
ARM,2023,HPV4,3,RISKGROUPS,Risk group(s),NATIONAL,+M6,"15 ?? 45 ??? -??????? ? ?????, ? ????? ??????? ? ???????- ??? ???? ( 0,2,6 ???????- ????????  ????? ?????? ? ??????? ????? 6 ???????)"
ARM,2023,HPV4,1,RISKGROUPS,Risk group(s),NATIONAL,Y15-Y45,"15 ?? 45 ??? -??????? ? ?????, ? ????? ??????? ? ???????- ??? ???? ( 0,2,6 ???????- ????????  ????? ?????? ? ??????? ????? 6 ???????)"
ARM,2023,INFLUENZA_ADULT,1,ADULTS,Adults,NATIONAL,>=Y65,
ARM,2023,INFLUENZA_ADULT,1,HW,Health workers,NATIONAL,,Health and care workers
ARM,2023,INFLUENZA_ADULT,1,PW,Pregnant women,NATIONAL,,Pregnant women
ARM,2023,INFLUENZA_ADULT,1,RISKGROUPS,Risk group(s),NATIONAL,,"Adults with chronic conditions, residents living in long-term care facilities, other groups"
ARM,2023,INFLUENZA_PEDIATRIC,1,,General/routine,NATIONAL,M6-Y2,
ARM,2023,INFLUENZA_PEDIATRIC,2,,General/routine,NATIONAL,Y3-Y5,
ARM,2023,INFLUENZA_PEDIATRIC,1,RISKGROUPS,Risk group(s),NATIONAL,,Children with chronic conditions
ARM,2023,MEN_ACYW_135CONJ,1,,General/routine,NATIONAL,Y15-Y16,??????  ?????  ???????????? ???????? 15-16 ???
ARM,2023,MEN_ACYW_135CONJ,1,RISKGROUPS,Risk group(s),NATIONAL,,???? ? ?????????? ?????? ???????????
ARM,2023,MMR,2,,General/routine,NATIONAL,Y4-Y6,
ARM,2023,MMR,3,,General/routine,NATIONAL,Y15-Y16,"?????? ???? ???????? ?????? ????? ???????????? ???????? 15-16 ???, ?? ??????? 2 ????"
ARM,2023,MMR,1,,General/routine,NATIONAL,Y1,
ARM,2023,MMR,1,RISKGROUPS,Risk group(s),NATIONAL,,?? ??????????????
ARM,2023,PCV13,1,,General/routine,NATIONAL,W6,"?? 11 ??????? 29 ????, ??????  ????? ???????????? ????????15-16 ???"
ARM,2023,PCV13,2,,General/routine,NATIONAL,W12,"?? 11 ??????? 29 ????, ??????  ????? ???????????? ????????15-16 ???"
ARM,2023,PCV13,3,,General/routine,NATIONAL,W18,"?? 11 ??????? 29 ????, ??????  ????? ???????????? ????????15-16 ???"
ARM,2023,PCV13,4,,General/routine,NATIONAL,Y15-Y16,"?? 11 ??????? 29 ????, ??????  ????? ???????????? ????????15-16 ???"
ARM,2023,PCV13,1,RISKGROUPS,Risk group(s),NATIONAL,,???? ? ?????????? ?????? ???????????
ARM,2023,RABIES,1,RISKGROUPS,Risk group(s),NATIONAL,,?? ??????????????
ARM,2023,ROTAVIRUS_1,1,,General/routine,NATIONAL,W6,"?? 6 ?????? ?? 15 ?????? ??? ?????? ????, ?? 16 ?????? ?? 32 ??????  ??? ?????? ???? ???????????? ???????"
ARM,2023,ROTAVIRUS_1,2,,General/routine,NATIONAL,W16,"?? 6 ?????? ?? 15 ?????? ??? ?????? ????, ?? 16 ?????? ?? 32 ??????  ??? ?????? ???? ???????????? ???????"
ARM,2023,TD_S,1,ADULTS,Adults,NATIONAL,Y26-Y30,??????? ? ??????? ?? 26 ??? ????? ?????? 10 ???
ARM,2023,TD_S,2,ADULTS,Adults,NATIONAL,Y36-Y40,??????? ? ??????? ?? 26 ??? ????? ?????? 10 ???
ARM,2023,TD_S,3,ADULTS,Adults,NATIONAL,Y46-Y50,??????? ? ??????? ?? 26 ??? ????? ?????? 10 ???
ARM,2023,TD_S,4,ADULTS,Adults,NATIONAL,Y56-Y60,??????? ? ??????? ?? 26 ??? ????? ?????? 10 ???
ARM,2023,TD_S,5,ADULTS,Adults,NATIONAL,Y66-Y70,??????? ? ??????? ?? 26 ??? ????? ?????? 10 ???
ARM,2023,TD_S,6,ADULTS,Adults,NATIONAL,Y76-Y80,??????? ? ??????? ?? 26 ??? ????? ?????? 10 ???
ARM,2023,TDAP_S,6,B_ADO_W,General/routine,NATIONAL,Y15-Y16,"????? ? 15 ??? ?? 25 ???, ? 26 ??? ???????? ?????? ???-?"
ARM,2023,TULAREMIA,1,,General/routine,NATIONAL,Y17,?????? ????? ???????????? ???????? 17 ??? ? ????? ? ?????????? ?????? ??????????? ? ?? ?????????????? ? 7-???
ARM,2023,TULAREMIA,1,RISKGROUPS,Risk group(s),NATIONAL,>=Y7,?????? ????? ???????????? ???????? 17 ??? ? ????? ? ?????????? ?????? ??????????? ? ?? ?????????????? ? 7-???
ATG,2023,DT,5,B_CHILD_W,General/routine,NATIONAL,Y5,5yrs
ATG,2023,DTWP,4,B_2YL_W,General/routine,NATIONAL,M18,M18
ATG,2023,DTWPHIBHEPB,1,,General/routine,NATIONAL,M2,
ATG,2023,DTWPHIBHEPB,2,,General/routine,NATIONAL,M4,
ATG,2023,DTWPHIBHEPB,3,,General/routine,NATIONAL,M6,
ATG,2023,HEPB_ADULT,1,HW,Health workers,NATIONAL,1st contact,"Adults who didn't receive their vaccine as infants, dialysis patients, hospital staff, medical and nursing students"
ATG,2023,HEPB_ADULT,2,HW,Health workers,NATIONAL,+M1,"Adults who didn't receive their vaccine as infants, dialysis patients, hospital staff, medical and nursing students"
ATG,2023,HEPB_ADULT,3,HW,Health workers,NATIONAL,+M6,"Adults who didn't receive their vaccine as infants, dialysis patients, hospital staff, medical and nursing students"
ATG,2023,HEPB_ADULT,1,RISKGROUPS,Risk group(s),NATIONAL,1st contact,"Adults who didn't receive their vaccine as infants, dialysis patients, hospital staff, medical and nursing students"
ATG,2023,HEPB_ADULT,2,RISKGROUPS,Risk group(s),NATIONAL,+M1,"Adults who didn't receive their vaccine as infants, dialysis patients, hospital staff, medical and nursing students"
ATG,2023,HEPB_ADULT,3,RISKGROUPS,Risk group(s),NATIONAL,+M6,"Adults who didn't receive their vaccine as infants, dialysis patients, hospital staff, medical and nursing students"
ATG,2023,HEPB_PEDIATRIC,1,,General/routine,NATIONAL,B,infants within the first 24 hours of birth
ATG,2023,HPV4,1,BOTH,HPV administered to females and males,NATIONAL,Y9-Y13,"females and males; aged 9-13 years x2 doses, aged 14-26 years x3 doses (+Y1 for older age group)"
ATG,2023,HPV4,2,BOTH,HPV administered to females and males,NATIONAL,+M6,"females and males; aged 9-13 years x2 doses, aged 14-26 years x3 doses (+Y1 for older age group)"
ATG,2023,HPV4,3,BOTH,HPV administered to females and males,NATIONAL,+Y1,"females and males; aged 9-13 years x2 doses, aged 14-26 years x3 doses (+Y1 for older age group)"
ATG,2023,INFLUENZA_ADULT,1,ADULTS,Adults,NATIONAL,>Y18,and older persons
ATG,2023,INFLUENZA_ADULT,1,HW,Health workers,NATIONAL,,Health and care workers
ATG,2023,INFLUENZA_ADULT,1,PW,Pregnant women,NATIONAL,,Pregnant women
ATG,2023,INFLUENZA_ADULT,1,RISKGROUPS,Risk group(s),NATIONAL,,"Adults with chronic conditions, residents living in long-term care facilities"
ATG,2023,INFLUENZA_PEDIATRIC,1,,General/routine,NATIONAL,M6-M35,
ATG,2023,INFLUENZA_PEDIATRIC,2,,General/routine,NATIONAL,>=Y3,
ATG,2023,INFLUENZA_PEDIATRIC,1,RISKGROUPS,Risk group(s),NATIONAL,,Children with chronic conditions
ATG,2023,IPV,1,,General/routine,NATIONAL,M2,
ATG,2023,IPV,2,,General/routine,NATIONAL,M4,
ATG,2023,MMR,1,,General/routine,NATIONAL,M12,
ATG,2023,MMR,2,,General/routine,NATIONAL,M18,
ATG,2023,OPV,1,,General/routine,NATIONAL,M6,
ATG,2023,OPV,2,,General/routine,NATIONAL,M18,
ATG,2023,OPV,3,,General/routine,NATIONAL,Y5,
ATG,2023,OPV,4,,General/routine,NATIONAL,Y15,
ATG,2023,PCV13,1,RISKGROUPS,Risk group(s),NATIONAL,M2,sickle cell disease
ATG,2023,PCV13,2,RISKGROUPS,Risk group(s),NATIONAL,M4,sickle cell disease
ATG,2023,PCV13,3,RISKGROUPS,Risk group(s),NATIONAL,M6,sickle cell disease
ATG,2023,PPV23,1,RISKGROUPS,Risk group(s),NATIONAL,>=Y2,Vaccine given to risk groups >=2 as recommended by the doctor via medical Benefits (eg those with sickle cell disease diabetes ect)
ATG,2023,TD_S,1,ADULTS,Adults,NATIONAL,Y25,
ATG,2023,TD_S,6,B_ADO_W,General/routine,NATIONAL,Y15,
ATG,2023,TD_S,1,PW,Pregnant women,NATIONAL,,Pregnant women
ATG,2023,VARICELLA,1,,General/routine,NATIONAL,Y3-Y5,
ATG,2023,YF,1,TRAVELLERS,Travellers,NATIONAL,1st contact,Travellers
AUS,2023,DTAP,4,B_2YL_W,General/routine,NATIONAL,M18,
AUS,2023,DTAPHIBHEPBIPV,1,,General/routine,NATIONAL,M2,
AUS,2023,DTAPHIBHEPBIPV,2,,General/routine,NATIONAL,M4,
AUS,2023,DTAPHIBHEPBIPV,3,,General/routine,NATIONAL,M6,
AUS,2023,DTAPIPV,5,B_CHILD_W,General/routine,NATIONAL,Y4,
AUS,2023,HEPA_PEDIATRIC,1,RISKGROUPS,Risk group(s),SUBNATIONAL,M18,"Aboriginal and Torres Strait Islander people in Queensland, Northern Territory, Western Australia and South Australia"
AUS,2023,HEPA_PEDIATRIC,2,RISKGROUPS,Risk group(s),SUBNATIONAL,Y4,"Aboriginal and Torres Strait Islander people in Queensland, Northern Territory, Western Australia and South Australia"
AUS,2023,HEPB_ADULT,1,RISKGROUPS,Risk group(s),NATIONAL,>=Y19,Refugee and humanitarian entrants
AUS,2023,HEPB_PEDIATRIC,1,,General/routine,NATIONAL,B,
AUS,2023,HIB,4,,General/routine,NATIONAL,M18,
AUS,2023,HPV9,1,BOTH,HPV administered to females and males,NATIONAL,Y12-Y13,"Single dose, school grade 7 or age equivalent, all genders"
AUS,2023,INFLUENZA_ADULT,1,ADULTS,Adults,NATIONAL,>=Y65,
AUS,2023,INFLUENZA_ADULT,1,HW,Health workers,NATIONAL,,
AUS,2023,INFLUENZA_ADULT,1,PW,Pregnant women,NATIONAL,,
AUS,2023,INFLUENZA_ADULT,1,RISKGROUPS,Risk group(s),NATIONAL,,"Adults with chronic conidtions, residents living in long-term care facilities"
AUS,2023,INFLUENZA_PEDIATRIC,1,,General/routine,NATIONAL,M6-Y5,
AUS,2023,INFLUENZA_PEDIATRIC,1,RISKGROUPS,Risk group(s),NATIONAL,,Children with chronic conditions
AUS,2023,MEN_ACYW_135CONJ,1,,General/routine,NATIONAL,M12,
AUS,2023,MEN_ACYW_135CONJ,2,,General/routine,NATIONAL,Y14-Y16,
AUS,2023,MEN_B,1,RISKGROUPS,Risk group(s),SUBNATIONAL,M2,Aboriginal and Torres Strait Islander children. 3rd dose at M6 given to Aboriginal and Torres Strait Islander children with specified medical risk conditions
AUS,2023,MEN_B,2,RISKGROUPS,Risk group(s),SUBNATIONAL,M4,Aboriginal and Torres Strait Islander children. 3rd dose at M6 given to Aboriginal and Torres Strait Islander children with specified medical risk conditions
AUS,2023,MEN_B,3,RISKGROUPS,Risk group(s),SUBNATIONAL,M6,Aboriginal and Torres Strait Islander children. 3rd dose at M6 given to Aboriginal and Torres Strait Islander children with specified medical risk conditions
AUS,2023,MEN_B,4,RISKGROUPS,Risk group(s),SUBNATIONAL,M12,Aboriginal and Torres Strait Islander children. 3rd dose at M6 given to Aboriginal and Torres Strait Islander children with specified medical risk conditions
AUS,2023,MMR,1,,General/routine,NATIONAL,M12,
AUS,2023,MMRV,2,,General/routine,NATIONAL,M18,
AUS,2023,PCV13,1,ADULTS,Adults,NATIONAL,>=Y70,<=Y70 given to adults 70 years and over (not including Aboriginal and Torres Strait Islander adults).
AUS,2023,PCV13,2,,General/routine,NATIONAL,M4,
AUS,2023,PCV13,3,,General/routine,NATIONAL,M12,"M12 dose may be 4th dose if M6 dose is administered to risk groups or for Aboriginal and Torres Strait Islander children in four regions (Queensland, Northern Territory, Western Australia and South Australia)"
AUS,2023,PCV13,1,,General/routine,NATIONAL,M2,
AUS,2023,PCV13,1,RISKGROUPS,Risk group(s),NATIONAL,,All children medically at risk
AUS,2023,PCV13,3,RISKGROUPS,Risk group(s),NATIONAL,M6,"M6 given to Aboriginal and Torres Strait Islander children in four regions (Queensland, Northern Territory, Western Australia and South Australia)"
AUS,2023,PPV23,1,ADULTS,Adults,NATIONAL,>=Y50,>=Y50 for Aboriginal and Torres Strait Islander adults (Indigenous adults)
AUS,2023,PPV23,1,,General/routine,SUBNATIONAL,Y4,"Aboriginal and Torres Strait Islander children in four regions (Western Australia, Northern Territory, South Australia, Queensland)"
AUS,2023,PPV23,1,RISKGROUPS,Risk group(s),NATIONAL,Y4,Y4 for all children with specified medical risk conditions
AUS,2023,ROTAVIRUS_1,1,,General/routine,NATIONAL,M2,
AUS,2023,ROTAVIRUS_1,2,,General/routine,NATIONAL,M4,
AUS,2023,TDAP_S,6,B_ADO_W,General/routine,NATIONAL,Y12-Y13,
AUS,2023,TDAP_S,1,PW,Pregnant women,NATIONAL,,Pregnant women
AUS,2023,ZOSTER,1,ADULTS,Adults,NATIONAL,Y70-Y79,and includes time limited catch up program for 71-79 year olds until 31 Oct. 2023
AUS,2023,ZOSTER,2,CATCHUP_A,Catch-up adults,NATIONAL,Y71-Y79,Time limited catch up program for 71-79 year olds until 31 Oct. 2023
AUT,2023,DTAPHIBHEPBIPV,1,,General/routine,NATIONAL,M2,
AUT,2023,DTAPHIBHEPBIPV,2,,General/routine,NATIONAL,M4,
AUT,2023,DTAPHIBHEPBIPV,3,,General/routine,NATIONAL,M10-M11,
AUT,2023,HEPB_PEDIATRIC,1,CATCHUP_C,Catch-up children,NATIONAL,Y7-Y15,Free catch up until Y14
AUT,2023,HPV9,1,CATCHUP_A,Catch-up adults,NATIONAL,<Y21,Females and males; free catch up until Y21 sing 01.02.2023
AUT,2023,HPV9,1,CATCHUP_C,Catch-up children,NATIONAL,<Y21,Females and males; free catch up until Y21 sing 01.02.2023
AUT,2023,HPV9,1,BOTH,HPV administered to females and males,NATIONAL,Y9,Females and males
AUT,2023,HPV9,2,BOTH,HPV administered to females and males,NATIONAL,+M6,Females and males
AUT,2023,INFLUENZA_ADULT,1,ADULTS,Adults,NATIONAL,>Y18,and older persons
AUT,2023,INFLUENZA_ADULT,1,HW,Health workers,NATIONAL,,Health and care workers
AUT,2023,INFLUENZA_ADULT,1,PW,Pregnant women,NATIONAL,,Pregnant women
AUT,2023,INFLUENZA_ADULT,1,RISKGROUPS,Risk group(s),NATIONAL,,"Adults with chronic conditions, residents living in long-term care facilities, other groups"
AUT,2023,INFLUENZA_PEDIATRIC,1,,General/routine,NATIONAL,>=M6,
AUT,2023,INFLUENZA_PEDIATRIC,2,,General/routine,NATIONAL,>=M6,
AUT,2023,INFLUENZA_PEDIATRIC,1,RISKGROUPS,Risk group(s),NATIONAL,,Children with chronic conditions
AUT,2023,MEN_ACYW_135CONJ,1,,General/routine,NATIONAL,Y10-Y13,
AUT,2023,MMR,1,CATCHUP_A,Catch-up adults,NATIONAL,,Catch-up for everybody regardless of age
AUT,2023,MMR,1,CATCHUP_C,Catch-up children,NATIONAL,,Catch-up for everybody regardless of age
AUT,2023,MMR,2,,General/routine,NATIONAL,+M3,
AUT,2023,MMR,1,,General/routine,NATIONAL,M9,
AUT,2023,PCV10,1,,General/routine,NATIONAL,M2,
AUT,2023,PCV10,2,,General/routine,NATIONAL,M4,
AUT,2023,PCV10,3,,General/routine,NATIONAL,M12-M14,
AUT,2023,ROTAVIRUS_1,1,,General/routine,NATIONAL,W6,
AUT,2023,ROTAVIRUS_1,2,,General/routine,NATIONAL,M2,
AUT,2023,TDAP_S_IPV,4,B_CHILD_W,General/routine,NATIONAL,Y6-Y8,
AZE,2023,BCG,1,,General/routine,NATIONAL,B,??? 12
AZE,2023,DT,5,B_CHILD_W,General/routine,NATIONAL,Y6,
AZE,2023,DTWP,4,B_2YL_W,General/routine,NATIONAL,M18,
AZE,2023,DTWPHIBHEPB,1,,General/routine,NATIONAL,M2,
AZE,2023,DTWPHIBHEPB,2,,General/routine,NATIONAL,M3,
AZE,2023,DTWPHIBHEPB,3,,General/routine,NATIONAL,M4,
AZE,2023,HEPB_PEDIATRIC,1,,General/routine,NATIONAL,B,??? 12
AZE,2023,INFLUENZA_ADULT,1,ADULTS,Adults,NATIONAL,>=Y65,
AZE,2023,INFLUENZA_ADULT,1,HW,Health workers,NATIONAL,,Health and care workers
AZE,2023,INFLUENZA_ADULT,1,PW,Pregnant women,NATIONAL,,Pregnant women
AZE,2023,INFLUENZA_ADULT,1,RISKGROUPS,Risk group(s),NATIONAL,,Adults with chronic conditions
AZE,2023,INFLUENZA_PEDIATRIC,1,,General/routine,NATIONAL,M6-Y18,
AZE,2023,INFLUENZA_PEDIATRIC,1,RISKGROUPS,Risk group(s),NATIONAL,,Children with chronic conditions
AZE,2023,IPV,1,,General/routine,NATIONAL,M3,
AZE,2023,IPV,2,,General/routine,NATIONAL,M6,
AZE,2023,MMR,1,,General/routine,NATIONAL,M12,
AZE,2023,MMR,2,,General/routine,NATIONAL,Y6,
AZE,2023,OPV,1,,General/routine,NATIONAL,M2,
AZE,2023,OPV,2,,General/routine,NATIONAL,M3,
AZE,2023,OPV,3,,General/routine,NATIONAL,M4,
AZE,2023,OPV,4,,General/routine,NATIONAL,M18,
AZE,2023,PCV13,1,,General/routine,NATIONAL,M2,
AZE,2023,PCV13,2,,General/routine,NATIONAL,M4,
AZE,2023,PCV13,3,,General/routine,NATIONAL,M6,
AZE,2023,VITAMINA,1,,General/routine,NATIONAL,M12,
AZE,2023,VITAMINA,2,,General/routine,NATIONAL,M18,
BDI,2023,BCG,1,,General/routine,NATIONAL,B,naissances vivantes
BDI,2023,DTWP,4,B_2YL_W,General/routine,NATIONAL,M18,12-23 mois
BDI,2023,DTWPHIBHEPB,1,,General/routine,NATIONAL,W6,0-11 mois
BDI,2023,DTWPHIBHEPB,2,,General/routine,NATIONAL,W10,0-11 mois
BDI,2023,DTWPHIBHEPB,3,,General/routine,NATIONAL,W14,0-11 mois
BDI,2023,IPV,1,,General/routine,NATIONAL,W14,0-11 mois
BDI,2023,MR,1,,General/routine,NATIONAL,M9,0-23 mois
BDI,2023,MR,2,,General/routine,NATIONAL,M18,0-23 mois
BDI,2023,OPV,1,,General/routine,NATIONAL,B,0-11 mois
BDI,2023,OPV,2,,General/routine,NATIONAL,W6,0-11 mois
BDI,2023,OPV,3,,General/routine,NATIONAL,W10,0-11 mois
BDI,2023,OPV,4,,General/routine,NATIONAL,W14,0-11 mois
BDI,2023,PCV13,1,,General/routine,NATIONAL,W6,0-11 mois
BDI,2023,PCV13,2,,General/routine,NATIONAL,W10,0-11 mois
BDI,2023,PCV13,3,,General/routine,NATIONAL,W14,0-11 mois
BDI,2023,ROTAVIRUS_1,1,,General/routine,NATIONAL,W6,0-11 mois
BDI,2023,ROTAVIRUS_1,2,,General/routine,NATIONAL,W10,0-11 mois
BDI,2023,TD_S,2,ADULTS,Adults,NATIONAL,+M1,1er contact grossesse - femmes en ge de procres
BDI,2023,TD_S,3,ADULTS,Adults,NATIONAL,+M6,1er contact grossesse - femmes en ge de procres
BDI,2023,TD_S,4,ADULTS,Adults,NATIONAL,+Y1,1er contact grossesse - femmes en ge de procres
BDI,2023,TD_S,5,ADULTS,Adults,NATIONAL,+Y1,1er contact grossesse - femmes en ge de procres
BDI,2023,TD_S,1,ADULTS,Adults,NATIONAL,1st contact,1er contact grossesse - femmes en ge de procres
BDI,2023,TD_S,1,PW,Pregnant women,NATIONAL,1st contact,1er contact grossesse - femmes en ge de procres
BDI,2023,TD_S,5,PW,Pregnant women,NATIONAL,+Y1,1er contact grossesse - femmes en ge de procres
BDI,2023,TD_S,4,PW,Pregnant women,NATIONAL,+Y1,1er contact grossesse - femmes en ge de procres
BDI,2023,TD_S,3,PW,Pregnant women,NATIONAL,+M6,1er contact grossesse - femmes en ge de procres
BDI,2023,TD_S,2,PW,Pregnant women,NATIONAL,+M1,1er contact grossesse - femmes en ge de procres
BDI,2023,VITAMINA,1,,General/routine,NATIONAL,M6,6-59 mois
BDI,2023,VITAMINA,2,,General/routine,NATIONAL,M12,6-59 mois
BDI,2023,VITAMINA,3,,General/routine,NATIONAL,M18,6-59 mois
BDI,2023,VITAMINA,4,,General/routine,NATIONAL,M24,6-59 mois
BDI,2023,VITAMINA,5,,General/routine,NATIONAL,M30,6-59 mois
BDI,2023,VITAMINA,6,,General/routine,NATIONAL,M36,6-59 mois
BDI,2023,YF,1,TRAVELLERS,Travellers,NATIONAL,1st contact,voyageurs
BEL,2023,DTAPHIBHEPBIPV,1,,General/routine,NATIONAL,W8,
BEL,2023,DTAPHIBHEPBIPV,2,,General/routine,NATIONAL,W12,
BEL,2023,DTAPHIBHEPBIPV,3,,General/routine,NATIONAL,W16,
BEL,2023,DTAPHIBHEPBIPV,4,B_2YL_W,General/routine,NATIONAL,M15,
BEL,2023,DTAPIPV,5,B_CHILD_W,General/routine,NATIONAL,Y5-Y6,"Y5-Y6 in Wallonia, Y6 in Flanders"
BEL,2023,HEPB_ADULT,1,CATCHUP_C,Catch-up children,NATIONAL,1st contact,"First target group: recommended for newborns of HBsAg+ mothers, half an adult dose, at birth. Second target group: catch-up vaccination for children who weren't vaccinated with Hexyon (schedule and dose varying according to age). Third target group: it is recommended for healthcare workers to be vaccinated against hep B in case they were not vaccinated with the combination vaccine as a child. For them, the vaccine is not reimbursed but costs will usually be covered by the employer."
BEL,2023,HEPB_ADULT,2,CATCHUP_C,Catch-up children,NATIONAL,+M1,"First target group: recommended for newborns of HBsAg+ mothers, half an adult dose, at birth. Second target group: catch-up vaccination for children who weren't vaccinated with Hexyon (schedule and dose varying according to age). Third target group: it is recommended for healthcare workers to be vaccinated against hep B in case they were not vaccinated with the combination vaccine as a child. For them, the vaccine is not reimbursed but costs will usually be covered by the employer."
BEL,2023,HEPB_ADULT,3,CATCHUP_C,Catch-up children,NATIONAL,+M6,"First target group: recommended for newborns of HBsAg+ mothers, half an adult dose, at birth. Second target group: catch-up vaccination for children who weren't vaccinated with Hexyon (schedule and dose varying according to age). Third target group: it is recommended for healthcare workers to be vaccinated against hep B in case they were not vaccinated with the combination vaccine as a child. For them, the vaccine is not reimbursed but costs will usually be covered by the employer."
BEL,2023,HEPB_ADULT,1,HW,Health workers,NATIONAL,1st contact,"First target group: recommended for newborns of HBsAg+ mothers, half an adult dose, at birth. Second target group: catch-up vaccination for children who weren't vaccinated with Hexyon (schedule and dose varying according to age). Third target group: it is recommended for healthcare workers to be vaccinated against hep B in case they were not vaccinated with the combination vaccine as a child. For them, the vaccine is not reimbursed but costs will usually be covered by the employer."
BEL,2023,HEPB_ADULT,2,HW,Health workers,NATIONAL,+M1,"First target group: recommended for newborns of HBsAg+ mothers, half an adult dose, at birth. Second target group: catch-up vaccination for children who weren't vaccinated with Hexyon (schedule and dose varying according to age). Third target group: it is recommended for healthcare workers to be vaccinated against hep B in case they were not vaccinated with the combination vaccine as a child. For them, the vaccine is not reimbursed but costs will usually be covered by the employer."
BEL,2023,HEPB_ADULT,3,HW,Health workers,NATIONAL,+M6,"First target group: recommended for newborns of HBsAg+ mothers, half an adult dose, at birth. Second target group: catch-up vaccination for children who weren't vaccinated with Hexyon (schedule and dose varying according to age). Third target group: it is recommended for healthcare workers to be vaccinated against hep B in case they were not vaccinated with the combination vaccine as a child. For them, the vaccine is not reimbursed but costs will usually be covered by the employer."
BEL,2023,HEPB_PEDIATRIC,1,RISKGROUPS,Risk group(s),NATIONAL,B,"First target group: recommended for newborns of HBsAg+ mothers, half an adult dose, at birth. Second target group: catch-up vaccination for children who weren't vaccinated with Hexyon (schedule and dose varying according to age). Third target group: it is recommended for healthcare workers to be vaccinated against hep B in case they were not vaccinated with the combination vaccine as a child. For them, the vaccine is not reimbursed but costs will usually be covered by the employer."
BEL,2023,HPV9,1,BOTH,HPV administered to females and males,NATIONAL,Y12-Y14,"Y12 in Flanders, Y13-Y14 in Wallonia. For both males and females."
BEL,2023,HPV9,2,BOTH,HPV administered to females and males,NATIONAL,+M6,"Y12 in Flanders, Y13-Y14 in Wallonia. For both males and females."
BEL,2023,INFLUENZA_ADULT,1,ADULTS,Adults,NATIONAL,>=Y65,"The guidelines recommend vaccination for those ³65 years of age. This age group takes priority group for receiving influenza vaccine; the guidelines also mention explicitly that, thereafter and depending on the availability of the vaccine, the flu vaccine is useful for healthy persons aged 50 and older."
BEL,2023,INFLUENZA_ADULT,1,HW,Health workers,NATIONAL,,Health and care workers
BEL,2023,INFLUENZA_ADULT,1,PW,Pregnant women,NATIONAL,,Pregnant women
BEL,2023,INFLUENZA_ADULT,1,RISKGROUPS,Risk group(s),NATIONAL,,"Adults with chronic conditions, residents living in long-term care facilities, other groups"
BEL,2023,INFLUENZA_PEDIATRIC,1,RISKGROUPS,Risk group(s),NATIONAL,,Children with chronic conditions
BEL,2023,IPV,1,CATCHUP_C,Catch-up children,NATIONAL,<M18,vaccination x3 doses with 1 month interval (<18 months) in case no hexavalent is given)
BEL,2023,IPV,2,CATCHUP_C,Catch-up children,NATIONAL,+M1,vaccination x3 doses with 1 month interval (<18 months) in case no hexavalent is given)
BEL,2023,IPV,3,CATCHUP_C,Catch-up children,NATIONAL,+M1,vaccination x3 doses with 1 month interval (<18 months) in case no hexavalent is given)
BEL,2023,IPV,1,RISKGROUPS,Risk group(s),NATIONAL,1st contact,"Asylumnseekers asap after arrival: <5 months normal schedule, >5 months catch-up vaccination"
BEL,2023,MEN_ACYW_135CONJ,1,,General/routine,NATIONAL,M15,"This vaccine replaced Men C in the schedule, starting from August 2023 in Flanders and September 2023 in Wallonia/Brussels"
BEL,2023,MEN_ACYW_135CONJ,2,,General/routine,NATIONAL,Y15,
BEL,2023,MEN_C_CONJ,1,,General/routine,NATIONAL,M15,This vaccine was in the schedule until July 2023 in Flanders and August 2023 in Wallonia/Brussels. Afterwards the schedule was changed to Men ACYW.
BEL,2023,MMR,1,,General/routine,NATIONAL,M12,2nd dose: Y9-10 in Flanders; Wallonia: 2 cohorts for the last 4 years due to the change of age in the schedule Y7-Y8 + Y11-Y12 (from sept 2024 only Y7-Y8).
BEL,2023,MMR,2,,General/routine,NATIONAL,Y7-Y12,2nd dose: Y9-10 in Flanders; Wallonia: 2 cohorts for the last 4 years due to the change of age in the schedule Y7-Y8 + Y11-Y12 (from sept 2024 only Y7-Y8).
BEL,2023,MPOX,1,RISKGROUPS,Risk group(s),SUBNATIONAL,1st contact,"During 2022, following the outbreak, it was possible for at risk groups to get vaccinated (full NITAG recommendation: https://www.hgr-css.be/file/download/8fe2ee8e-2d1b-42cb-b633-347398576d66/hGTUOQaHTrGqDcF6XmGLVzTuq9LSbnRlW7sP3RQ3d.pdf). The Flemish regional government decided to stop the vaccination campaign after December 2022 and in 2023 it was not possible to get the mpox vaccine in Flanders, but preventive vaccination was still possible in Wallonia and Brussels for high risk groups."
BEL,2023,PCV_15_VALENT,1,,General/routine,NATIONAL,W8,"Since January 2023 either PCV13 or PCV15 can be used, without preference. PCV15 is not free however, while PCV13 is."
BEL,2023,PCV_15_VALENT,2,,General/routine,NATIONAL,W16,"Since January 2023 either PCV13 or PCV15 can be used, without preference. PCV15 is not free however, while PCV13 is."
BEL,2023,PCV_15_VALENT,3,,General/routine,NATIONAL,M12,"Since January 2023 either PCV13 or PCV15 can be used, without preference. PCV15 is not free however, while PCV13 is."
BEL,2023,PCV13,1,,General/routine,NATIONAL,W8,
BEL,2023,PCV13,2,,General/routine,NATIONAL,W16,
BEL,2023,PCV13,3,,General/routine,NATIONAL,M12,
BEL,2023,PCV13,1,RISKGROUPS,Risk group(s),NATIONAL,,Children born before 37w of gestation get an extra dose at 12 weeks
BEL,2023,PCV20,1,ADULTS,Adults,NATIONAL,Y65,"Different schedule depending on age, risk factors and which vaccines were given in the past. Please find the guidelines here: https://www.health.belgium.be/sites/default/files/uploads/fields/fpshealth_theme_file/20220908_css-9674_pneumo_vweb.pdf"
BEL,2023,PCV20,1,RISKGROUPS,Risk group(s),NATIONAL,,"Different schedule depending on age, risk factors and which vaccines were given in the past. Please find the guidelines here: https://www.health.belgium.be/sites/default/files/uploads/fields/fpshealth_theme_file/20220908_css-9674_pneumo_vweb.pdf"
BEL,2023,PPV23,1,ADULTS,Adults,NATIONAL,Y65,"Different schedule depending on age, risk factors and which vaccines were given in the past. Please find the guidelines here: https://www.health.belgium.be/sites/default/files/uploads/fields/fpshealth_theme_file/20220908_css-9674_pneumo_vweb.pdf"
BEL,2023,PPV23,1,RISKGROUPS,Risk group(s),NATIONAL,,"Different schedule depending on age, risk factors and which vaccines were given in the past. Please find the guidelines here: https://www.health.belgium.be/sites/default/files/uploads/fields/fpshealth_theme_file/20220908_css-9674_pneumo_vweb.pdf"
BEL,2023,ROTAVIRUS_1,1,,General/routine,NATIONAL,W8,Both RV-1 and RV-5 used; vaccination is recommended but not free (not in programme - partially reimbursed)
BEL,2023,ROTAVIRUS_1,2,,General/routine,NATIONAL,W12,Both RV-1 and RV-5 used; vaccination is recommended but not free (not in programme - partially reimbursed)
BEL,2023,ROTAVIRUS_5,1,,General/routine,NATIONAL,W8,Both RV-1 and RV-5 used; vaccination is recommended but not free (not in programme - partially reimbursed)
BEL,2023,ROTAVIRUS_5,2,,General/routine,NATIONAL,W12,Both RV-1 and RV-5 used; vaccination is recommended but not free (not in programme - partially reimbursed)
BEL,2023,ROTAVIRUS_5,3,,General/routine,NATIONAL,W16,Both RV-1 and RV-5 used; vaccination is recommended but not free (not in programme - partially reimbursed)
BEL,2023,TDAP_S,1,ADULTS,Adults,NATIONAL,Y25,Adults Y25 and booster every 10 years after that. Pregnant women (each pregnancy) and their close environment (cocoon vaccination)
BEL,2023,TDAP_S,2,ADULTS,Adults,NATIONAL,+Y10,Adults Y25 and booster every 10 years after that. Pregnant women (each pregnancy) and their close environment (cocoon vaccination)
BEL,2023,TDAP_S,3,ADULTS,Adults,NATIONAL,+Y10,Adults Y25 and booster every 10 years after that. Pregnant women (each pregnancy) and their close environment (cocoon vaccination)
BEL,2023,TDAP_S,4,ADULTS,Adults,NATIONAL,+Y10,Adults Y25 and booster every 10 years after that. Pregnant women (each pregnancy) and their close environment (cocoon vaccination)
BEL,2023,TDAP_S,5,ADULTS,Adults,NATIONAL,+Y10,Adults Y25 and booster every 10 years after that. Pregnant women (each pregnancy) and their close environment (cocoon vaccination)
BEL,2023,TDAP_S,6,ADULTS,Adults,NATIONAL,+Y10,Adults Y25 and booster every 10 years after that. Pregnant women (each pregnancy) and their close environment (cocoon vaccination)
BEL,2023,TDAP_S,6,B_ADO_W,General/routine,NATIONAL,Y14-Y16,Y14 in Flanders and Y15-Y16 in Wallonia
BEL,2023,TDAP_S,1,PW,Pregnant women,NATIONAL,,Adults Y25 and booster every 10 years after that. Pregnant women (each pregnancy) and their close environment (cocoon vaccination)
BEN,2023,BCG,1,,General/routine,NATIONAL,B,0-11 mois
BEN,2023,DTWPHIBHEPB,1,,General/routine,NATIONAL,W6,Survivants
BEN,2023,DTWPHIBHEPB,2,,General/routine,NATIONAL,W10,Survivants
BEN,2023,DTWPHIBHEPB,3,,General/routine,NATIONAL,W14,Survivants
BEN,2023,HEPB_PEDIATRIC,1,,General/routine,NATIONAL,B,Dans 24 premire heures de la naissance
BEN,2023,IPV,1,,General/routine,NATIONAL,W14,Survivants
BEN,2023,MEN_A_CONJ,1,,General/routine,NATIONAL,M9,Survivants
BEN,2023,MR,1,,General/routine,NATIONAL,M9,Survivants
BEN,2023,OPV,1,,General/routine,NATIONAL,B,0-11 mois
BEN,2023,OPV,2,,General/routine,NATIONAL,W6,0-11 mois
BEN,2023,OPV,3,,General/routine,NATIONAL,W10,0-11 mois
BEN,2023,OPV,4,,General/routine,NATIONAL,W14,0-11 mois
BEN,2023,PCV13,1,,General/routine,NATIONAL,W6,Survivants
BEN,2023,PCV13,2,,General/routine,NATIONAL,W10,Survivants
BEN,2023,PCV13,3,,General/routine,NATIONAL,W14,Survivants
BEN,2023,ROTAVIRUS_1,1,,General/routine,NATIONAL,W6,Survivants
BEN,2023,ROTAVIRUS_1,2,,General/routine,NATIONAL,W10,Survivants
BEN,2023,ROTAVIRUS_1,3,,General/routine,NATIONAL,W14,Survivants
BEN,2023,TD_S,1,PW,Pregnant women,NATIONAL,1st contact,femmes enceintes
BEN,2023,TD_S,2,PW,Pregnant women,NATIONAL,+M1,femmes enceintes
BEN,2023,TD_S,3,PW,Pregnant women,NATIONAL,+M6,femmes enceintes
BEN,2023,TD_S,4,PW,Pregnant women,NATIONAL,+Y1,femmes enceintes
BEN,2023,TD_S,5,PW,Pregnant women,NATIONAL,+Y1,femmes enceintes
BEN,2023,YF,1,,General/routine,NATIONAL,M9,Survivants
BFA,2023,BCG,1,,General/routine,NATIONAL,B,Naissance vivante
BFA,2023,DTWPHIBHEPB,1,,General/routine,NATIONAL,W8,0-11 mois
BFA,2023,DTWPHIBHEPB,2,,General/routine,NATIONAL,W12,0-11 mois
BFA,2023,DTWPHIBHEPB,3,,General/routine,NATIONAL,W16,0-11 mois
BFA,2023,HEPB_PEDIATRIC,1,,General/routine,NATIONAL,B,Naissance vivante
BFA,2023,HPV4,1,FEMALE,HPV for females only,NATIONAL,Y9,Filles de 9 ans
BFA,2023,IPV,1,,General/routine,NATIONAL,W16,0-11 mois
BFA,2023,IPV,2,,General/routine,NATIONAL,M9,0-11 mois
BFA,2023,MEN_A_CONJ,1,,General/routine,NATIONAL,M15,12-23 mois
BFA,2023,MR,1,,General/routine,NATIONAL,M9,0-11 mois et 15-18 mois
BFA,2023,MR,2,,General/routine,NATIONAL,M15,0-11 mois et 15-18 mois
BFA,2023,OPV,1,,General/routine,NATIONAL,B,0-11 mois
BFA,2023,OPV,2,,General/routine,NATIONAL,W8,0-11 mois
BFA,2023,OPV,3,,General/routine,NATIONAL,W12,0-11 mois
BFA,2023,OPV,4,,General/routine,NATIONAL,W16,0-11 mois
BFA,2023,PCV13,1,,General/routine,NATIONAL,W8,0-11 mois
BFA,2023,PCV13,2,,General/routine,NATIONAL,W16,0-11 mois
BFA,2023,PCV13,3,,General/routine,NATIONAL,M9,0-11 mois
BFA,2023,ROTAVIRUS_5,1,,General/routine,NATIONAL,W8,0-11 mois
BFA,2023,ROTAVIRUS_5,2,,General/routine,NATIONAL,W12,0-11 mois
BFA,2023,ROTAVIRUS_5,3,,General/routine,NATIONAL,W16,0-11 mois
BFA,2023,TD_S,1,ADULTS,Adults,NATIONAL,1st contact,1er contact grossesse - femmes enceintes et femmes en ge de reproduction
BFA,2023,TD_S,2,ADULTS,Adults,NATIONAL,+M1,1er contact grossesse - femmes enceintes et femmes en ge de reproduction
BFA,2023,TD_S,3,ADULTS,Adults,NATIONAL,+M6,1er contact grossesse - femmes enceintes et femmes en ge de reproduction
BFA,2023,TD_S,5,ADULTS,Adults,NATIONAL,+Y2,1er contact grossesse - femmes enceintes et femmes en ge de reproduction
BFA,2023,TD_S,4,ADULTS,Adults,NATIONAL,+Y1,1er contact grossesse - femmes enceintes et femmes en ge de reproduction
BFA,2023,TD_S,4,,General/routine,NATIONAL,+Y1,1er contact grossesse - femmes enceintes et femmes en ge de reproduction
BFA,2023,TD_S,5,,General/routine,NATIONAL,+Y2,1er contact grossesse - femmes enceintes et femmes en ge de reproduction
BFA,2023,TD_S,3,,General/routine,NATIONAL,+M6,1er contact grossesse - femmes enceintes et femmes en ge de reproduction
BFA,2023,TD_S,2,,General/routine,NATIONAL,+M1,1er contact grossesse - femmes enceintes et femmes en ge de reproduction
BFA,2023,TD_S,1,,General/routine,NATIONAL,1st contact,1er contact grossesse - femmes enceintes et femmes en ge de reproduction
BFA,2023,TD_S,2,PW,Pregnant women,NATIONAL,+M1,1er contact grossesse - femmes enceintes et femmes en ge de reproduction
BFA,2023,TD_S,1,PW,Pregnant women,NATIONAL,1st contact,1er contact grossesse - femmes enceintes et femmes en ge de reproduction
BFA,2023,TD_S,3,PW,Pregnant women,NATIONAL,+M6,1er contact grossesse - femmes enceintes et femmes en ge de reproduction
BFA,2023,TD_S,4,PW,Pregnant women,NATIONAL,+Y1,1er contact grossesse - femmes enceintes et femmes en ge de reproduction
BFA,2023,TD_S,5,PW,Pregnant women,NATIONAL,+Y2,1er contact grossesse - femmes enceintes et femmes en ge de reproduction
BFA,2023,VITAMINA,1,,General/routine,NATIONAL,M6,6-59 mois
BFA,2023,VITAMINA,2,,General/routine,NATIONAL,M12,6-59 mois
BFA,2023,YF,1,,General/routine,NATIONAL,M9,0-11 mois
BGD,2023,BCG,1,,General/routine,NATIONAL,B,<1 year children
BGD,2023,DTWPHIBHEPB,3,,General/routine,NATIONAL,W14,<1 year children
BGD,2023,DTWPHIBHEPB,1,,General/routine,NATIONAL,W6,<1 year children
BGD,2023,DTWPHIBHEPB,2,,General/routine,NATIONAL,W10,<1 year children
BGD,2023,IPV_FRAC,1,,General/routine,NATIONAL,W6,Fractional dose
BGD,2023,IPV_FRAC,3,,General/routine,NATIONAL,W14,Fractional dose
BGD,2023,MR,1,,General/routine,NATIONAL,W38,<1 year children;  15-18m children
BGD,2023,MR,2,,General/routine,NATIONAL,M15,<1 year children;  15-18m children
BGD,2023,OPV,1,,General/routine,NATIONAL,W6,<1 year children
BGD,2023,OPV,2,,General/routine,NATIONAL,W10,<1 year children
BGD,2023,OPV,3,,General/routine,NATIONAL,W14,<1 year children
BGD,2023,PCV10,1,,General/routine,NATIONAL,W6,<1 year children
BGD,2023,PCV10,2,,General/routine,NATIONAL,W10,<1 year children
BGD,2023,PCV10,3,,General/routine,NATIONAL,W14,<1 year children
BGD,2023,TD_S,5,ADULTS,Adults,NATIONAL,+Y1,Recommended from 15-49 years of age (WCBA) and all pregnant women without previous Td vaccination receive two doses of Td vaccine in one month interval
BGD,2023,TD_S,3,ADULTS,Adults,NATIONAL,+M6,Recommended from 15-49 years of age (WCBA) and all pregnant women without previous Td vaccination receive two doses of Td vaccine in one month interval
BGD,2023,TD_S,4,ADULTS,Adults,NATIONAL,+Y1,Recommended from 15-49 years of age (WCBA) and all pregnant women without previous Td vaccination receive two doses of Td vaccine in one month interval
BGD,2023,TD_S,1,ADULTS,Adults,NATIONAL,Y15-Y49,Recommended from 15-49 years of age (WCBA) and all pregnant women without previous Td vaccination receive two doses of Td vaccine in one month interval
BGD,2023,TD_S,2,ADULTS,Adults,NATIONAL,+M1,Recommended from 15-49 years of age (WCBA) and all pregnant women without previous Td vaccination receive two doses of Td vaccine in one month interval
BGD,2023,TD_S,1,,General/routine,NATIONAL,Y15-Y49,Recommended from 15-49 years of age (WCBA) and all pregnant women without previous Td vaccination receive two doses of Td vaccine in one month interval
BGD,2023,TD_S,2,,General/routine,NATIONAL,+M1,Recommended from 15-49 years of age (WCBA) and all pregnant women without previous Td vaccination receive two doses of Td vaccine in one month interval
BGD,2023,TD_S,5,,General/routine,NATIONAL,+Y1,Recommended from 15-49 years of age (WCBA) and all pregnant women without previous Td vaccination receive two doses of Td vaccine in one month interval
BGD,2023,TD_S,4,,General/routine,NATIONAL,+Y1,Recommended from 15-49 years of age (WCBA) and all pregnant women without previous Td vaccination receive two doses of Td vaccine in one month interval
BGD,2023,TD_S,3,,General/routine,NATIONAL,+M6,Recommended from 15-49 years of age (WCBA) and all pregnant women without previous Td vaccination receive two doses of Td vaccine in one month interval
BGD,2023,TD_S,2,PW,Pregnant women,NATIONAL,+M1,Recommended from 15-49 years of age (WCBA) and all pregnant women without previous Td vaccination receive two doses of Td vaccine in one month interval
BGD,2023,TD_S,1,PW,Pregnant women,NATIONAL,1st contact,Recommended from 15-49 years of age (WCBA) and all pregnant women without previous Td vaccination receive two doses of Td vaccine in one month interval
BGD,2023,VITAMINA,1,,General/routine,NATIONAL,M6-M59,6-59 months children
BGR,2023,BCG,1,,General/routine,NATIONAL,B,
BGR,2023,BCG,2,,General/routine,NATIONAL,M7,
BGR,2023,BCG,3,,General/routine,NATIONAL,Y7,
BGR,2023,CCHF,1,RISKGROUPS,Risk group(s),SUBNATIONAL,,Health facility staff in endemic regions
BGR,2023,DTAPHIBHEPBIPV,1,,General/routine,NATIONAL,M2,
BGR,2023,DTAPHIBHEPBIPV,2,,General/routine,NATIONAL,M3,
BGR,2023,DTAPHIBHEPBIPV,3,,General/routine,NATIONAL,M4,
BGR,2023,DTAPHIBIPV,1,,General/routine,NATIONAL,M2,
BGR,2023,DTAPHIBIPV,2,,General/routine,NATIONAL,M3,
BGR,2023,DTAPHIBIPV,3,,General/routine,NATIONAL,M4,
BGR,2023,DTAPHIBIPV,4,B_2YL_W,General/routine,NATIONAL,M16,
BGR,2023,DTAPIPV,5,B_CHILD_W,General/routine,NATIONAL,Y6,
BGR,2023,HEPB_PEDIATRIC,1,,General/routine,NATIONAL,B,Immunization against Hepatitis B is part of National Im schedule. If monovalent vaccine is used the scheme is 0-1-6 months. Is hexavalent vaccine is used the scheme is described below. Regardless the used vaccine the first dose within 24 hours after birth is obligatory.
BGR,2023,HEPB_PEDIATRIC,2,,General/routine,NATIONAL,M1,Immunization against Hepatitis B is part of National Im schedule. If monovalent vaccine is used the scheme is 0-1-6 months. Is hexavalent vaccine is used the scheme is described below. Regardless the used vaccine the first dose within 24 hours after birth is obligatory.
BGR,2023,HEPB_PEDIATRIC,3,,General/routine,NATIONAL,M6,Immunization against Hepatitis B is part of National Im schedule. If monovalent vaccine is used the scheme is 0-1-6 months. Is hexavalent vaccine is used the scheme is described below. Regardless the used vaccine the first dose within 24 hours after birth is obligatory.
BGR,2023,HPV9,1,FEMALE,HPV for females only,NATIONAL,Y10-Y13,9 valent vaccine administered; females only aged 10-13 years in line with National program for primary prophylaxis of cervical cancer 2021-2024
BGR,2023,HPV9,2,FEMALE,HPV for females only,NATIONAL,+M6,9 valent vaccine administered; females only aged 10-13 years in line with National program for primary prophylaxis of cervical cancer 2021-2024
BGR,2023,INFLUENZA_ADULT,1,ADULTS,Adults,NATIONAL,>Y18,and older persons >65 years
BGR,2023,INFLUENZA_ADULT,1,HW,Health workers,NATIONAL,,Health and care workers
BGR,2023,INFLUENZA_ADULT,1,RISKGROUPS,Risk group(s),NATIONAL,,"Adults with chronic conditions, residents living in long-term care facilities, other groups"
BGR,2023,INFLUENZA_PEDIATRIC,1,,General/routine,NATIONAL,>=M6,
BGR,2023,INFLUENZA_PEDIATRIC,1,RISKGROUPS,Risk group(s),NATIONAL,,Children with chronic conditions
BGR,2023,MMR,1,,General/routine,NATIONAL,M13,
BGR,2023,MMR,2,,General/routine,NATIONAL,Y12,
BGR,2023,PCV10,1,,General/routine,NATIONAL,M2,
BGR,2023,PCV10,2,,General/routine,NATIONAL,M4,
BGR,2023,PCV10,3,,General/routine,NATIONAL,M12,
BGR,2023,RABIES,1,RISKGROUPS,Risk group(s),NATIONAL,,As post-exposure prophylaxis
BGR,2023,ROTAVIRUS_1,1,,General/routine,NATIONAL,W6,1 and 5 valent vaccine administered; the vaccines are free of charge for newbornes in line with National program for control and treatment of rotavirus infections 2017-2021
BGR,2023,ROTAVIRUS_1,2,,General/routine,NATIONAL,W10-W24,1 and 5 valent vaccine administered; the vaccines are free of charge for newbornes in line with National program for control and treatment of rotavirus infections 2017-2021
BGR,2023,ROTAVIRUS_5,1,,General/routine,NATIONAL,W6,1 and 5 valent vaccine administered; the vaccines are free of charge for newbornes in line with National program for control and treatment of rotavirus infections 2017-2021
BGR,2023,ROTAVIRUS_5,2,,General/routine,NATIONAL,W10-W24,1 and 5 valent vaccine administered; the vaccines are free of charge for newbornes in line with National program for control and treatment of rotavirus infections 2017-2021
BGR,2023,ROTAVIRUS_5,3,,General/routine,NATIONAL,W20-W32,1 and 5 valent vaccine administered; the vaccines are free of charge for newbornes in line with National program for control and treatment of rotavirus infections 2017-2021
BGR,2023,TD_S,2,ADULTS,Adults,NATIONAL,Y25,
BGR,2023,TD_S,3,ADULTS,Adults,NATIONAL,Y35,
BGR,2023,TD_S,4,ADULTS,Adults,NATIONAL,Y45,
BGR,2023,TD_S,5,ADULTS,Adults,NATIONAL,Y55,
BGR,2023,TD_S,6,ADULTS,Adults,NATIONAL,Y65,
BGR,2023,TD_S,1,,General/routine,NATIONAL,Y17,
BGR,2023,TDAP_S,6,B_ADO_W,General/routine,NATIONAL,Y12,
BHR,2023,BCG,1,RISKGROUPS,Risk group(s),NATIONAL,B,Infants born to parents (or other household close contact) originally from TB endemic areas and with current smears positive of pulmonary TB
BHR,2023,CHOLERA,1,RISKGROUPS,Risk group(s),NATIONAL,,Given in certain emergency situations for relief workers (military workers travelling to at risk countries)
BHR,2023,CHOLERA,1,TRAVELLERS,Travellers,NATIONAL,,Given in certain emergency situations for relief workers (military workers travelling to at risk countries)
BHR,2023,DT,1,RISKGROUPS,Risk group(s),NATIONAL,M2,Children with contraindications or allergic to Pertussis component of the vaccine
BHR,2023,DT,2,RISKGROUPS,Risk group(s),NATIONAL,M4,Children with contraindications or allergic to Pertussis component of the vaccine
BHR,2023,DT,3,RISKGROUPS,Risk group(s),NATIONAL,M6,Children with contraindications or allergic to Pertussis component of the vaccine
BHR,2023,DT,4,RISKGROUPS,Risk group(s),NATIONAL,M18,Children with contraindications or allergic to Pertussis component of the vaccine
BHR,2023,DT,5,RISKGROUPS,Risk group(s),NATIONAL,Y4,Children with contraindications or allergic to Pertussis component of the vaccine
BHR,2023,DTAPHIBHEPBIPV,1,,General/routine,NATIONAL,M2,Routine childhood vaccine given at age of 2 and 4 months
BHR,2023,DTAPHIBHEPBIPV,2,,General/routine,NATIONAL,M4,Routine childhood vaccine given at age of 2 and 4 months
BHR,2023,DTAPIPV,5,B_CHILD_W,General/routine,NATIONAL,Y4-Y5,Routine childhood vaccine  given to hildren at age of 4-5 years (preschool entry)
BHR,2023,DTWPHIBHEPB,3,,General/routine,NATIONAL,M6,Routine childhood vaccine given at age of 6 months and at the age of 18 months
BHR,2023,DTWPHIBHEPB,4,B_2YL_W,General/routine,NATIONAL,M18,Routine childhood vaccine given at age of 6 months and at the age of 18 months
BHR,2023,HEPA_ADULT,1,RISKGROUPS,Risk group(s),NATIONAL,,"High risk groups, certain occupations at risk, travellers"
BHR,2023,HEPA_ADULT,1,TRAVELLERS,Travellers,NATIONAL,,"High risk groups, certain occupations at risk, travellers"
BHR,2023,HEPA_PEDIATRIC,1,CATCHUP_C,Catch-up children,NATIONAL,Y12,Completion of 2 doses of HepA vaccine checked for school students at 12 and 13 years as last school catch-up campaign done in 2016/17 academic year
BHR,2023,HEPA_PEDIATRIC,2,CATCHUP_C,Catch-up children,NATIONAL,Y13,Completion of 2 doses of HepA vaccine checked for school students at 12 and 13 years as last school catch-up campaign done in 2016/17 academic year
BHR,2023,HEPA_PEDIATRIC,1,,General/routine,NATIONAL,M15,and completion of 2 doses of HepA vaccine checked for school students at 12 and 13 years as last school catch-up campaign done in 2016/17 academic year
BHR,2023,HEPA_PEDIATRIC,2,,General/routine,NATIONAL,Y2,and completion of 2 doses of HepA vaccine checked for school students at 12 and 13 years as last school catch-up campaign done in 2016/17 academic year
BHR,2023,HEPB_ADULT,1,HW,Health workers,NATIONAL,,"High risk groups, certain occupations at risk including HCW, college students"
BHR,2023,HEPB_ADULT,1,RISKGROUPS,Risk group(s),NATIONAL,,"High risk groups, certain occupations at risk including HCW, college students"
BHR,2023,HEPB_PEDIATRIC,1,,General/routine,NATIONAL,B,
BHR,2023,HIB,5,RISKGROUPS,Risk group(s),NATIONAL,Y5,"Given as single dose for >5 years children with sickle cell disease, anatomical and/or surgical asplenia, post bone marrow transplant, certain cancer after finishing treatment"
BHR,2023,HPV9,1,BOTH,HPV administered to females and males,NATIONAL,Y12-Y13,"Started administration of the vaccine to target group (boys and girls aged 12-13 years) as part of school vaccination campaign since October 2023. In addition, the vaccine is also available in the private sector for people requesting it."
BHR,2023,HPV9,2,BOTH,HPV administered to females and males,NATIONAL,+M6-M12,"Started administration of the vaccine to target group (boys and girls aged 12-13 years) as part of school vaccination campaign since October 2023. In addition, the vaccine is also available in the private sector for people requesting it."
BHR,2023,INFLUENZA_ADULT,1,ADULTS,Adults,NATIONAL,>=Y50,
BHR,2023,INFLUENZA_ADULT,1,HW,Health workers,NATIONAL,,Health and care workers
BHR,2023,INFLUENZA_ADULT,1,PW,Pregnant women,NATIONAL,,Pregnant women
BHR,2023,INFLUENZA_ADULT,1,RISKGROUPS,Risk group(s),NATIONAL,,"Adults with chronic conditions, residents living in long-term care facilities, other groups"
BHR,2023,INFLUENZA_PEDIATRIC,2,,General/routine,NATIONAL,Y10-Y19,
BHR,2023,INFLUENZA_PEDIATRIC,1,,General/routine,NATIONAL,<=Y9,
BHR,2023,INFLUENZA_PEDIATRIC,1,RISKGROUPS,Risk group(s),NATIONAL,,Children with chronic conditions
BHR,2023,IPV,1,RISKGROUPS,Risk group(s),NATIONAL,M2,Immunocompromised and their households
BHR,2023,IPV,2,RISKGROUPS,Risk group(s),NATIONAL,M4,Immunocompromised and their households
BHR,2023,IPV,3,RISKGROUPS,Risk group(s),NATIONAL,M6,Immunocompromised and their households
BHR,2023,IPV,4,RISKGROUPS,Risk group(s),NATIONAL,M18,Immunocompromised and their households
BHR,2023,IPV,5,RISKGROUPS,Risk group(s),NATIONAL,Y5,Immunocompromised and their households
BHR,2023,MEN_ACYW_135CONJ,1,,General/routine,NATIONAL,Y2,Routine childhood vaccine.
BHR,2023,MEN_ACYW_135CONJ,1,HW,Health workers,NATIONAL,,"Given to high risk groups, HCWs and to travelers to Holly places, meningitis belt countries and countries reporting outbreak"
BHR,2023,MEN_ACYW_135CONJ,1,RISKGROUPS,Risk group(s),NATIONAL,,"Given to high risk groups, HCWs and to travelers to Holly places, meningitis belt countries and countries reporting outbreak"
BHR,2023,MEN_ACYW_135CONJ,1,TRAVELLERS,Travellers,NATIONAL,,"Given to high risk groups, HCWs and to travelers to Holly places, meningitis belt countries and countries reporting outbreak"
BHR,2023,MMR,1,,General/routine,NATIONAL,M12,"Routine childhood vaccine, given at the age of 12 and 18 months."
BHR,2023,MMR,2,,General/routine,NATIONAL,M18,"Routine childhood vaccine, given at the age of 12 and 18 months."
BHR,2023,MMR,1,HW,Health workers,NATIONAL,,"Given for non-immune women at reproductive age group discovered during premarital counselling, postnatally for non-immune women discovered during antenatal screening, those discovered during preschool screening (without 2 valid MMR doses), if cases identified in a residency blocks, travellers to endemic countries and Hajj Pilgrims, healthcare workers."
BHR,2023,MMR,1,RISKGROUPS,Risk group(s),NATIONAL,,"Given for non-immune women at reproductive age group discovered during premarital counselling, postnatally for non-immune women discovered during antenatal screening, those discovered during preschool screening (without 2 valid MMR doses), if cases identified in a residency blocks, travellers to endemic countries and Hajj Pilgrims, healthcare workers."
BHR,2023,MMR,1,TRAVELLERS,Travellers,NATIONAL,,"Given for non-immune women at reproductive age group discovered during premarital counselling, postnatally for non-immune women discovered during antenatal screening, those discovered during preschool screening (without 2 valid MMR doses), if cases identified in a residency blocks, travellers to endemic countries and Hajj Pilgrims, healthcare workers."
BHR,2023,OPV,2,,General/routine,NATIONAL,M4,Routine childhood vaccine and also provided to travellers to polio endemic countries
BHR,2023,OPV,3,,General/routine,NATIONAL,M6,Routine childhood vaccine and also provided to travellers to polio endemic countries
BHR,2023,OPV,4,,General/routine,NATIONAL,M18,Routine childhood vaccine and also provided to travellers to polio endemic countries
BHR,2023,OPV,5,,General/routine,NATIONAL,Y5,Routine childhood vaccine and also provided to travellers to polio endemic countries
BHR,2023,OPV,1,TRAVELLERS,Travellers,NATIONAL,,Travellers to polio endemic countries
BHR,2023,PCV13,1,ADULTS,Adults,NATIONAL,>=Y50,"Routine childhood vaccine given at 2 months, 4 months of age and the last dose (booster) at 15 months. Additional dose is given at 6 months of age for certain high risk groups. A single dose for adults at age of >=50 years and for high risk groups at age 5-50 years if unvaccinated before."
BHR,2023,PCV13,2,,General/routine,NATIONAL,M4,"Routine childhood vaccine given at 2 months, 4 months of age and the last dose (booster) at 15 months. Additional dose is given at 6 months of age for certain high risk groups. A single dose for adults at age of >=50 years and for high risk groups at age 5-50 years if unvaccinated before."
BHR,2023,PCV13,3,,General/routine,NATIONAL,M15,"Routine childhood vaccine given at 2 months, 4 months of age and the last dose (booster) at 15 months. Additional dose is given at 6 months of age for certain high risk groups. A single dose for adults at age of >=50 years and for high risk groups at age 5-50 years if unvaccinated before."
BHR,2023,PCV13,1,,General/routine,NATIONAL,M2,"Routine childhood vaccine given at 2 months, 4 months of age and the last dose (booster) at 15 months. Additional dose is given at 6 months of age for certain high risk groups. A single dose for adults at age of >=50 years and for high risk groups at age 5-50 years if unvaccinated before."
BHR,2023,PCV13,1,RISKGROUPS,Risk group(s),NATIONAL,Y5-Y50,"Routine childhood vaccine given at 2 months, 4 months of age and the last dose (booster) at 15 months. Additional dose is given at 6 months of age for certain high risk groups. A single dose for adults at age of >=50 years and for high risk groups at age 5-50 years if unvaccinated before."
BHR,2023,PCV13,3,RISKGROUPS,Risk group(s),NATIONAL,M6,"Routine childhood vaccine given at 2 months, 4 months of age and the last dose (booster) at 15 months. Additional dose is given at 6 months of age for certain high risk groups. A single dose for adults at age of >=50 years and for high risk groups at age 5-50 years if unvaccinated before."
BHR,2023,PPV23,1,ADULTS,Adults,NATIONAL,>=Y65,"Routine vaccine for those at age of 65 years and above.  Also, given to high risk groups from age of 2 years and above as a single dose and for certain risk categories revaccination dose given after 5 years."
BHR,2023,PPV23,1,RISKGROUPS,Risk group(s),NATIONAL,>=Y2,"Routine vaccine for those at age of 65 years and above.  Also, given to high risk groups from age of 2 years and above as a single dose and for certain risk categories revaccination dose given after 5 years. for certain risk categories revaccination dose after 5 years"
BHR,2023,PPV23,2,RISKGROUPS,Risk group(s),NATIONAL,+Y5,"Routine vaccine for those at age of 65 years and above.  Also, given to high risk groups from age of 2 years and above as a single dose and for certain risk categories revaccination dose given after 5 years. for certain risk categories revaccination dose after 5 years"
BHR,2023,ROTAVIRUS_1,1,,General/routine,NATIONAL,M2,Routine childhood vaccine
BHR,2023,ROTAVIRUS_1,2,,General/routine,NATIONAL,M4,Routine childhood vaccine
BHR,2023,TD_S,6,,General/routine,NATIONAL,>=Y7,"The vaccine is administered to defaulters children > 7 years of age, if they miss any of the routine doses of the TD containing vaccine."
BHR,2023,TD_S,1,PW,Pregnant women,NATIONAL,,"Pregnant women, in case of injury, certain occupations at risk and others at risk of exposure"
BHR,2023,TD_S,1,RISKGROUPS,Risk group(s),NATIONAL,,"Pregnant women, in case of injury, certain occupations at risk and others at risk of exposure"
BHR,2023,TDAP_S,1,ADULTS,Adults,NATIONAL,>Y65,Others at-risk persons
BHR,2023,TDAP_S,6,B_ADO_W,General/routine,NATIONAL,Y13,Students at schools
BHR,2023,TDAP_S,1,RISKGROUPS,Risk group(s),NATIONAL,,Older individuals >65 years
BHR,2023,TYPHOID_PS,1,RISKGROUPS,Risk group(s),NATIONAL,>=Y2,"Travellers, certain at risk groups"
BHR,2023,TYPHOID_PS,1,TRAVELLERS,Travellers,NATIONAL,>=Y2,"Travellers, certain at risk groups"
BHR,2023,VARICELLA,1,,General/routine,NATIONAL,Y1,Routine childhood vaccine given at one year and three years of age.
BHR,2023,VARICELLA,2,,General/routine,NATIONAL,Y3,Routine childhood vaccine given at one year and three years of age.
BHR,2023,VARICELLA,1,HW,Health workers,NATIONAL,,"Given to high risk groups including HCW at direct patient care, household of oncology patient and others"
BHR,2023,VARICELLA,1,RISKGROUPS,Risk group(s),NATIONAL,,"Given to high risk groups including HCW at direct patient care, household of oncology patient and others"
BHR,2023,YF,1,TRAVELLERS,Travellers,NATIONAL,,Travellers to YF endemic areas
BHS,2023,DTWP,5,B_CHILD_W,General/routine,NATIONAL,Y4-Y5,
BHS,2023,DTWPHIB,4,B_2YL_W,General/routine,NATIONAL,M15,
BHS,2023,DTWPHIBHEPB,1,,General/routine,NATIONAL,M2,
BHS,2023,DTWPHIBHEPB,2,,General/routine,NATIONAL,M4,
BHS,2023,DTWPHIBHEPB,3,,General/routine,NATIONAL,M6,
BHS,2023,HEPA_ADULT,1,TRAVELLERS,Travellers,NATIONAL,1st contact,Travellers
BHS,2023,HEPA_ADULT,2,TRAVELLERS,Travellers,NATIONAL,+M6,Travellers
BHS,2023,HEPA_PEDIATRIC,1,TRAVELLERS,Travellers,NATIONAL,1st contact,Travellers
BHS,2023,HEPA_PEDIATRIC,2,TRAVELLERS,Travellers,NATIONAL,+M6,Travellers
BHS,2023,HEPB_ADULT,1,ADULTS,Adults,NATIONAL,1st contact,
BHS,2023,HEPB_ADULT,2,ADULTS,Adults,NATIONAL,+M1,
BHS,2023,HEPB_ADULT,3,ADULTS,Adults,NATIONAL,+M5,
BHS,2023,HPV4,1,BOTH,HPV administered to females and males,NATIONAL,Y9-Y12,"Females and males, children aged 9-12 years"
BHS,2023,HPV4,2,BOTH,HPV administered to females and males,NATIONAL,+M6,"Females and males, children aged 9-12 years"
BHS,2023,INFLUENZA_ADULT,1,ADULTS,Adults,NATIONAL,>Y18,and older persons
BHS,2023,INFLUENZA_ADULT,1,HW,Health workers,NATIONAL,,Health and care workers
BHS,2023,INFLUENZA_ADULT,1,PW,Pregnant women,NATIONAL,,Pregnant women
BHS,2023,INFLUENZA_ADULT,1,RISKGROUPS,Risk group(s),NATIONAL,,"Adults with chronic conditions, residents living in long-term care facilities, other groups"
BHS,2023,INFLUENZA_PEDIATRIC,1,,General/routine,NATIONAL,>=M6,
BHS,2023,INFLUENZA_PEDIATRIC,2,,General/routine,NATIONAL,>=M6,
BHS,2023,INFLUENZA_PEDIATRIC,1,RISKGROUPS,Risk group(s),NATIONAL,,Children with chronic conditions
BHS,2023,IPV,1,,General/routine,NATIONAL,M2,
BHS,2023,IPV,2,,General/routine,NATIONAL,M4,
BHS,2023,MEN_ACYW_135CONJ,1,,General/routine,NATIONAL,Y16,1st contact at approximately age 16 years: students attending international colleges/universities
BHS,2023,MMR,1,,General/routine,NATIONAL,M12,
BHS,2023,MMR,2,,General/routine,NATIONAL,M15,
BHS,2023,MPOX,1,HW,Health workers,NATIONAL,,"High risk population including those who are sex workers, men who sex with men and healthcare workers, persons in contact with a suspected/confirmed case case of monkeypox"
BHS,2023,MPOX,1,RISKGROUPS,Risk group(s),NATIONAL,,"High risk population including those who are sex workers, men who sex with men and healthcare workers, persons in contact with a suspected/confirmed case case of monkeypox"
BHS,2023,OPV,3,,General/routine,NATIONAL,M6,
BHS,2023,OPV,4,,General/routine,NATIONAL,Y4-Y5,
BHS,2023,PCV13,1,,General/routine,NATIONAL,M2,
BHS,2023,PCV13,2,,General/routine,NATIONAL,M4,
BHS,2023,PCV13,3,,General/routine,NATIONAL,M6,
BHS,2023,PCV13,4,,General/routine,NATIONAL,M15,
BHS,2023,PPV23,1,ADULTS,Adults,SUBNATIONAL,1st contact,Adults 50years and older with chronic conditions; children with sickle cell disease and elderly clients 65 years and older
BHS,2023,PPV23,1,RISKGROUPS,Risk group(s),SUBNATIONAL,1st contact,Adults 50years and older with chronic conditions; children with sickle cell disease and elderly clients 65 years and older
BHS,2023,ROTAVIRUS_1,1,,General/routine,NATIONAL,M2,
BHS,2023,ROTAVIRUS_1,2,,General/routine,NATIONAL,M4,
BHS,2023,TD_S,1,ADULTS,Adults,NATIONAL,+Y10,Every 10 years
BHS,2023,TD_S,1,,General/routine,NATIONAL,>Y10,Every 10 years
BHS,2023,TDAP_S,6,B_ADO_W,General/routine,NATIONAL,Y12,and at 1st contact for antenatal women
BHS,2023,TDAP_S,1,PW,Pregnant women,NATIONAL,,1st contact for antenatal women
BHS,2023,VARICELLA,1,,General/routine,NATIONAL,M12,
BHS,2023,VARICELLA,2,,General/routine,NATIONAL,Y4-Y5,
BHS,2023,YF,1,TRAVELLERS,Travellers,NATIONAL,1st contact,Travellers
BIH,2023,BCG,1,,General/routine,NATIONAL,B,
BIH,2023,DTAPHIBIPV,1,,General/routine,NATIONAL,M2,
BIH,2023,DTAPHIBIPV,2,,General/routine,NATIONAL,M3-M4,
BIH,2023,DTAPHIBIPV,3,,General/routine,NATIONAL,M4-M6,
BIH,2023,DTAPHIBIPV,4,B_2YL_W,General/routine,NATIONAL,M18-Y2,
BIH,2023,DTAPIPV,5,B_CHILD_W,General/routine,NATIONAL,Y5-Y7,
BIH,2023,HEPA_ADULT,1,TRAVELLERS,Travellers,NATIONAL,,Travellers
BIH,2023,HEPB_ADULT,1,HW,Health workers,NATIONAL,,"Clinical indications, health and care workers, risk groups (for example: beauticians, tattoo artist É )"
BIH,2023,HEPB_ADULT,1,RISKGROUPS,Risk group(s),NATIONAL,,"Clinical indications, health and care workers, risk groups (for example: beauticians, tattoo artist É )"
BIH,2023,HEPB_PEDIATRIC,1,,General/routine,NATIONAL,B,
BIH,2023,HEPB_PEDIATRIC,2,,General/routine,NATIONAL,M1,
BIH,2023,HEPB_PEDIATRIC,3,,General/routine,NATIONAL,M6,
BIH,2023,HPV4,1,,General/routine,,Y9-Y14,
BIH,2023,INFLUENZA_ADULT,1,ADULTS,Adults,NATIONAL,,Olders persons
BIH,2023,INFLUENZA_ADULT,1,HW,Health workers,NATIONAL,,Health and care workers
BIH,2023,INFLUENZA_ADULT,1,PW,Pregnant women,NATIONAL,,Pregnant women
BIH,2023,INFLUENZA_ADULT,1,RISKGROUPS,Risk group(s),NATIONAL,,"Adults with chronic conditions, residents living in long-term care facilities, other groups"
BIH,2023,INFLUENZA_PEDIATRIC,1,RISKGROUPS,Risk group(s),NATIONAL,,Children with chronic conditions
BIH,2023,MEN_ACYW_135CONJ,1,TRAVELLERS,Travellers,NATIONAL,,Travellers
BIH,2023,MMR,2,,General/routine,NATIONAL,Y6,
BIH,2023,MMR,1,,General/routine,NATIONAL,Y1,
BIH,2023,MMR,1,TRAVELLERS,Travellers,NATIONAL,,Travellers
BIH,2023,PCV13,1,RISKGROUPS,Risk group(s),NATIONAL,,Clinical indications
BIH,2023,TD_S,6,B_ADO_W,General/routine,NATIONAL,Y14-Y18,
BIH,2023,TT,1,TRAVELLERS,Travellers,NATIONAL,,Travellers
BLR,2023,ANTHRAX,1,RISKGROUPS,Risk group(s),NATIONAL,,????????????? ?????????
BLR,2023,AP,1,RISKGROUPS,Risk group(s),NATIONAL,M2-M18,"????, ??????? ??????????? ???????????????? ? ???????? ??????, ?????????? ??????????????? ????????? ?????????"
BLR,2023,BCG,1,,General/routine,NATIONAL,D3-D5,??? ????????? ??????? ???????????
BLR,2023,D_S,1,,General/routine,NATIONAL,Y11,
BLR,2023,DT,1,B_CHILD_W,General/routine,NATIONAL,Y6,??????????? ????? ??? ?????????? ????? ? ???????? 6 ??? ?? ???? ? ???-?
BLR,2023,DTAP,1,RISKGROUPS,Risk group(s),NATIONAL,M18,"????, ??????? ??????????? ???????????????? ? ???????? ??????, ?????????? ??????????????? ????????? ?????????"
BLR,2023,DTAPHIBHEPBIPV,1,RISKGROUPS,Risk group(s),NATIONAL,M2,"????, ??????? ??????????? ???????????????? ? ???????? ??????, ?????????? ??????????????? ????????? ?????????"
BLR,2023,DTAPHIBHEPBIPV,2,RISKGROUPS,Risk group(s),NATIONAL,M3,"????, ??????? ??????????? ???????????????? ? ???????? ??????, ?????????? ??????????????? ????????? ?????????"
BLR,2023,DTAPHIBHEPBIPV,3,RISKGROUPS,Risk group(s),NATIONAL,M4,"????, ??????? ??????????? ???????????????? ? ???????? ??????, ?????????? ??????????????? ????????? ?????????"
BLR,2023,DTAPIPV,1,RISKGROUPS,Risk group(s),NATIONAL,M2-M18,"??????????? ? ????? ? ???????? ?2-?18, ??????? ??????????? ???????????????? ? ???????? ??????, ?????????? ??????????????? ????????? ?????????"
BLR,2023,DTWP,4,B_2YL_W,General/routine,NATIONAL,M18,
BLR,2023,DTWPHIBHEPB,1,,General/routine,NATIONAL,M2,"???? ? 2, 3, 4 ?????? ????? ? ?????????????? ??????????????? ???????"
BLR,2023,DTWPHIBHEPB,2,,General/routine,NATIONAL,M3,"???? ? 2, 3, 4 ?????? ????? ? ?????????????? ??????????????? ???????"
BLR,2023,DTWPHIBHEPB,3,,General/routine,NATIONAL,M4,"???? ? 2, 3, 4 ?????? ????? ? ?????????????? ??????????????? ???????"
BLR,2023,HEPA_ADULT,1,RISKGROUPS,Risk group(s),NATIONAL,,????????????? ?????????-???????
BLR,2023,HEPA_PEDIATRIC,1,RISKGROUPS,Risk group(s),NATIONAL,,????????????? ?????????-???????
BLR,2023,HEPB_ADULT,1,RISKGROUPS,Risk group(s),NATIONAL,,????????????? ?????????
BLR,2023,HEPB_PEDIATRIC,1,,General/routine,NATIONAL,B,????????????? ? ?????? 12 ????? ????? (???????????)
BLR,2023,HIB,1,RISKGROUPS,Risk group(s),NATIONAL,Y1-Y4,"????, ????? ?? ?????????? ???????????????? ???????? ?????? ??????????? ????????, ?? ?????????? ??? ???????? 5 ??? ? ???????????? ? ??????????? ?? ???????????? ??????????, ??????????? ? ???????????????????? ?????????????? ????????, ? ??????? ???? ?? ????????? ??????????? ??? ?????????: ??????????? ???????; ?????? ??????; ??????????? ??????????? ?????, ?????? ? ??????; ???????????????? ?????????; ????????????"
BLR,2023,INFLUENZA_ADULT,1,ADULTS,Adults,NATIONAL,>Y18,and older persons >=65 years
BLR,2023,INFLUENZA_ADULT,1,HW,Health workers,NATIONAL,,Health and care workers
BLR,2023,INFLUENZA_ADULT,1,PW,Pregnant women,NATIONAL,,Pregnant women
BLR,2023,INFLUENZA_ADULT,1,RISKGROUPS,Risk group(s),NATIONAL,,"Adults with chronic conditions, residents living in long-term care facilities, other groups"
BLR,2023,INFLUENZA_PEDIATRIC,2,,General/routine,NATIONAL,>Y3,
BLR,2023,INFLUENZA_PEDIATRIC,1,,General/routine,NATIONAL,M6-Y3,
BLR,2023,INFLUENZA_PEDIATRIC,1,RISKGROUPS,Risk group(s),NATIONAL,,Children with chronic conditions
BLR,2023,IPV,1,,General/routine,NATIONAL,M2,
BLR,2023,IPV,2,,General/routine,NATIONAL,M3,
BLR,2023,IPV,3,,General/routine,NATIONAL,M4,
BLR,2023,IPV,4,,General/routine,NATIONAL,Y7,
BLR,2023,MMR,1,,General/routine,NATIONAL,Y1,
BLR,2023,MMR,2,,General/routine,NATIONAL,Y6,
BLR,2023,PCV10,2,RISKGROUPS,Risk group(s),NATIONAL,M4,"???? ? ???????? 2, 4 ? 12 ???????; <5 ??? ? ??????????? ???????????? ??????????? / ?????????????"
BLR,2023,PCV10,3,RISKGROUPS,Risk group(s),NATIONAL,M12,"???? ? ???????? 2, 4 ? 12 ???????; <5 ??? ? ??????????? ???????????? ??????????? / ?????????????"
BLR,2023,PCV10,1,RISKGROUPS,Risk group(s),NATIONAL,M2,"???? ? ???????? 2, 4 ? 12 ???????; <5 ??? ? ??????????? ???????????? ??????????? / ?????????????"
BLR,2023,PCV13,1,RISKGROUPS,Risk group(s),NATIONAL,M2,"???? ? ???????? 2, 4 ? 12 ???????; <5 ??? ? ??????????? ???????????? ??????????? / ?????????????"
BLR,2023,PCV13,2,RISKGROUPS,Risk group(s),NATIONAL,M4,"???? ? ???????? 2, 4 ? 12 ???????; <5 ??? ? ??????????? ???????????? ??????????? / ?????????????"
BLR,2023,PCV13,3,RISKGROUPS,Risk group(s),NATIONAL,M12,"???? ? ???????? 2, 4 ? 12 ???????; <5 ??? ? ??????????? ???????????? ??????????? / ?????????????"
BLR,2023,RABIES,1,RISKGROUPS,Risk group(s),NATIONAL,,????????????? ?????????
BLR,2023,TBE_ADULT,1,RISKGROUPS,Risk group(s),NATIONAL,,????????????? ?????????
BLR,2023,TBE_PEDIATRIC,1,RISKGROUPS,Risk group(s),NATIONAL,,????????????? ?????????
BLR,2023,TD_S,5,B_CHILD_W,General/routine,NATIONAL,Y6,
BLR,2023,TD_S,6,B_ADO_F,General/routine,NATIONAL,Y16,
BLR,2023,TT,1,RISKGROUPS,Risk group(s),NATIONAL,,????????????? ?????????
BLR,2023,TULAREMIA,1,RISKGROUPS,Risk group(s),NATIONAL,,????????????? ?????????
BLR,2023,YF,1,RISKGROUPS,Risk group(s),NATIONAL,,????????????? ?????????
BLZ,2023,BCG,1,,General/routine,NATIONAL,B,Children below age 1 year
BLZ,2023,DT,1,RISKGROUPS,Risk group(s),NATIONAL,M2,Recommended for children with contraindication to pertussis containing vaccine
BLZ,2023,DT,2,RISKGROUPS,Risk group(s),NATIONAL,M4,Recommended for children with contraindication to pertussis containing vaccine
BLZ,2023,DT,3,RISKGROUPS,Risk group(s),NATIONAL,M6,Recommended for children with contraindication to pertussis containing vaccine
BLZ,2023,DT,4,RISKGROUPS,Risk group(s),NATIONAL,M18,Recommended for children with contraindication to pertussis containing vaccine
BLZ,2023,DT,5,RISKGROUPS,Risk group(s),NATIONAL,Y4,Recommended for children with contraindication to pertussis containing vaccine
BLZ,2023,DT,6,RISKGROUPS,Risk group(s),NATIONAL,Y12,Recommended for children with contraindication to pertussis containing vaccine
BLZ,2023,DTWP,4,B_2YL_W,General/routine,NATIONAL,M18,Children 18 months and 48 months
BLZ,2023,DTWP,5,B_CHILD_W,General/routine,NATIONAL,Y4,Children 18 months and 48 months
BLZ,2023,DTWPHIBHEPB,1,,General/routine,NATIONAL,M2,Children 2 to 6 months
BLZ,2023,DTWPHIBHEPB,2,,General/routine,NATIONAL,M4,Children 2 to 6 months
BLZ,2023,DTWPHIBHEPB,3,,General/routine,NATIONAL,M6,Children 2 to 6 months
BLZ,2023,HEPB_ADULT,1,HW,Health workers,NATIONAL,,Health Care and other front line workers
BLZ,2023,HEPB_ADULT,1,RISKGROUPS,Risk group(s),NATIONAL,,Given to adults on request  or without documentation of Hep B as a child
BLZ,2023,HEPB_PEDIATRIC,1,,General/routine,NATIONAL,B,new borns
BLZ,2023,HPV9,1,BOTH,HPV administered to females and males,NATIONAL,Y9,"Only one dose is administered since May 2023, to school children in Std 4 class. males and females 9-14 years. School based program but also administered in clinic settings as necessary"
BLZ,2023,INFLUENZA_ADULT,1,ADULTS,Adults,NATIONAL,>=Y65,
BLZ,2023,INFLUENZA_ADULT,1,HW,Health workers,NATIONAL,,Health and care workers
BLZ,2023,INFLUENZA_ADULT,1,PW,Pregnant women,NATIONAL,,Pregnant women
BLZ,2023,INFLUENZA_ADULT,1,RISKGROUPS,Risk group(s),NATIONAL,,"Adults with chronic conditions, residents living in long-term care facilities, other groups"
BLZ,2023,INFLUENZA_PEDIATRIC,1,,General/routine,NATIONAL,M6-M11,
BLZ,2023,INFLUENZA_PEDIATRIC,2,,General/routine,NATIONAL,M12-M23,
BLZ,2023,IPV,1,,General/routine,NATIONAL,M2,"and at M2,  M4, M6, M18, Y4, Y12 for HIV exposed infants and"
BLZ,2023,IPV,2,,General/routine,NATIONAL,M4,"and at M2,  M4, M6, M18, Y4, Y12 for HIV exposed infants and"
BLZ,2023,IPV,3,RISKGROUPS,Risk group(s),NATIONAL,M6,"Unexposed and exposed  infants at 2M and 4M and also for HIV exposed infants and children at M6, M18, Y4, Y12"
BLZ,2023,IPV,4,RISKGROUPS,Risk group(s),NATIONAL,M18,"Unexposed and exposed  infants at 2M and 4M and also for HIV exposed infants and children at M6, M18, Y4, Y12"
BLZ,2023,IPV,5,RISKGROUPS,Risk group(s),NATIONAL,Y4,"Unexposed and exposed  infants at 2M and 4M and also for HIV exposed infants and children at M6, M18, Y4, Y12"
BLZ,2023,IPV,6,RISKGROUPS,Risk group(s),NATIONAL,Y12,"Unexposed and exposed  infants at 2M and 4M and also for HIV exposed infants and children at M6, M18, Y4, Y12"
BLZ,2023,MMR,1,,General/routine,NATIONAL,M12,Children 12 and 18 months
BLZ,2023,MMR,2,,General/routine,NATIONAL,M18,Children 12 and 18 months
BLZ,2023,OPV,3,,General/routine,NATIONAL,M6,"Children 6 months, 18 months and 4 years"
BLZ,2023,OPV,4,,General/routine,NATIONAL,M18,"Children 6 months, 18 months and 4 years"
BLZ,2023,OPV,5,,General/routine,NATIONAL,Y4,"Children 6 months, 18 months and 4 years"
BLZ,2023,PCV10,1,,General/routine,NATIONAL,M2,"2M, 4M, 6M. Vaccinated in campaignstarted in December 2023"
BLZ,2023,PCV10,2,,General/routine,NATIONAL,M4,"2M, 4M, 6M. Vaccinated in campaignstarted in December 2023"
BLZ,2023,PCV10,3,,General/routine,NATIONAL,M6,"2M, 4M, 6M. Vaccinated in campaignstarted in December 2023"
BLZ,2023,RABIES,1,RISKGROUPS,Risk group(s),NATIONAL,1st contact,Environmental health program to exposed individuals
BLZ,2023,RABIES,2,RISKGROUPS,Risk group(s),NATIONAL,+D3,Environmental health program to exposed individuals
BLZ,2023,RABIES,3,RISKGROUPS,Risk group(s),NATIONAL,+D7,Environmental health program to exposed individuals
BLZ,2023,RABIES,4,RISKGROUPS,Risk group(s),NATIONAL,+D14,Environmental health program to exposed individuals
BLZ,2023,RABIES,5,RISKGROUPS,Risk group(s),NATIONAL,+D28,Environmental health program to exposed individuals
BLZ,2023,TD_S,6,B_ADO_W,General/routine,NATIONAL,Y12,Children in Std 6 (age 12) given a booster dose
BLZ,2023,TD_S,1,PW,Pregnant women,NATIONAL,,Pregnant without proof of previous vaccination are given 2 doses
BLZ,2023,TD_S,2,PW,Pregnant women,NATIONAL,,Pregnant without proof of previous vaccination are given 2 doses
BLZ,2023,VITAMINA,1,,General/routine,NATIONAL,M6,
BLZ,2023,VITAMINA,2,,General/routine,NATIONAL,M12,
BLZ,2023,VITAMINA,3,,General/routine,NATIONAL,M18,
BLZ,2023,VITAMINA,4,,General/routine,NATIONAL,M24,
BLZ,2023,VITAMINA,5,,General/routine,NATIONAL,M30,
BLZ,2023,VITAMINA,6,,General/routine,NATIONAL,M36,
BLZ,2023,YF,1,TRAVELLERS,Travellers,NATIONAL,,Travellers to countries endemic to YF
BMU,2023,BCG,1,RISKGROUPS,Risk group(s),NATIONAL,1st contact,On request for residents from endemic areas
BMU,2023,CHOLERA,1,TRAVELLERS,Travellers,NATIONAL,1st contact,Specific travel requirement for Raleigh International
BMU,2023,CHOLERA,2,TRAVELLERS,Travellers,NATIONAL,+W2,Specific travel requirement for Raleigh International
BMU,2023,DTAPHIBIPV,1,,General/routine,NATIONAL,M2,
BMU,2023,DTAPHIBIPV,2,,General/routine,NATIONAL,M4,
BMU,2023,DTAPHIBIPV,3,,General/routine,NATIONAL,M6,
BMU,2023,DTAPHIBIPV,4,B_2YL_W,General/routine,NATIONAL,M18,
BMU,2023,DTAPIPV,5,B_CHILD_W,General/routine,NATIONAL,Y4-Y6,
BMU,2023,HEPA_ADULT,1,TRAVELLERS,Travellers,NATIONAL,1st contact,Travellers
BMU,2023,HEPA_ADULT,2,TRAVELLERS,Travellers,NATIONAL,+M6-M12,Travellers
BMU,2023,HEPA_PEDIATRIC,1,TRAVELLERS,Travellers,NATIONAL,1st contact,Travellers
BMU,2023,HEPA_PEDIATRIC,2,TRAVELLERS,Travellers,NATIONAL,+M6-M12,Travellers
BMU,2023,HEPB_ADULT,3,HW,Health workers,NATIONAL,+M6,"occupational (health care workers, police and corrections), high risk adults, travellers"
BMU,2023,HEPB_ADULT,1,HW,Health workers,NATIONAL,1st contact,"occupational (health care workers, police and corrections), high risk adults, travellers"
BMU,2023,HEPB_ADULT,2,HW,Health workers,NATIONAL,+M1,"occupational (health care workers, police and corrections), high risk adults, travellers"
BMU,2023,HEPB_ADULT,2,RISKGROUPS,Risk group(s),NATIONAL,+M1,"occupational (health care workers, police and corrections), high risk adults, travellers"
BMU,2023,HEPB_ADULT,1,RISKGROUPS,Risk group(s),NATIONAL,1st contact,"occupational (health care workers, police and corrections), high risk adults, travellers"
BMU,2023,HEPB_ADULT,3,RISKGROUPS,Risk group(s),NATIONAL,+M6,"occupational (health care workers, police and corrections), high risk adults, travellers"
BMU,2023,HEPB_ADULT,3,TRAVELLERS,Travellers,NATIONAL,+M6,"occupational (health care workers, police and corrections), high risk adults, travellers"
BMU,2023,HEPB_ADULT,1,TRAVELLERS,Travellers,NATIONAL,1st contact,"occupational (health care workers, police and corrections), high risk adults, travellers"
BMU,2023,HEPB_ADULT,2,TRAVELLERS,Travellers,NATIONAL,+M1,"occupational (health care workers, police and corrections), high risk adults, travellers"
BMU,2023,HEPB_PEDIATRIC,1,,General/routine,NATIONAL,M6,6/12 Month old infants
BMU,2023,HEPB_PEDIATRIC,2,,General/routine,NATIONAL,M7,6/12 Month old infants
BMU,2023,HEPB_PEDIATRIC,3,,General/routine,NATIONAL,M12,6/12 Month old infants
BMU,2023,HIB,1,RISKGROUPS,Risk group(s),NATIONAL,1st contact,High risk adults for revaccination
BMU,2023,HPV4,1,BOTH,HPV administered to females and males,NATIONAL,Y11,"females and males; x2 doses for <15 years, x3 doses for >15 years, and also available for other adults upon request"
BMU,2023,HPV4,2,BOTH,HPV administered to females and males,NATIONAL,+M6-M12,"females and males; x2 doses for <15 years, x3 doses for >15 years, and also available for other adults upon request"
BMU,2023,INFLUENZA_ADULT,1,ADULTS,Adults,NATIONAL,>Y18,and older persons 65+
BMU,2023,INFLUENZA_ADULT,1,HW,Health workers,NATIONAL,,Health and care workers
BMU,2023,INFLUENZA_ADULT,1,PW,Pregnant women,NATIONAL,,Pregnant women
BMU,2023,INFLUENZA_ADULT,1,RISKGROUPS,Risk group(s),NATIONAL,,"Adults with chronic conditions, residents living in long-term care facilities"
BMU,2023,INFLUENZA_PEDIATRIC,1,,General/routine,NATIONAL,M6-Y18,
BMU,2023,INFLUENZA_PEDIATRIC,1,RISKGROUPS,Risk group(s),NATIONAL,,Children with chronic conditions
BMU,2023,IPV,1,TRAVELLERS,Travellers,NATIONAL,1st contact,Unvaccinated travellers to high risk areas
BMU,2023,JE_INACTD,1,TRAVELLERS,Travellers,NATIONAL,1st contact,Travellers to high-risk areas
BMU,2023,JE_INACTD,2,TRAVELLERS,Travellers,NATIONAL,+D28,Travellers to high-risk areas
BMU,2023,MEN_ACYW_135CONJ,1,RISKGROUPS,Risk group(s),NATIONAL,1st contact,"Adolescents, and travellers to high-risk areas"
BMU,2023,MEN_ACYW_135CONJ,1,TRAVELLERS,Travellers,NATIONAL,1st contact,"Adolescents, and travellers to high-risk areas"
BMU,2023,MMR,1,,General/routine,NATIONAL,M15,
BMU,2023,MMR,2,,General/routine,NATIONAL,Y4-Y6,
BMU,2023,PCV13,1,,General/routine,NATIONAL,M2,
BMU,2023,PCV13,2,,General/routine,NATIONAL,M4,
BMU,2023,PCV13,3,,General/routine,NATIONAL,M6,
BMU,2023,PCV13,4,,General/routine,NATIONAL,M18,
BMU,2023,PPV23,1,RISKGROUPS,Risk group(s),NATIONAL,1st contact,High risk adults
BMU,2023,RABIES,1,TRAVELLERS,Travellers,NATIONAL,1st contact,Prevention for travellers at risk of exposure
BMU,2023,RABIES,2,TRAVELLERS,Travellers,NATIONAL,+D7,Prevention for travellers at risk of exposure
BMU,2023,ROTAVIRUS_1,1,,General/routine,NATIONAL,M2,
BMU,2023,ROTAVIRUS_1,2,,General/routine,NATIONAL,M4,
BMU,2023,TD_S,1,ADULTS,Adults,NATIONAL,>=Y19,"Every 10 years to travellers, occupational hazard workers, adults"
BMU,2023,TD_S,2,ADULTS,Adults,NATIONAL,+Y10,"Every 10 years to travellers, occupational hazard workers, adults"
BMU,2023,TD_S,2,RISKGROUPS,Risk group(s),NATIONAL,+Y10,"Every 10 years to travellers, occupational hazard workers, adults"
BMU,2023,TD_S,1,RISKGROUPS,Risk group(s),NATIONAL,>=Y19,"Every 10 years to travellers, occupational hazard workers, adults"
BMU,2023,TD_S,1,TRAVELLERS,Travellers,NATIONAL,>=Y19,"Every 10 years to travellers, occupational hazard workers, adults"
BMU,2023,TD_S,2,TRAVELLERS,Travellers,NATIONAL,+Y10,"Every 10 years to travellers, occupational hazard workers, adults"
BMU,2023,TDAP_S,6,B_ADO_W,General/routine,NATIONAL,Y11-Y18,
BMU,2023,TDAP_S,1,PW,Pregnant women,NATIONAL,1st contact,1st contact pregnancy
BMU,2023,TYPHOID_CONJ,1,TRAVELLERS,Travellers,NATIONAL,1st contact,Travellers
BMU,2023,TYPHOID_CONJ,2,TRAVELLERS,Travellers,NATIONAL,+Y3,Travellers
BMU,2023,VARICELLA,1,,General/routine,NATIONAL,M24,
BMU,2023,VARICELLA,2,,General/routine,NATIONAL,Y4-Y6,
BMU,2023,YF,1,TRAVELLERS,Travellers,NATIONAL,1st contact,Travellers
BMU,2023,ZOSTER,1,RISKGROUPS,Risk group(s),NATIONAL,Y50,on referral
BMU,2023,ZOSTER,2,RISKGROUPS,Risk group(s),NATIONAL,+M2,on referral
BOL,2023,BCG,1,,General/routine,NATIONAL,B,Menores de 1 ao
BOL,2023,DTWPHIBHEPB,1,,General/routine,NATIONAL,M2,Menores de 5 ao
BOL,2023,DTWPHIBHEPB,2,,General/routine,NATIONAL,M4,Menores de 5 ao
BOL,2023,DTWPHIBHEPB,3,,General/routine,NATIONAL,M6,Menores de 5 ao
BOL,2023,DTWPHIBHEPB,4,B_2YL_W,General/routine,NATIONAL,M18-M23,Menores de 5 ao
BOL,2023,DTWPHIBHEPB,5,B_CHILD_W,General/routine,NATIONAL,Y4,Menores de 5 ao
BOL,2023,HEPB_ADULT,1,HW,Health workers,NATIONAL,1st contact,"Personal de salud, Enfermos Cronicos >=A7"
BOL,2023,HEPB_ADULT,2,HW,Health workers,NATIONAL,+M1,"Personal de salud, Enfermos Cronicos >=A7"
BOL,2023,HEPB_ADULT,3,HW,Health workers,NATIONAL,+M6,"Personal de salud, Enfermos Cronicos >=A7"
BOL,2023,HEPB_ADULT,3,RISKGROUPS,Risk group(s),NATIONAL,+M6,"Personal de salud, Enfermos Cronicos >=A7"
BOL,2023,HEPB_ADULT,2,RISKGROUPS,Risk group(s),NATIONAL,+M1,"Personal de salud, Enfermos Cronicos >=A7"
BOL,2023,HEPB_ADULT,1,RISKGROUPS,Risk group(s),NATIONAL,1st contact,"Personal de salud, Enfermos Cronicos >=A7"
BOL,2023,HPV4,1,FEMALE,HPV for females only,NATIONAL,Y10,"A nias de 10 aos, con dosis nica"
BOL,2023,INFLUENZA_ADULT,1,ADULTS,Adults,NATIONAL,>Y60,
BOL,2023,INFLUENZA_ADULT,1,HW,Health workers,NATIONAL,,Health and care workers
BOL,2023,INFLUENZA_ADULT,1,PW,Pregnant women,NATIONAL,,Pregnant women
BOL,2023,INFLUENZA_ADULT,1,RISKGROUPS,Risk group(s),NATIONAL,,"Adults with chronic conditions, other groups"
BOL,2023,INFLUENZA_PEDIATRIC,1,,General/routine,NATIONAL,<Y1,
BOL,2023,INFLUENZA_PEDIATRIC,2,,General/routine,NATIONAL,Y1,
BOL,2023,IPV,1,,General/routine,NATIONAL,M2,Menores de 1 ao
BOL,2023,IPV,3,,General/routine,NATIONAL,M6,Menores de 1 ao
BOL,2023,MMR,1,,General/routine,NATIONAL,M12,La segunda dosis de SRP se incluyo en el esquema nacional en la gestin 2018
BOL,2023,MMR,2,,General/routine,NATIONAL,M18-M23,La segunda dosis de SRP se incluyo en el esquema nacional en la gestin 2018
BOL,2023,OPV,2,,General/routine,NATIONAL,M4,Menores de 5 Aos
BOL,2023,OPV,4,,General/routine,NATIONAL,M18-M23,Menores de 5 Aos
BOL,2023,OPV,5,,General/routine,NATIONAL,Y4,Menores de 5 Aos
BOL,2023,PCV13,1,,General/routine,NATIONAL,M2,Menores de 1 ao
BOL,2023,PCV13,2,,General/routine,NATIONAL,M4,Menores de 1 ao
BOL,2023,PCV13,3,,General/routine,NATIONAL,M6,Menores de 1 ao
BOL,2023,ROTAVIRUS_1,1,,General/routine,NATIONAL,M2,Menores de 1 ao
BOL,2023,ROTAVIRUS_1,2,,General/routine,NATIONAL,M4,Menores de 1 ao
BOL,2023,TD_S,1,ADULTS,Adults,NATIONAL,1st contact,"De 07 a 49 aos hombres y mujeres, incluye embarazadas"
BOL,2023,TD_S,2,ADULTS,Adults,NATIONAL,+M1,"De 07 a 49 aos hombres y mujeres, incluye embarazadas"
BOL,2023,TD_S,3,ADULTS,Adults,NATIONAL,+M6,"De 07 a 49 aos hombres y mujeres, incluye embarazadas"
BOL,2023,TD_S,4,ADULTS,Adults,NATIONAL,+Y1,"De 07 a 49 aos hombres y mujeres, incluye embarazadas"
BOL,2023,TD_S,5,ADULTS,Adults,NATIONAL,+Y1,"De 07 a 49 aos hombres y mujeres, incluye embarazadas"
BOL,2023,TD_S,4,,General/routine,NATIONAL,+Y1,"De 07 a 49 aos hombres y mujeres, incluye embarazadas"
BOL,2023,TD_S,5,,General/routine,NATIONAL,+Y1,"De 07 a 49 aos hombres y mujeres, incluye embarazadas"
BOL,2023,TD_S,2,,General/routine,NATIONAL,+M1,"De 07 a 49 aos hombres y mujeres, incluye embarazadas"
BOL,2023,TD_S,3,,General/routine,NATIONAL,+M6,"De 07 a 49 aos hombres y mujeres, incluye embarazadas"
BOL,2023,TD_S,1,,General/routine,NATIONAL,Y7-Y49,"De 07 a 49 aos hombres y mujeres, incluye embarazadas"
BOL,2023,TD_S,1,PW,Pregnant women,NATIONAL,1st contact,"De 07 a 49 aos hombres y mujeres, incluye embarazadas"
BOL,2023,TD_S,3,PW,Pregnant women,NATIONAL,+M6,"De 07 a 49 aos hombres y mujeres, incluye embarazadas"
BOL,2023,TD_S,2,PW,Pregnant women,NATIONAL,+M1,"De 07 a 49 aos hombres y mujeres, incluye embarazadas"
BOL,2023,TD_S,4,PW,Pregnant women,NATIONAL,+Y1,"De 07 a 49 aos hombres y mujeres, incluye embarazadas"
BOL,2023,TD_S,5,PW,Pregnant women,NATIONAL,+Y1,"De 07 a 49 aos hombres y mujeres, incluye embarazadas"
BOL,2023,VITAMINA,1,,General/routine,NATIONAL,M6,Menores de 5 Aos
BOL,2023,VITAMINA,2,,General/routine,NATIONAL,M12,Menores de 5 Aos
BOL,2023,VITAMINA,3,,General/routine,NATIONAL,M18,Menores de 5 Aos
BOL,2023,VITAMINA,4,,General/routine,NATIONAL,M24,Menores de 5 Aos
BOL,2023,VITAMINA,5,,General/routine,NATIONAL,M30,Menores de 5 Aos
BOL,2023,VITAMINA,6,,General/routine,NATIONAL,M36,Menores de 5 Aos
BOL,2023,YF,1,,General/routine,NATIONAL,M12-M23,De 1 ao
BRA,2023,BCG,1,,General/routine,NATIONAL,B,Crianas menores de 5 anos de idade e contatos de portadores de hansenase
BRA,2023,BCG,1,RISKGROUPS,Risk group(s),NATIONAL,,Crianas menores de 5 anos de idade e contatos de portadores de hansenase
BRA,2023,DT,1,RISKGROUPS,Risk group(s),NATIONAL,M2,for individuals who presented post-vaccine adverse events to the pertussis component (encephalitis)
BRA,2023,DT,2,RISKGROUPS,Risk group(s),NATIONAL,M4,for individuals who presented post-vaccine adverse events to the pertussis component (encephalitis)
BRA,2023,DT,3,RISKGROUPS,Risk group(s),NATIONAL,M6,for individuals who presented post-vaccine adverse events to the pertussis component (encephalitis)
BRA,2023,DTAP,1,RISKGROUPS,Risk group(s),NATIONAL,M2,"after following serious adverse vaccine events, children who are at increased risk of serious adverse vaccine events, situations of immunodepression"
BRA,2023,DTAP,2,RISKGROUPS,Risk group(s),NATIONAL,M4,"after following serious adverse vaccine events, children who are at increased risk of serious adverse vaccine events, situations of immunodepression"
BRA,2023,DTAP,3,RISKGROUPS,Risk group(s),NATIONAL,M6,"after following serious adverse vaccine events, children who are at increased risk of serious adverse vaccine events, situations of immunodepression"
BRA,2023,DTWP,4,B_2YL_W,General/routine,NATIONAL,M15,
BRA,2023,DTWP,5,B_CHILD_W,General/routine,NATIONAL,Y4,
BRA,2023,DTWPHIBHEPB,1,,General/routine,NATIONAL,M2,
BRA,2023,DTWPHIBHEPB,2,,General/routine,NATIONAL,M4,
BRA,2023,DTWPHIBHEPB,3,,General/routine,NATIONAL,M6,
BRA,2023,HEPA_ADULT,1,RISKGROUPS,Risk group(s),NATIONAL,Y19,special population; only in reference centers for special immunobiologicals
BRA,2023,HEPA_PEDIATRIC,1,,General/routine,NATIONAL,M15,from 15 months to 4 years; 11 months and 29 days prior vaccination history
BRA,2023,HEPB_ADULT,2,ADULTS,Adults,NATIONAL,>=Y7,
BRA,2023,HEPB_ADULT,3,ADULTS,Adults,NATIONAL,>=Y7,
BRA,2023,HEPB_ADULT,1,ADULTS,Adults,NATIONAL,>=Y7,
BRA,2023,HEPB_ADULT,1,,General/routine,NATIONAL,>=Y7,
BRA,2023,HEPB_ADULT,3,,General/routine,NATIONAL,>=Y7,
BRA,2023,HEPB_ADULT,2,,General/routine,NATIONAL,>=Y7,
BRA,2023,HEPB_PEDIATRIC,1,,General/routine,NATIONAL,B,
BRA,2023,HIB,1,RISKGROUPS,Risk group(s),NATIONAL,Y19,special population; only in reference centers for special immunobiologicals
BRA,2023,HPV4,1,BOTH,HPV administered to females and males,NATIONAL,Y9-Y14,"females 9-14 years; males 11-14 years; and men and women 9-26 years of special risk groups receive three doses (1st contact, +2 months, +6 months)"
BRA,2023,HPV4,2,BOTH,HPV administered to females and males,NATIONAL,+M6,"females 9-14 years; males 11-14 years; and men and women 9-26 years of special risk groups receive three doses (1st contact, +2 months, +6 months)"
BRA,2023,HPV4,1,RISKGROUPS,Risk group(s),NATIONAL,Y9-Y26,"females 9-14 years; males 11-14 years; and men and women 9-26 years of special risk groups receive three doses (1st contact, +2 months, +6 months)"
BRA,2023,HPV4,2,RISKGROUPS,Risk group(s),NATIONAL,+M2,"females 9-14 years; males 11-14 years; and men and women 9-26 years of special risk groups receive three doses (1st contact, +2 months, +6 months)"
BRA,2023,HPV4,3,RISKGROUPS,Risk group(s),NATIONAL,+M6,"females 9-14 years; males 11-14 years; and men and women 9-26 years of special risk groups receive three doses (1st contact, +2 months, +6 months)"
BRA,2023,INFLUENZA_ADULT,1,ADULTS,Adults,NATIONAL,>=Y60,
BRA,2023,INFLUENZA_ADULT,1,HW,Health workers,NATIONAL,,Health and care workers
BRA,2023,INFLUENZA_ADULT,1,PW,Pregnant women,NATIONAL,,Pregnant women
BRA,2023,INFLUENZA_ADULT,1,RISKGROUPS,Risk group(s),NATIONAL,,"Residents living in long-term care facilities, other groups"
BRA,2023,INFLUENZA_PEDIATRIC,1,,General/routine,NATIONAL,M6-Y6,
BRA,2023,IPV,1,,General/routine,NATIONAL,M2,
BRA,2023,IPV,2,,General/routine,NATIONAL,M4,
BRA,2023,IPV,3,,General/routine,NATIONAL,M6,
BRA,2023,MEN_ACYW_135CONJ,1,RISKGROUPS,Risk group(s),NATIONAL,M2,patients with nocturnal paroxysmal hemoglobinuria (PNH) who will start treatment with eculizumab
BRA,2023,MEN_ACYW_135CONJ,2,RISKGROUPS,Risk group(s),NATIONAL,M6-M9,patients with nocturnal paroxysmal hemoglobinuria (PNH) who will start treatment with eculizumab
BRA,2023,MEN_C_CONJ,1,,General/routine,NATIONAL,M3,
BRA,2023,MEN_C_CONJ,2,,General/routine,NATIONAL,M5,
BRA,2023,MEN_C_CONJ,3,,General/routine,NATIONAL,M12,
BRA,2023,MMR,1,ADULTS,Adults,NATIONAL,,offered to people up to 49 years
BRA,2023,MMR,1,,General/routine,NATIONAL,M12,
BRA,2023,MMRV,2,,General/routine,NATIONAL,M15,
BRA,2023,OPV,4,,General/routine,NATIONAL,M15,
BRA,2023,OPV,5,,General/routine,NATIONAL,Y4,
BRA,2023,PCV10,1,,General/routine,NATIONAL,M2,
BRA,2023,PCV10,2,,General/routine,NATIONAL,M4,
BRA,2023,PCV10,3,,General/routine,NATIONAL,M12,
BRA,2023,ROTAVIRUS_1,1,,General/routine,NATIONAL,M2,
BRA,2023,ROTAVIRUS_1,2,,General/routine,NATIONAL,M4,
BRA,2023,TD_S,1,ADULTS,Adults,NATIONAL,>=Y7,
BRA,2023,TD_S,3,ADULTS,Adults,NATIONAL,>=Y7,
BRA,2023,TD_S,2,ADULTS,Adults,NATIONAL,>=Y7,
BRA,2023,TD_S,2,,General/routine,NATIONAL,>=Y7,
BRA,2023,TD_S,3,,General/routine,NATIONAL,>=Y7,
BRA,2023,TD_S,1,,General/routine,NATIONAL,>=Y7,
BRA,2023,TDAP_S,1,ADULTS,Adults,NATIONAL,,
BRA,2023,VARICELLA,1,,General/routine,NATIONAL,Y4,
BRA,2023,VARICELLA,1,HW,Health workers,NATIONAL,,Unvaccinated health professionals
BRA,2023,VITAMINA,1,,General/routine,NATIONAL,M6-M11,
BRA,2023,VITAMINA,2,,General/routine,NATIONAL,M12-M18,
BRA,2023,VITAMINA,3,,General/routine,NATIONAL,M19-M25,
BRA,2023,VITAMINA,4,,General/routine,NATIONAL,M26-M32,
BRA,2023,VITAMINA,5,,General/routine,NATIONAL,M33-M39,
BRA,2023,VITAMINA,6,,General/routine,NATIONAL,M40-M46,
BRA,2023,YF,1,,General/routine,NATIONAL,M9,
BRA,2023,YF,2,,General/routine,NATIONAL,Y4,
BRB,2023,BCG,1,RISKGROUPS,Risk group(s),NATIONAL,M9,Infants of parents that travel to countries with a high burden of tuberculosis
BRB,2023,DT,5,CATCHUP_C,Catch-up children,NATIONAL,Y5-Y7,Children who missed their DTP at Y4.5
BRB,2023,DTAP,4,RISKGROUPS,Risk group(s),NATIONAL,M18,Children who have a history of seizures
BRB,2023,DTAP,5,RISKGROUPS,Risk group(s),NATIONAL,Y4.5,Children who have a history of seizures
BRB,2023,DTAPHIBHEPBIPV,1,RISKGROUPS,Risk group(s),NATIONAL,M2,Infants of HIV positive mothers
BRB,2023,DTAPHIBHEPBIPV,2,RISKGROUPS,Risk group(s),NATIONAL,M4,Infants of HIV positive mothers
BRB,2023,DTAPHIBHEPBIPV,3,RISKGROUPS,Risk group(s),NATIONAL,M6,Infants of HIV positive mothers
BRB,2023,DTWP,4,B_2YL_W,General/routine,NATIONAL,M18,
BRB,2023,DTWP,5,B_CHILD_W,General/routine,NATIONAL,Y4.5,
BRB,2023,DTWPHIBHEPB,1,,General/routine,NATIONAL,M2,
BRB,2023,DTWPHIBHEPB,2,,General/routine,NATIONAL,M4,
BRB,2023,DTWPHIBHEPB,3,,General/routine,NATIONAL,M6,
BRB,2023,HEPA_ADULT,1,RISKGROUPS,Risk group(s),NATIONAL,1st contact,As per request. Travellers and those on humanitarian missions.
BRB,2023,HEPA_ADULT,1,TRAVELLERS,Travellers,NATIONAL,1st contact,As per request. Travellers and those on humanitarian missions.
BRB,2023,HEPB_ADULT,2,HW,Health workers,NATIONAL,+M1,"As per request. Medical and nursing students, HCWs and travellers on humanitarian missions"
BRB,2023,HEPB_ADULT,3,HW,Health workers,NATIONAL,+M6,"As per request. Medical and nursing students, HCWs and travellers on humanitarian missions"
BRB,2023,HEPB_ADULT,1,HW,Health workers,NATIONAL,1st contact,"As per request. Medical and nursing students, HCWs and travellers on humanitarian missions"
BRB,2023,HEPB_ADULT,2,RISKGROUPS,Risk group(s),NATIONAL,+M1,"As per request. Medical and nursing students, HCWs and travellers on humanitarian missions"
BRB,2023,HEPB_ADULT,1,RISKGROUPS,Risk group(s),NATIONAL,1st contact,"As per request. Medical and nursing students, HCWs and travellers on humanitarian missions"
BRB,2023,HEPB_ADULT,3,RISKGROUPS,Risk group(s),NATIONAL,+M6,"As per request. Medical and nursing students, HCWs and travellers on humanitarian missions"
BRB,2023,HEPB_ADULT,3,TRAVELLERS,Travellers,NATIONAL,+M6,"As per request. Medical and nursing students, HCWs and travellers on humanitarian missions"
BRB,2023,HEPB_ADULT,1,TRAVELLERS,Travellers,NATIONAL,1st contact,"As per request. Medical and nursing students, HCWs and travellers on humanitarian missions"
BRB,2023,HEPB_ADULT,2,TRAVELLERS,Travellers,NATIONAL,+M1,"As per request. Medical and nursing students, HCWs and travellers on humanitarian missions"
BRB,2023,HPV4,1,BOTH,HPV administered to females and males,NATIONAL,Y10-Y11,"Females and males; class 4's (Y10-Y11) 1st dose Form 1's (Y11), 1 dose administration approval was granted in November 2022"
BRB,2023,INFLUENZA_ADULT,1,ADULTS,Adults,NATIONAL,>=Y60,
BRB,2023,INFLUENZA_ADULT,1,HW,Health workers,NATIONAL,,Health and care workers
BRB,2023,INFLUENZA_ADULT,1,PW,Pregnant women,NATIONAL,,Pregnant women
BRB,2023,INFLUENZA_ADULT,1,RISKGROUPS,Risk group(s),NATIONAL,,"Adults with chronic conditions, residents living in long-term care facilities, other groups"
BRB,2023,INFLUENZA_PEDIATRIC,1,RISKGROUPS,Risk group(s),NATIONAL,,Children with chronic conditions: On referral by Pediatricians only
BRB,2023,IPV,1,,General/routine,NATIONAL,M2,
BRB,2023,IPV,2,,General/routine,NATIONAL,M4,
BRB,2023,MMR,1,,General/routine,NATIONAL,M12,
BRB,2023,MMR,2,,General/routine,NATIONAL,M18,
BRB,2023,OPV,3,,General/routine,NATIONAL,M6,
BRB,2023,OPV,4,,General/routine,NATIONAL,Y1.5,
BRB,2023,OPV,5,,General/routine,NATIONAL,Y4.5,
BRB,2023,OPV,6,,General/routine,NATIONAL,Y10-Y11,
BRB,2023,PCV13,1,,General/routine,NATIONAL,M2,
BRB,2023,PCV13,2,,General/routine,NATIONAL,M4,
BRB,2023,PCV13,3,,General/routine,NATIONAL,M6,
BRB,2023,TD_S,6,B_ADO_W,General/routine,NATIONAL,Y10-Y11,
BRB,2023,TD_S,1,PW,Pregnant women,NATIONAL,,Pregnant women where necessary (if they have not had a booster in a 10 year period). This is usually administered in the 2nd trimester.
BRB,2023,VARICELLA,1,,General/routine,NATIONAL,M12,
BRB,2023,VARICELLA,1,HW,Health workers,NATIONAL,1st contact,HCW
BRB,2023,VARICELLA,2,HW,Health workers,NATIONAL,+W6,HCW
BRB,2023,YF,1,TRAVELLERS,Travellers,NATIONAL,1st contact,Travellers to YF endemic countries
BRN,2023,BCG,1,,General/routine,NATIONAL,B,
BRN,2023,DTAPHIBHEPBIPV,1,,General/routine,NATIONAL,M2,
BRN,2023,DTAPHIBHEPBIPV,2,,General/routine,NATIONAL,M4,
BRN,2023,DTAPHIBHEPBIPV,3,,General/routine,NATIONAL,M6,
BRN,2023,DTAPIPV,4,B_CHILD_W,General/routine,NATIONAL,Y5,
BRN,2023,HEPB_PEDIATRIC,1,,General/routine,NATIONAL,B,
BRN,2023,HIB,4,,General/routine,NATIONAL,Y1,
BRN,2023,HPV9,1,FEMALE,HPV for females only,NATIONAL,Y13,females; in school year 7
BRN,2023,HPV9,2,FEMALE,HPV for females only,NATIONAL,+M6,females; in school year 7
BRN,2023,INFLUENZA_ADULT,1,ADULTS,Adults,NATIONAL,>Y18,and older persons >=60 years old
BRN,2023,INFLUENZA_ADULT,1,HW,Health workers,NATIONAL,,Health and care workers
BRN,2023,INFLUENZA_ADULT,1,PW,Pregnant women,NATIONAL,,Pregnant women
BRN,2023,INFLUENZA_ADULT,1,RISKGROUPS,Risk group(s),NATIONAL,,"Adults with chronic conditions, residents living in long-term care facilities, other groups"
BRN,2023,INFLUENZA_PEDIATRIC,2,,General/routine,NATIONAL,>=M6,M19-24 - dose 2
BRN,2023,INFLUENZA_PEDIATRIC,1,,General/routine,NATIONAL,>=M6,M18 - dose 1
BRN,2023,INFLUENZA_PEDIATRIC,1,RISKGROUPS,Risk group(s),NATIONAL,,Children with chronic conditions
BRN,2023,MEN_ACYW_135CONJ,1,TRAVELLERS,Travellers,NATIONAL,,travellers (Hajj pilgrimage)
BRN,2023,MMR,1,,General/routine,NATIONAL,M12,
BRN,2023,MMR,2,,General/routine,NATIONAL,M18,
BRN,2023,PCV13,1,RISKGROUPS,Risk group(s),NATIONAL,,"2+1 dose to preterm babies, children with chronic medical conditions at the tertiary hospital (Paediatric department)"
BRN,2023,TT,1,PW,Pregnant women,NATIONAL,,primigravidas at 28wks + 32wks pregnant
BRN,2023,TT,2,PW,Pregnant women,NATIONAL,,primigravidas at 28wks + 32wks pregnant
BTN,2023,BCG,1,,General/routine,NATIONAL,B,
BTN,2023,DTWP,4,B_2YL_F,General/routine,NATIONAL,M24,
BTN,2023,DTWPHIBHEPB,1,,General/routine,NATIONAL,W6,
BTN,2023,DTWPHIBHEPB,2,,General/routine,NATIONAL,W10,
BTN,2023,DTWPHIBHEPB,3,,General/routine,NATIONAL,W14,
BTN,2023,HEPB_PEDIATRIC,1,,General/routine,NATIONAL,B,At birth within 24 hours
BTN,2023,HPV4,1,BOTH,HPV administered to females and males,NATIONAL,Y12,Females and males
BTN,2023,HPV4,3,BOTH,HPV administered to females and males,NATIONAL,+M6,Females and males
BTN,2023,INFLUENZA_ADULT,1,ADULTS,Adults,NATIONAL,,Older persons
BTN,2023,INFLUENZA_ADULT,1,HW,Health workers,NATIONAL,,Health and care workers
BTN,2023,INFLUENZA_ADULT,1,PW,Pregnant women,NATIONAL,,Pregnant women
BTN,2023,INFLUENZA_ADULT,1,RISKGROUPS,Risk group(s),NATIONAL,,"Adults with chronic conditions, residents living in long-term care facilities, other groups"
BTN,2023,INFLUENZA_PEDIATRIC,1,,General/routine,NATIONAL,M6-M24,
BTN,2023,INFLUENZA_PEDIATRIC,1,RISKGROUPS,Risk group(s),NATIONAL,,Children with chronic conditions
BTN,2023,IPV,1,,General/routine,NATIONAL,W14,
BTN,2023,IPV,2,,General/routine,NATIONAL,W32,
BTN,2023,MMR,1,,General/routine,NATIONAL,M9,
BTN,2023,MMR,2,,General/routine,NATIONAL,M24,
BTN,2023,OPV,1,,General/routine,NATIONAL,B,
BTN,2023,OPV,2,,General/routine,NATIONAL,W6,
BTN,2023,OPV,3,,General/routine,NATIONAL,W10,
BTN,2023,OPV,4,,General/routine,NATIONAL,W14,
BTN,2023,PCV13,1,,General/routine,NATIONAL,W6,from January 2019
BTN,2023,PCV13,2,,General/routine,NATIONAL,W10,from January 2019
BTN,2023,PCV13,3,,General/routine,NATIONAL,M9,from January 2019
BTN,2023,TD_S,5,B_CHILD_W,General/routine,NATIONAL,Y6,
BTN,2023,TD_S,6,B_ADO_W,General/routine,NATIONAL,Y12,
BTN,2023,TD_S,2,PW,Pregnant women,NATIONAL,+M1,"Pregnant women 1st dose at first contact, 2nd dose after one month interval"
BTN,2023,TD_S,1,PW,Pregnant women,NATIONAL,1st contact,"Pregnant women 1st dose at first contact, 2nd dose after one month interval"
BTN,2023,VITAMINA,1,,General/routine,NATIONAL,M6,
BTN,2023,VITAMINA,2,,General/routine,NATIONAL,M12,
BTN,2023,VITAMINA,3,,General/routine,NATIONAL,M18,
BTN,2023,VITAMINA,4,,General/routine,NATIONAL,M24,
BTN,2023,VITAMINA,5,,General/routine,NATIONAL,M30,
BTN,2023,VITAMINA,6,,General/routine,NATIONAL,M36,
BWA,2023,BCG,1,,General/routine,NATIONAL,B,
BWA,2023,DT,4,,General/routine,NATIONAL,M18,
BWA,2023,DTWPHIBHEPB,1,,General/routine,NATIONAL,M2,
BWA,2023,DTWPHIBHEPB,2,,General/routine,NATIONAL,M3,
BWA,2023,DTWPHIBHEPB,3,,General/routine,NATIONAL,M4,
BWA,2023,HEPB_PEDIATRIC,1,,General/routine,NATIONAL,B,
BWA,2023,HPV4,1,FEMALE,HPV for females only,NATIONAL,Y9-Y13,"Females; standard 5 school students, 9-13 years out of school"
BWA,2023,HPV4,2,FEMALE,HPV for females only,NATIONAL,+M6,"Females; standard 5 school students, 9-13 years out of school"
BWA,2023,IPV,1,,General/routine,NATIONAL,M4,
BWA,2023,MR,1,,General/routine,NATIONAL,M9,
BWA,2023,MR,2,,General/routine,NATIONAL,M18,
BWA,2023,OPV,1,,General/routine,NATIONAL,M2,
BWA,2023,OPV,2,,General/routine,NATIONAL,M3,
BWA,2023,OPV,3,,General/routine,NATIONAL,M4,
BWA,2023,OPV,4,,General/routine,NATIONAL,M18,
BWA,2023,OPV,5,,General/routine,NATIONAL,Y7,
BWA,2023,PCV13,1,,General/routine,NATIONAL,M2,
BWA,2023,PCV13,2,,General/routine,NATIONAL,M3,
BWA,2023,PCV13,3,,General/routine,NATIONAL,M4,
BWA,2023,ROTAVIRUS_1,1,,General/routine,NATIONAL,M2,
BWA,2023,ROTAVIRUS_1,2,,General/routine,NATIONAL,M3,
BWA,2023,ROTAVIRUS_1,3,,General/routine,NATIONAL,M4,
BWA,2023,TD_S,1,ADULTS,Adults,NATIONAL,1st contact,"1st contact pregnancy, pregnant women, WCBA"
BWA,2023,TD_S,2,ADULTS,Adults,NATIONAL,+W4,"1st contact pregnancy, pregnant women, WCBA"
BWA,2023,TD_S,5,ADULTS,Adults,NATIONAL,+Y1,"1st contact pregnancy, pregnant women, WCBA"
BWA,2023,TD_S,4,ADULTS,Adults,NATIONAL,+Y1,"1st contact pregnancy, pregnant women, WCBA"
BWA,2023,TD_S,3,ADULTS,Adults,NATIONAL,+M6,"1st contact pregnancy, pregnant women, WCBA"
BWA,2023,TD_S,3,,General/routine,NATIONAL,+M6,"1st contact pregnancy, pregnant women, WCBA"
BWA,2023,TD_S,4,,General/routine,NATIONAL,+Y1,"1st contact pregnancy, pregnant women, WCBA"
BWA,2023,TD_S,5,B_CHILD_W,General/routine,NATIONAL,Y7,
BWA,2023,TD_S,5,,General/routine,NATIONAL,+Y1,"1st contact pregnancy, pregnant women, WCBA"
BWA,2023,TD_S,6,B_ADO_W,General/routine,NATIONAL,Y13,
BWA,2023,TD_S,2,,General/routine,NATIONAL,+W4,"1st contact pregnancy, pregnant women, WCBA"
BWA,2023,TD_S,1,,General/routine,NATIONAL,1st contact,"1st contact pregnancy, pregnant women, WCBA"
BWA,2023,TD_S,2,PW,Pregnant women,NATIONAL,+W4,"1st contact pregnancy, pregnant women, WCBA"
BWA,2023,TD_S,3,PW,Pregnant women,NATIONAL,+M6,"1st contact pregnancy, pregnant women, WCBA"
BWA,2023,TD_S,1,PW,Pregnant women,NATIONAL,1st contact,"1st contact pregnancy, pregnant women, WCBA"
BWA,2023,TD_S,5,PW,Pregnant women,NATIONAL,+Y1,"1st contact pregnancy, pregnant women, WCBA"
BWA,2023,TD_S,4,PW,Pregnant women,NATIONAL,+Y1,"1st contact pregnancy, pregnant women, WCBA"
BWA,2023,VITAMINA,1,,General/routine,NATIONAL,M6,
BWA,2023,VITAMINA,2,,General/routine,NATIONAL,M12,
BWA,2023,VITAMINA,3,,General/routine,NATIONAL,M18,
BWA,2023,VITAMINA,4,,General/routine,NATIONAL,M24,
BWA,2023,VITAMINA,5,,General/routine,NATIONAL,M30,
BWA,2023,VITAMINA,6,,General/routine,NATIONAL,M36,
BWA,2023,YF,1,TRAVELLERS,Travellers,NATIONAL,1st contact,as needed for special persons (i.e. travellers)
BWA,2023,YF,2,TRAVELLERS,Travellers,NATIONAL,+Y10,as needed for special persons (i.e. travellers)
CAF,2023,BCG,1,,General/routine,NATIONAL,B,Naissances vivantes
CAF,2023,DTWPHIBHEPB,1,,General/routine,NATIONAL,W6,Survivants
CAF,2023,DTWPHIBHEPB,2,,General/routine,NATIONAL,W10,Survivants
CAF,2023,DTWPHIBHEPB,3,,General/routine,NATIONAL,W14,Survivants
CAF,2023,IPV,1,,General/routine,NATIONAL,W14,Survivants
CAF,2023,MEASLES,1,,General/routine,NATIONAL,M9,Survivants
CAF,2023,MEN_A_CONJ,1,,General/routine,NATIONAL,M9,Survivants
CAF,2023,OPV,1,,General/routine,NATIONAL,B,Survivants
CAF,2023,OPV,2,,General/routine,NATIONAL,W6,Survivants
CAF,2023,OPV,3,,General/routine,NATIONAL,W10,Survivants
CAF,2023,OPV,4,,General/routine,NATIONAL,W14,Survivants
CAF,2023,PCV13,1,,General/routine,NATIONAL,W6,Survivants
CAF,2023,PCV13,2,,General/routine,NATIONAL,W10,Survivants
CAF,2023,PCV13,3,,General/routine,NATIONAL,W14,Survivants
CAF,2023,TD_S,1,PW,Pregnant women,NATIONAL,1st contact,Femmes enceintes - 1er contact grossesse
CAF,2023,TD_S,2,PW,Pregnant women,NATIONAL,+M1,Femmes enceintes - 1er contact grossesse
CAF,2023,TD_S,3,PW,Pregnant women,NATIONAL,+M6,Femmes enceintes - 1er contact grossesse
CAF,2023,TD_S,4,PW,Pregnant women,NATIONAL,+Y1,Femmes enceintes - 1er contact grossesse
CAF,2023,TD_S,5,PW,Pregnant women,NATIONAL,+Y1,Femmes enceintes - 1er contact grossesse
CAF,2023,VITAMINA,1,,General/routine,NATIONAL,M6,Survivants
CAF,2023,YF,1,,General/routine,NATIONAL,M9,Survivants
CAN,2023,BCG,1,,General/routine,SUBNATIONAL,M1,Given in: NT and NU
CAN,2023,DTAPHIBHEPBIPV,1,,General/routine,SUBNATIONAL,M2,"Given in provinces/territories: x3 doses at M2, M4, M6 in BC, AB, PE, YT; x2 doses at M2, M4 in QC"
CAN,2023,DTAPHIBHEPBIPV,2,,General/routine,SUBNATIONAL,M4,"Given in provinces/territories: x3 doses at M2, M4, M6 in BC, AB, PE, YT; x2 doses at M2, M4 in QC"
CAN,2023,DTAPHIBHEPBIPV,3,,General/routine,SUBNATIONAL,M6,"Given in provinces/territories: x3 doses at M2, M4, M6 in BC, AB, PE, YT; x2 doses at M2, M4 in QC"
CAN,2023,DTAPHIBIPV,1,,General/routine,NATIONAL,M2,"Given in provinces/territories: x4 doses at M2, M4, M6, M18 in SK, MB, ON, NB, NS, NL, NT, NU; x1 dose at M18 in BC, AB, PE, YT; x1 dose at M12 in QC"
CAN,2023,DTAPHIBIPV,2,,General/routine,NATIONAL,M4,"Given in provinces/territories: x4 doses at M2, M4, M6, M18 in SK, MB, ON, NB, NS, NL, NT, NU; x1 dose at M18 in BC, AB, PE, YT; x1 dose at M12 in QC"
CAN,2023,DTAPHIBIPV,3,,General/routine,NATIONAL,M6-M12,"Given in provinces/territories: x4 doses at M2, M4, M6, M18 in SK, MB, ON, NB, NS, NL, NT, NU; x1 dose at M18 in BC, AB, PE, YT; x1 dose at M12 in QC"
CAN,2023,DTAPHIBIPV,4,B_2YL_W,General/routine,NATIONAL,M18,"Given in provinces/territories: x4 doses at M2, M4, M6, M18 in SK, MB, ON, NB, NS, NL, NT, NU; x1 dose at M18 in BC, AB, PE, YT; x1 dose at M12 in QC"
CAN,2023,HEPA_HEPB,1,CATCHUP_C,Catch-up children,SUBNATIONAL,,"Given in province: QC at M18, catch-up program in 3rd year secondary school in QC, and temporary catch-up schedule for children in the fourth year of primary school (hepatitis A only)"
CAN,2023,HEPA_HEPB,1,,General/routine,SUBNATIONAL,M18,"Given in province: QC at M18, catch-up program in 3rd year secondary school in QC, and temporary catch-up schedule for children in the fourth year of primary school (hepatitis A only)"
CAN,2023,HEPA_PEDIATRIC,1,CATCHUP_C,Catch-up children,SUBNATIONAL,,"Given in province: QC at M18, catch-up program in 3rd year secondary school in QC, and temporary catch-up schedule for children in the fourth year of primary school (hepatitis A only)"
CAN,2023,HEPB_PEDIATRIC,1,CATCHUP_C,Catch-up children,SUBNATIONAL,,x3 doses in grade 6 in AB (catch up program)
CAN,2023,HEPB_PEDIATRIC,2,,General/routine,SUBNATIONAL,M1-Y12,"Given in province/territories: at birth, M2, M6 in NB; at birth, M1, M6 in NT; at birth, M1, M9 in NU. x3 doses in grade 6 in AB (catch up program); x2 doses in grade 6 in SK, MB, NL; x2 doses in grade 7 in ON, NS"
CAN,2023,HEPB_PEDIATRIC,3,,General/routine,SUBNATIONAL,M6-M9,"Given in province/territories: at birth, M2, M6 in NB; at birth, M1, M6 in NT; at birth, M1, M9 in NU. x3 doses in grade 6 in AB (catch up program); x2 doses in grade 6 in SK, MB, NL; x2 doses in grade 7 in ON, NS"
CAN,2023,HEPB_PEDIATRIC,1,,General/routine,SUBNATIONAL,B-Y12,"Given in province/territories: at birth, M2, M6 in NB; at birth, M1, M6 in NT; at birth, M1, M9 in NU. x3 doses in grade 6 in AB (catch up program); x2 doses in grade 6 in SK, MB, NL; x2 doses in grade 7 in ON, NS"
CAN,2023,HPV9,3,CATCHUP_C,Catch-up children,SUBNATIONAL,,"females and males; x2 in gr.6 in BC, AB, SK, MB, PE, NL, YT, NU; x2 in gr.7 in NS, NB; ON; 1x in 4th yr primary school + 1x in 3rd yr secondary school in QC and catch-up in 3rd year secondary school in QC; x2 9-14yrs, x3 15+yrs in NT"
CAN,2023,HPV9,1,BOTH,HPV administered to females and males,NATIONAL,Y9-Y13,"females and males; 2nd dose 6 months after the 1st dose; x2 in gr.6 in BC, AB, SK, MB, PE, NL, YT, NU; x2 in gr.7 in NS, NB; ON; 1x in 4th yr primary school + 1x in 3rd yr secondary school in QC and catch-up in 3rd year secondary school in QC; x2 9-14yrs, x3 15+yrs in NT"
CAN,2023,HPV9,2,BOTH,HPV administered to females and males,NATIONAL,Y11-Y16,"females and males; 2nd dose 6 months after the 1st dose; x2 in gr.6 in BC, AB, SK, MB, PE, NL, YT, NU; x2 in gr.7 in NS, NB; ON; 1x in 4th yr primary school + 1x in 3rd yr secondary school in QC and catch-up in 3rd year secondary school in QC; x2 9-14yrs, x3 15+yrs in NT"
CAN,2023,INFLUENZA_ADULT,1,ADULTS,Adults,NATIONAL,>=Y18,and older persons >=Y65
CAN,2023,INFLUENZA_ADULT,1,HW,Health workers,NATIONAL,,Health and care workers
CAN,2023,INFLUENZA_ADULT,1,PW,Pregnant women,NATIONAL,,Pregnant women
CAN,2023,INFLUENZA_ADULT,1,RISKGROUPS,Risk group(s),NATIONAL,,"Adults with chronic conditions, residents living in long-term care facilities, other groups"
CAN,2023,INFLUENZA_PEDIATRIC,2,,General/routine,NATIONAL,M6-Y4,
CAN,2023,INFLUENZA_PEDIATRIC,1,,General/routine,NATIONAL,M6-Y17,
CAN,2023,INFLUENZA_PEDIATRIC,1,RISKGROUPS,Risk group(s),NATIONAL,,Children with chronic conditions
CAN,2023,MEN_ACYW_135CONJ,1,,General/routine,SUBNATIONAL,Y9-Y17,"Given in provinces/territories: x1 at grade 9 in BC, AB, NB, PE, YT and NU; x1 at grade 6 in SK, MB; x1 at grade 7 in ON, NS; x1 in grade 4 in NL; x1 in grade 12 in NT; and x1 3rd year of secondary school in QC"
CAN,2023,MEN_C_CONJ,1,CATCHUP_C,Catch-up children,SUBNATIONAL,,catch-up in 3rd year secondary school in QC
CAN,2023,MEN_C_CONJ,2,,General/routine,SUBNATIONAL,M12,"Given in provinces/territories: x2 doses at M2, M12 in BC, YT, NT; x2 doses at M4, M12 in AB; x1 dose at M12 in SK, MB, ON, NB, NS, PE, NL, NU; x1 dose at M18 in QC; and catch-up in 3rd year secondary school in QC"
CAN,2023,MEN_C_CONJ,1,,General/routine,NATIONAL,M2-M18,"Given in provinces/territories: x2 doses at M2, M12 in BC, YT, NT; x2 doses at M4, M12 in AB; x1 dose at M12 in SK, MB, ON, NB, NS, PE, NL, NU; x1 dose at M18 in QC; and catch-up in 3rd year secondary school in QC"
CAN,2023,MMR,1,,General/routine,SUBNATIONAL,M12,"Given in provinces/territory: BC, ON, YT"
CAN,2023,MMRV,1,CATCHUP_C,Catch-up children,SUBNATIONAL,,catch-up in 3rd year secondary school in QC
CAN,2023,MMRV,1,,General/routine,SUBNATIONAL,M12,"Given in provinces/territories: x2 - M12, Y4-Y6 in MB; x2 - M12, M18 in  AB, SK, QC,  NB, NS,  PE, NL, NT, NU; x1 - Y4-Y6 in BC, ON, YT (2nd dose); and catch-up in 3rd year secondary school in QC"
CAN,2023,MMRV,2,,General/routine,NATIONAL,M18-Y6,"Given in provinces/territories: x2 - M12, Y4-Y6 in MB; x2 - M12, M18 in  AB, SK, QC,  NB, NS,  PE, NL, NT, NU; x1 - Y4-Y6 in BC, ON, YT (2nd dose); and catch-up in 3rd year secondary school in QC"
CAN,2023,PCV10,1,,General/routine,SUBNATIONAL,M2,Province of Quebec
CAN,2023,PCV10,2,,General/routine,SUBNATIONAL,M4,Province of Quebec
CAN,2023,PCV13,1,,General/routine,NATIONAL,M2-M12,"PCV13 given in provinces/territories: x3 at M2, M4, M12 in BC, AB, SK, MB, ON, NB, NS, PE, NL, YT, PCV13 given in QC x1 at M12; PCV13 given in NT x4 at M2 M4 M6 M18 and in NU x4 at M2 M4 M6 M15"
CAN,2023,PCV13,2,,General/routine,NATIONAL,M4,"PCV13 given in provinces/territories: x3 at M2, M4, M12 in BC, AB, SK, MB, ON, NB, NS, PE, NL, YT, PCV13 given in QC x1 at M12; PCV13 given in NT x4 at M2 M4 M6 M18 and in NU x4 at M2 M4 M6 M15"
CAN,2023,PCV13,3,,General/routine,NATIONAL,M6-M12,"PCV13 given in provinces/territories: x3 at M2, M4, M12 in BC, AB, SK, MB, ON, NB, NS, PE, NL, YT, PCV13 given in QC x1 at M12; PCV13 given in NT x4 at M2 M4 M6 M18 and in NU x4 at M2 M4 M6 M15"
CAN,2023,PCV13,4,,General/routine,NATIONAL,M15-M18,"PCV13 given in provinces/territories: x3 at M2, M4, M12 in BC, AB, SK, MB, ON, NB, NS, PE, NL, YT, PCV13 given in QC x1 at M12; PCV13 given in NT x4 at M2 M4 M6 M18 and in NU x4 at M2 M4 M6 M15"
CAN,2023,PPV23,1,ADULTS,Adults,NATIONAL,>=Y50,"Schedule information was collected for healthy, previously immunized adults. Given as one dose in all jurisdictions at 65yrs+, except NU. In NU, one dose given to those 50+. In YK, given to all those 65+ and all residents of extended or intermediate care facilities and high-risk individuals."
CAN,2023,PPV23,1,,General/routine,SUBNATIONAL,Y2-Y3,Given in territory: NU between Y2-Y3
CAN,2023,PPV23,1,RISKGROUPS,Risk group(s),SUBNATIONAL,,"Schedule information was collected for healthy, previously immunized adults. Given as one dose in all jurisdictions at 65yrs+, except NU. In NU, one dose given to those 50+. In YK, given to all those 65+ and all residents of extended or intermediate care facilities and high-risk individuals."
CAN,2023,ROTAVIRUS_1,1,,General/routine,SUBNATIONAL,M2,"x2 doses at M2, M4 in BC, AB, MB,ON,QC, NL"
CAN,2023,ROTAVIRUS_1,2,,General/routine,SUBNATIONAL,M4,"x2 doses at M2, M4 in BC, AB, MB,ON,QC, NL"
CAN,2023,ROTAVIRUS_5,1,,General/routine,SUBNATIONAL,M2,"Given in provinces/territories: x3 doses at M2, M4, M6 in  SK, NB, NS, PE, YT, NT, NU;"
CAN,2023,ROTAVIRUS_5,2,,General/routine,SUBNATIONAL,M4,"Given in provinces/territories: x3 doses at M2, M4, M6 in  SK, NB, NS, PE, YT, NT, NU;"
CAN,2023,ROTAVIRUS_5,3,,General/routine,SUBNATIONAL,M6,"Given in provinces/territories: x3 doses at M2, M4, M6 in  SK, NB, NS, PE, YT, NT, NU;"
CAN,2023,TD_S,1,ADULTS,Adults,SUBNATIONAL,1st contact,"Schedule information was collected for healthy, previously immunized adults. Given in provinces/territories every 10 yr in BC, SK, MB, ON, NB, NS, YT, NU; x1 in at 50 yrs in QC"
CAN,2023,TD_S,2,ADULTS,Adults,SUBNATIONAL,+Y10,"Schedule information was collected for healthy, previously immunized adults. Given in provinces/territories every 10 yr in BC, SK, MB, ON, NB, NS, YT, NU; x1 in at 50 yrs in QC"
CAN,2023,TD_S,1,B_ADO_W,General/routine,SUBNATIONAL,Y15,Given in 3rd year of high school in QC
CAN,2023,TDAP_S,2,ADULTS,Adults,SUBNATIONAL,+Y10,"Schedule information was collected for healthy, previously immunized adults. Given with each pregnancy in BC and QC; Given every 10 years and each pregnancy in AB, PE, NL, and NT; One booster dose per adult lifetime and each pregnancy in SK, MB, ON, NB, NS, YT, and NU."
CAN,2023,TDAP_S,1,ADULTS,Adults,SUBNATIONAL,1st contact,"Schedule information was collected for healthy, previously immunized adults. Given with each pregnancy in BC and QC; Given every 10 years and each pregnancy in AB, PE, NL, and NT; One booster dose per adult lifetime and each pregnancy in SK, MB, ON, NB, NS, YT, and NU."
CAN,2023,TDAP_S,1,B_ADO_W,General/routine,SUBNATIONAL,Y11-Y16,"Given in provinces/territories: x1 in gr.9 in BC, AB, PE, NL, YT; x1 in gr.8 in SK; x1 in gr.7 in NB, NS, NT; x1 gr.6 in NU; x1 in gr.8 or 9 in MB; x1 at Y14-Y16 in ON"
CAN,2023,TDAP_S,1,PW,Pregnant women,NATIONAL,,"Schedule information was collected for healthy, previously immunized adults. Given with each pregnancy in BC and QC; Given every 10 years and each pregnancy in AB, PE, NL, and NT; One booster dose per adult lifetime and each pregnancy in SK, MB, ON, NB, NS, YT, and NU."
CAN,2023,TDAP_S_IPV,1,CATCHUP_C,Catch-up children,SUBNATIONAL,,QC catch-up in 3rd year secondary school
CAN,2023,TDAP_S_IPV,1,B_CHILD_W,General/routine,NATIONAL,Y4-Y6,"Given in provinces/territories: between Y4-Y6 in BC, SK, MB, ON, QC, NS, NL, NT, YT, NU (DTaPHibIPV sub in NL, NT if shortage); between Y4-Y5 in PE; at Y4 in AB, NB; and in province: QC catch-up in 3rd year secondary school"
CAN,2023,VARICELLA,1,CATCHUP_C,Catch-up children,SUBNATIONAL,,"Given in: M12 in BC, YT; M15 in ON; grade 6 in NU (catch-up program); between Y4-Y6 in QC (catch-up program)"
CAN,2023,VARICELLA,1,,General/routine,SUBNATIONAL,M12-M15,"Given in: M12 in BC, YT; M15 in ON; grade 6 in NU (catch-up program); between Y4-Y6 in QC (catch-up program)"
CAN,2023,ZOSTER,1,ADULTS,Adults,SUBNATIONAL,>=Y60,"Schedule information was collected for healthy, previously immunized adults. Given 2X in provinces: ON (65 to 70), PEI (60 and older), YT(65 to 79) and QC (80years and older) - 1st dose: Y60+/Y65to70/Y80+/Y65to79, 2nd dose: Y60+/Y65to70/Y80+/Y65to79"
CAN,2023,ZOSTER,2,ADULTS,Adults,SUBNATIONAL,>=Y60,"Schedule information was collected for healthy, previously immunized adults. Given 2X in provinces: ON (65 to 70), PEI (60 and older), YT(65 to 79) and QC (80years and older) - 1st dose: Y60+/Y65to70/Y80+/Y65to79, 2nd dose: Y60+/Y65to70/Y80+/Y65to79"
CHE,2023,DTAPHIBHEPBIPV,1,,General/routine,NATIONAL,M2,
CHE,2023,DTAPHIBHEPBIPV,2,,General/routine,NATIONAL,M4,
CHE,2023,DTAPHIBHEPBIPV,3,,General/routine,NATIONAL,M12,
CHE,2023,DTAPIPV,4,B_CHILD_W,General/routine,NATIONAL,Y4-Y7,
CHE,2023,HEPB_ADULT,1,,General/routine,NATIONAL,Y11-Y15,
CHE,2023,HEPB_ADULT,2,,General/routine,NATIONAL,+M6,
CHE,2023,HEPB_PEDIATRIC,1,RISKGROUPS,Risk group(s),NATIONAL,B,if mother is HBA1c-pos
CHE,2023,HPV4,1,BOTH,HPV administered to females and males,NATIONAL,Y11-Y14,Females and males
CHE,2023,HPV4,2,BOTH,HPV administered to females and males,NATIONAL,+M6,Females and males
CHE,2023,INFLUENZA_ADULT,1,ADULTS,Adults,NATIONAL,>=Y65,
CHE,2023,INFLUENZA_ADULT,1,HW,Health workers,NATIONAL,,Health and care workers
CHE,2023,INFLUENZA_ADULT,1,PW,Pregnant women,NATIONAL,,Pregnant women
CHE,2023,INFLUENZA_ADULT,1,RISKGROUPS,Risk group(s),NATIONAL,,"Adults with chronic conditions, residents living in long-term care facilities"
CHE,2023,INFLUENZA_PEDIATRIC,1,RISKGROUPS,Risk group(s),NATIONAL,,Children with chronic conditions
CHE,2023,MEN_ACYW_135CONJ,1,,General/routine,NATIONAL,M24,
CHE,2023,MEN_ACYW_135CONJ,2,,General/routine,NATIONAL,Y11-Y15,
CHE,2023,MMR,1,,General/routine,NATIONAL,M9,
CHE,2023,MMR,2,,General/routine,NATIONAL,M12,
CHE,2023,PCV13,1,,General/routine,NATIONAL,M2,
CHE,2023,PCV13,2,,General/routine,NATIONAL,M4,
CHE,2023,PCV13,3,,General/routine,NATIONAL,M12,
CHE,2023,TBE_ADULT,1,RISKGROUPS,Risk group(s),SUBNATIONAL,1st contact,"All persons who are regularly in forested areas, except in Geneva and Ticino Cantons"
CHE,2023,TBE_ADULT,2,RISKGROUPS,Risk group(s),SUBNATIONAL,+M1,"All persons who are regularly in forested areas, except in Geneva and Ticino Cantons"
CHE,2023,TBE_ADULT,3,RISKGROUPS,Risk group(s),SUBNATIONAL,+M6-M10,"All persons who are regularly in forested areas, except in Geneva and Ticino Cantons"
CHE,2023,TBE_PEDIATRIC,1,RISKGROUPS,Risk group(s),SUBNATIONAL,Y6,"All persons who are regularly in forested areas, except in Geneva and Ticino Cantons"
CHE,2023,TBE_PEDIATRIC,2,RISKGROUPS,Risk group(s),SUBNATIONAL,+M1,"All persons who are regularly in forested areas, except in Geneva and Ticino Cantons"
CHE,2023,TBE_PEDIATRIC,3,RISKGROUPS,Risk group(s),SUBNATIONAL,+M6-M10,"All persons who are regularly in forested areas, except in Geneva and Ticino Cantons"
CHE,2023,TD_S,1,ADULTS,Adults,NATIONAL,Y25,
CHE,2023,TD_S,2,ADULTS,Adults,NATIONAL,Y45,
CHE,2023,TD_S,3,ADULTS,Adults,NATIONAL,Y65,
CHE,2023,TDAP_S_IPV,5,B_ADO_W,General/routine,NATIONAL,Y11-Y15,
CHE,2023,VARICELLA,1,,General/routine,NATIONAL,M9,
CHE,2023,VARICELLA,2,,General/routine,NATIONAL,M12,
CHE,2023,VARICELLA,2,RISKGROUPS,Risk group(s),NATIONAL,Y11-Y14,Vaccination only recommended if no previous natural infection
CHE,2023,VARICELLA,1,RISKGROUPS,Risk group(s),NATIONAL,Y11-Y14,Vaccination only recommended if no previous natural infection
CHE,2023,YF,1,TRAVELLERS,Travellers,NATIONAL,,Travellers
CHE,2023,ZOSTER,2,ADULTS,Adults,NATIONAL,+M2,"All persons Y65+, Immunocompromised persons from age 50Y, and severely immunocompromised persons from age 18+"
CHE,2023,ZOSTER,1,ADULTS,Adults,NATIONAL,Y65,"All persons Y65+, Immunocompromised persons from age 50Y, and severely immunocompromised persons from age 18+"
CHE,2023,ZOSTER,2,RISKGROUPS,Risk group(s),NATIONAL,+M2,"All persons Y65+, Immunocompromised persons from age 50Y, and severely immunocompromised persons from age 18+"
CHE,2023,ZOSTER,1,RISKGROUPS,Risk group(s),NATIONAL,1st contact,"All persons Y65+, Immunocompromised persons from age 50Y, and severely immunocompromised persons from age 18+"
CHL,2023,BCG,1,,General/routine,NATIONAL,B,
CHL,2023,DTAPHIBHEPBIPV,1,,General/routine,NATIONAL,M2,
CHL,2023,DTAPHIBHEPBIPV,2,,General/routine,NATIONAL,M4,
CHL,2023,DTAPHIBHEPBIPV,3,,General/routine,NATIONAL,M6,
CHL,2023,DTAPHIBHEPBIPV,4,B_2YL_W,General/routine,NATIONAL,M18,
CHL,2023,HEPA_PEDIATRIC,1,,General/routine,NATIONAL,M18,
CHL,2023,HEPB_ADULT,2,HW,Health workers,NATIONAL,+M1,"Hombre sexo con hombre, trabajadores sexuales, Personas viviendo con VIH, victimas de violencia sexual, Personas que ingresan a dilisis, Personas con infeccin por virus hepatitis C, profesionales y tcnicos del rea de la salud (pblico), vacunacin especial, Ley Ricarte Soto, Personas privadas por libertad, Profesionales y tcnicos del rea de salud, y personal que desarrolle labores de atencin de salud directa a pacientes, todos pertenecientes a establecimientos de salud de los Servicios de Salud del pas, experimentales y de la Atencin Primaria de Salud Municipal"
CHL,2023,HEPB_ADULT,3,HW,Health workers,NATIONAL,+M6,"Hombre sexo con hombre, trabajadores sexuales, Personas viviendo con VIH, victimas de violencia sexual, Personas que ingresan a dilisis, Personas con infeccin por virus hepatitis C, profesionales y tcnicos del rea de la salud (pblico), vacunacin especial, Ley Ricarte Soto, Personas privadas por libertad, Profesionales y tcnicos del rea de salud, y personal que desarrolle labores de atencin de salud directa a pacientes, todos pertenecientes a establecimientos de salud de los Servicios de Salud del pas, experimentales y de la Atencin Primaria de Salud Municipal"
CHL,2023,HEPB_ADULT,1,HW,Health workers,NATIONAL,1st contact,"Hombre sexo con hombre, trabajadores sexuales, Personas viviendo con VIH, victimas de violencia sexual, Personas que ingresan a dilisis, Personas con infeccin por virus hepatitis C, profesionales y tcnicos del rea de la salud (pblico), vacunacin especial, Ley Ricarte Soto, Personas privadas por libertad, Profesionales y tcnicos del rea de salud, y personal que desarrolle labores de atencin de salud directa a pacientes, todos pertenecientes a establecimientos de salud de los Servicios de Salud del pas, experimentales y de la Atencin Primaria de Salud Municipal"
CHL,2023,HEPB_ADULT,1,RISKGROUPS,Risk group(s),NATIONAL,1st contact,"Hombre sexo con hombre, trabajadores sexuales, Personas viviendo con VIH, victimas de violencia sexual, Personas que ingresan a dilisis, Personas con infeccin por virus hepatitis C, profesionales y tcnicos del rea de la salud (pblico), vacunacin especial, Ley Ricarte Soto, Personas privadas por libertad, Profesionales y tcnicos del rea de salud, y personal que desarrolle labores de atencin de salud directa a pacientes, todos pertenecientes a establecimientos de salud de los Servicios de Salud del pas, experimentales y de la Atencin Primaria de Salud Municipal"
CHL,2023,HEPB_ADULT,3,RISKGROUPS,Risk group(s),NATIONAL,+M6,"Hombre sexo con hombre, trabajadores sexuales, Personas viviendo con VIH, victimas de violencia sexual, Personas que ingresan a dilisis, Personas con infeccin por virus hepatitis C, profesionales y tcnicos del rea de la salud (pblico), vacunacin especial, Ley Ricarte Soto, Personas privadas por libertad, Profesionales y tcnicos del rea de salud, y personal que desarrolle labores de atencin de salud directa a pacientes, todos pertenecientes a establecimientos de salud de los Servicios de Salud del pas, experimentales y de la Atencin Primaria de Salud Municipal"
CHL,2023,HEPB_ADULT,2,RISKGROUPS,Risk group(s),NATIONAL,+M1,"Hombre sexo con hombre, trabajadores sexuales, Personas viviendo con VIH, victimas de violencia sexual, Personas que ingresan a dilisis, Personas con infeccin por virus hepatitis C, profesionales y tcnicos del rea de la salud (pblico), vacunacin especial, Ley Ricarte Soto, Personas privadas por libertad, Profesionales y tcnicos del rea de salud, y personal que desarrolle labores de atencin de salud directa a pacientes, todos pertenecientes a establecimientos de salud de los Servicios de Salud del pas, experimentales y de la Atencin Primaria de Salud Municipal"
CHL,2023,HEPB_PEDIATRIC,1,,General/routine,NATIONAL,B,La vacunacin se inici en abril de 2019
CHL,2023,HPV4,1,BOTH,HPV administered to females and males,NATIONAL,Y9,"Se administra a nias y nios de:  4¡ bsico (9 aos); nias  5¡ bsico (10 aos) En nias y nios desde los 9 a los 13 aos el intervalo es de 12 meses y desde los 14 aos en adelantes el esquema es 0,2,6 meses. El ao 2020 los nios que iniciaron su esquema el 2019 completaran con 2¡ dosis cuando cursen 5¡ bsico(10 aos)"
CHL,2023,HPV4,2,BOTH,HPV administered to females and males,NATIONAL,Y10,"Se administra a nias y nios de:  4¡ bsico (9 aos); nias  5¡ bsico (10 aos) En nias y nios desde los 9 a los 13 aos el intervalo es de 12 meses y desde los 14 aos en adelantes el esquema es 0,2,6 meses. El ao 2020 los nios que iniciaron su esquema el 2019 completaran con 2¡ dosis cuando cursen 5¡ bsico(10 aos)"
CHL,2023,INFLUENZA_ADULT,1,ADULTS,Adults,NATIONAL,>=Y65,
CHL,2023,INFLUENZA_ADULT,1,HW,Health workers,NATIONAL,,Health and care workers
CHL,2023,INFLUENZA_ADULT,1,PW,Pregnant women,NATIONAL,,Pregnant women
CHL,2023,INFLUENZA_ADULT,1,RISKGROUPS,Risk group(s),NATIONAL,,Other groups
CHL,2023,INFLUENZA_PEDIATRIC,1,,General/routine,NATIONAL,M6-Y5,
CHL,2023,INFLUENZA_PEDIATRIC,2,,General/routine,NATIONAL,Y5-Y10,
CHL,2023,MEN_ACYW_135CONJ,1,,General/routine,NATIONAL,Y1,
CHL,2023,MEN_B,1,,General/routine,NATIONAL,M2,Nias y nios de 2 y 4 meses. Se comienza a aplicar en julio de 2023.
CHL,2023,MEN_B,2,,General/routine,NATIONAL,M4,Nias y nios de 2 y 4 meses. Se comienza a aplicar en julio de 2023.
CHL,2023,MMR,1,,General/routine,NATIONAL,Y1,
CHL,2023,MMR,2,,General/routine,NATIONAL,M36,
CHL,2023,PCV13,1,,General/routine,NATIONAL,M2,
CHL,2023,PCV13,2,,General/routine,NATIONAL,M4,
CHL,2023,PCV13,3,,General/routine,NATIONAL,M12,
CHL,2023,PCV13,3,RISKGROUPS,Risk group(s),NATIONAL,M6,"Prematuros: adicional al esquema nacional de nios, solo a prematuros se administra una tercera dosis a los 6 meses"
CHL,2023,PPV23,1,ADULTS,Adults,NATIONAL,>=Y65,
CHL,2023,TDAP_S,5,B_CHILD_W,General/routine,NATIONAL,Y6,
CHL,2023,TDAP_S,6,B_ADO_W,General/routine,NATIONAL,Y13,
CHL,2023,TDAP_S,1,PW,Pregnant women,NATIONAL,,Embarazadas - Se administra en la SG28
CHL,2023,VARICELLA,1,,General/routine,NATIONAL,M18,se incorpora en enero del ao 2022
CHL,2023,VARICELLA,2,,General/routine,NATIONAL,M36,se incorpora en enero del ao 2022
CHL,2023,YF,1,,General/routine,SUBNATIONAL,M18,Solo en Isla de Pascua
CHN,2023,BCG,1,,General/routine,NATIONAL,B,
CHN,2023,DT,5,B_CHILD_W,General/routine,NATIONAL,Y6,
CHN,2023,DTAP,1,,General/routine,NATIONAL,M3,
CHN,2023,DTAP,2,,General/routine,NATIONAL,M4,
CHN,2023,DTAP,3,,General/routine,NATIONAL,M5,
CHN,2023,DTAP,4,B_2YL_W,General/routine,NATIONAL,M18,
CHN,2023,HEPA_INACTD,1,,General/routine,SUBNATIONAL,M18,"Hepatitis A live attenuated at M18, Hepatitis A inactivated at M18 and Y2"
CHN,2023,HEPA_INACTD,2,,General/routine,SUBNATIONAL,Y2,"Hepatitis A live attenuated at M18, Hepatitis A inactivated at M18 and Y2"
CHN,2023,HEPA_LIVEATD,1,,General/routine,NATIONAL,M18,"Hepatitis A live attenuated at M18, Hepatitis A inactivated at M18 and Y2"
CHN,2023,HEPB_PEDIATRIC,1,,General/routine,NATIONAL,B,
CHN,2023,HEPB_PEDIATRIC,2,,General/routine,NATIONAL,M1,
CHN,2023,HEPB_PEDIATRIC,3,,General/routine,NATIONAL,M6,
CHN,2023,IPV,1,,General/routine,NATIONAL,M2,
CHN,2023,IPV,2,,General/routine,NATIONAL,M3,
CHN,2023,JE_INACTD,1,,General/routine,SUBNATIONAL,M8,
CHN,2023,JE_INACTD,2,,General/routine,SUBNATIONAL,M8,2nd dose is administered +7-10 days after the 1st dose
CHN,2023,JE_INACTD,3,,General/routine,SUBNATIONAL,Y2,
CHN,2023,JE_INACTD,4,,General/routine,SUBNATIONAL,Y6,
CHN,2023,JE_LIVEATD,1,,General/routine,NATIONAL,M8,
CHN,2023,JE_LIVEATD,2,,General/routine,NATIONAL,Y2,
CHN,2023,MEN_A_PS,1,,General/routine,NATIONAL,M6,
CHN,2023,MEN_A_PS,2,,General/routine,NATIONAL,M9,
CHN,2023,MEN_AC_PS,1,,General/routine,NATIONAL,Y3,
CHN,2023,MEN_AC_PS,2,,General/routine,NATIONAL,Y6,
CHN,2023,MMR,1,,General/routine,NATIONAL,M8,
CHN,2023,MMR,2,,General/routine,NATIONAL,M18,
CHN,2023,OPV,3,,General/routine,NATIONAL,M4,
CHN,2023,OPV,4,,General/routine,NATIONAL,Y4,
CIV,2023,BCG,1,,General/routine,NATIONAL,B,naissances vivantes
CIV,2023,DTWPHIBHEPB,1,,General/routine,NATIONAL,W6,nourrissons survivants
CIV,2023,DTWPHIBHEPB,2,,General/routine,NATIONAL,W10,nourrissons survivants
CIV,2023,DTWPHIBHEPB,3,,General/routine,NATIONAL,W14,nourrissons survivants
CIV,2023,HEPB_PEDIATRIC,1,,General/routine,NATIONAL,B,dans les 24h qui suivent la naissance
CIV,2023,HPV4,1,FEMALE,HPV for females only,NATIONAL,Y9,filles de 9 ans; le vaccin HPV chez les jeunes filles de 9 ans s'administre en une seule dose depuis septembre 2023 en cote D'ivoire
CIV,2023,HPV4,2,FEMALE,HPV for females only,NATIONAL,+M6,filles de 9 ans; le vaccin HPV chez les jeunes filles de 9 ans s'administre en une seule dose depuis septembre 2023 en cote D'ivoire
CIV,2023,INFLUENZA_ADULT,1,ADULTS,Adults,NATIONAL,,Older persons
CIV,2023,INFLUENZA_ADULT,1,HW,Health workers,NATIONAL,,Health and care workers
CIV,2023,IPV,1,,General/routine,NATIONAL,W6,nourrissons survivants
CIV,2023,IPV,2,,General/routine,NATIONAL,W14,nourrissons survivants
CIV,2023,MEN_A_CONJ,1,,General/routine,NATIONAL,M9,nourrissons survivants
CIV,2023,MR,1,,General/routine,NATIONAL,M9,nourrissons survivants
CIV,2023,MR,2,,General/routine,NATIONAL,M15,nourrissons survivants
CIV,2023,OPV,1,,General/routine,NATIONAL,B,"naissances vivantes, nourrissons survivants"
CIV,2023,OPV,2,,General/routine,NATIONAL,W6,"naissances vivantes, nourrissons survivants"
CIV,2023,OPV,3,,General/routine,NATIONAL,W10,"naissances vivantes, nourrissons survivants"
CIV,2023,OPV,4,,General/routine,NATIONAL,W14,"naissances vivantes, nourrissons survivants"
CIV,2023,PCV13,1,,General/routine,NATIONAL,W6,nourrissons survivants
CIV,2023,PCV13,2,,General/routine,NATIONAL,W10,nourrissons survivants
CIV,2023,PCV13,3,,General/routine,NATIONAL,W14,nourrissons survivants
CIV,2023,ROTAVIRUS_1,1,,General/routine,NATIONAL,W6,nourrissons survivants
CIV,2023,ROTAVIRUS_1,2,,General/routine,NATIONAL,W10,nourrissons survivants
CIV,2023,TD_S,1,PW,Pregnant women,NATIONAL,1st contact,femmes enceintes
CIV,2023,TD_S,2,PW,Pregnant women,NATIONAL,+M1,femmes enceintes
CIV,2023,TD_S,3,PW,Pregnant women,NATIONAL,+M6,femmes enceintes
CIV,2023,TD_S,4,PW,Pregnant women,NATIONAL,+Y1,femmes enceintes
CIV,2023,TD_S,5,PW,Pregnant women,NATIONAL,+Y1,femmes enceintes
CIV,2023,VITAMINA,1,,General/routine,SUBNATIONAL,M6,6-59 mois; la vitamine A s'administre tous les 6 mois de 6  59 mois; la vitamine A est administre en routine dans 41 districts sanitaires
CIV,2023,VITAMINA,2,,General/routine,SUBNATIONAL,M12,6-59 mois; la vitamine A s'administre tous les 6 mois de 6  59 mois; la vitamine A est administre en routine dans 41 districts sanitaires
CIV,2023,VITAMINA,3,,General/routine,SUBNATIONAL,M18,6-59 mois; la vitamine A s'administre tous les 6 mois de 6  59 mois; la vitamine A est administre en routine dans 41 districts sanitaires
CIV,2023,VITAMINA,4,,General/routine,SUBNATIONAL,M24,6-59 mois; la vitamine A s'administre tous les 6 mois de 6  59 mois; la vitamine A est administre en routine dans 41 districts sanitaires
CIV,2023,VITAMINA,5,,General/routine,SUBNATIONAL,M30,6-59 mois; la vitamine A s'administre tous les 6 mois de 6  59 mois; la vitamine A est administre en routine dans 41 districts sanitaires
CIV,2023,VITAMINA,6,,General/routine,SUBNATIONAL,M36,6-59 mois; la vitamine A s'administre tous les 6 mois de 6  59 mois; la vitamine A est administre en routine dans 41 districts sanitaires
CIV,2023,YF,1,,General/routine,NATIONAL,M9,nourrissons survivants
CMR,2023,BCG,1,,General/routine,NATIONAL,B,naissances vivantes
CMR,2023,DTWPHIBHEPB,1,,General/routine,NATIONAL,W6,0-11 mois
CMR,2023,DTWPHIBHEPB,2,,General/routine,NATIONAL,W10,0-11 mois
CMR,2023,DTWPHIBHEPB,3,,General/routine,NATIONAL,W14,0-11 mois
CMR,2023,HPV4,1,BOTH,HPV administered to females and males,NATIONAL,Y9,"Filles et Garons de 9 ans; Depuis 2023, le vaccin contre le HPV est administr en dose unique et dsormais administr aux filles et aux garons"
CMR,2023,IPV,1,,General/routine,NATIONAL,W14,0-11 mois
CMR,2023,IPV,2,,General/routine,NATIONAL,M9,0-11 mois
CMR,2023,MR,2,,General/routine,NATIONAL,M15,9-15 mois
CMR,2023,MR,1,,General/routine,NATIONAL,M9,9-15 mois
CMR,2023,OPV,1,,General/routine,NATIONAL,B,0-11 mois
CMR,2023,OPV,2,,General/routine,NATIONAL,W6,0-11 mois
CMR,2023,OPV,3,,General/routine,NATIONAL,W10,0-11 mois
CMR,2023,OPV,4,,General/routine,NATIONAL,W14,0-11 mois
CMR,2023,PCV13,1,,General/routine,NATIONAL,W6,0-11 mois
CMR,2023,PCV13,2,,General/routine,NATIONAL,W10,0-11 mois
CMR,2023,PCV13,3,,General/routine,NATIONAL,W14,0-11 mois
CMR,2023,ROTAVIRUS_1,1,,General/routine,NATIONAL,W6,"0-11 mois; Depuis 2023, nous sommes passs de deux doses administres  trois doses"
CMR,2023,ROTAVIRUS_1,2,,General/routine,NATIONAL,W10,"0-11 mois; Depuis 2023, nous sommes passs de deux doses administres  trois doses"
CMR,2023,ROTAVIRUS_1,3,,General/routine,NATIONAL,W14,"0-11 mois; Depuis 2023, nous sommes passs de deux doses administres  trois doses"
CMR,2023,TD_S,1,PW,Pregnant women,NATIONAL,1st contact,1er contact grossesse - femmes enceintes
CMR,2023,TD_S,2,PW,Pregnant women,NATIONAL,+M1,1er contact grossesse - femmes enceintes
CMR,2023,TD_S,3,PW,Pregnant women,NATIONAL,+M6,1er contact grossesse - femmes enceintes
CMR,2023,TD_S,4,PW,Pregnant women,NATIONAL,+M12,1er contact grossesse - femmes enceintes
CMR,2023,TD_S,5,PW,Pregnant women,NATIONAL,+M12,1er contact grossesse - femmes enceintes
CMR,2023,VITAMINA,1,,General/routine,NATIONAL,M6,6-59 mois; FPPI
CMR,2023,VITAMINA,2,,General/routine,NATIONAL,M12,6-59 mois; FPPI
CMR,2023,VITAMINA,3,,General/routine,NATIONAL,M18,6-59 mois; FPPI
CMR,2023,VITAMINA,4,,General/routine,NATIONAL,M24,6-59 mois; FPPI
CMR,2023,VITAMINA,5,,General/routine,NATIONAL,M30,6-59 mois; FPPI
CMR,2023,VITAMINA,6,,General/routine,NATIONAL,M36,6-59 mois; FPPI
CMR,2023,VITAMINA,1,PW,Pregnant women,NATIONAL,,FPPI
CMR,2023,YF,1,,General/routine,,M9,0-11 mois
COD,2023,BCG,1,,General/routine,NATIONAL,B,0-11 mois
COD,2023,DTWPHIBHEPB,1,,General/routine,NATIONAL,W6,0-11 mois
COD,2023,DTWPHIBHEPB,2,,General/routine,NATIONAL,W10,0-11 mois
COD,2023,DTWPHIBHEPB,3,,General/routine,NATIONAL,W14,0-11 mois
COD,2023,IPV,1,,General/routine,NATIONAL,W14,0-11 mois
COD,2023,IPV,2,,General/routine,NATIONAL,M9,0-11 mois
COD,2023,MEASLES,1,,General/routine,NATIONAL,M9,9-23 mois
COD,2023,MEASLES,2,,General/routine,NATIONAL,M15,9-23 mois
COD,2023,OPV,1,,General/routine,NATIONAL,B,0-11 mois
COD,2023,OPV,2,,General/routine,NATIONAL,W6,0-11 mois
COD,2023,OPV,3,,General/routine,NATIONAL,W10,0-11 mois
COD,2023,OPV,4,,General/routine,NATIONAL,W14,0-11 mois
COD,2023,PCV13,1,,General/routine,NATIONAL,W6,0-11 mois
COD,2023,PCV13,2,,General/routine,NATIONAL,W10,0-11 mois
COD,2023,PCV13,3,,General/routine,NATIONAL,W14,0-11 mois
COD,2023,ROTAVIRUS_5,1,,General/routine,NATIONAL,W6,0-11 mois
COD,2023,ROTAVIRUS_5,2,,General/routine,NATIONAL,W10,0-11 mois
COD,2023,ROTAVIRUS_5,3,,General/routine,NATIONAL,W14,0-11 mois
COD,2023,TD_S,1,PW,Pregnant women,NATIONAL,1st contact,femmes enceintes
COD,2023,TD_S,2,PW,Pregnant women,NATIONAL,+M1,femmes enceintes
COD,2023,TD_S,3,PW,Pregnant women,NATIONAL,+M6,femmes enceintes
COD,2023,TD_S,4,PW,Pregnant women,NATIONAL,+Y1,femmes enceintes
COD,2023,TD_S,5,PW,Pregnant women,NATIONAL,+Y1,femmes enceintes
COD,2023,VITAMINA,1,,General/routine,NATIONAL,M6,6-59 mois
COD,2023,VITAMINA,2,,General/routine,NATIONAL,M12,6-59 mois
COD,2023,VITAMINA,3,,General/routine,NATIONAL,M18,6-59 mois
COD,2023,VITAMINA,4,,General/routine,NATIONAL,M24,6-59 mois
COD,2023,VITAMINA,5,,General/routine,NATIONAL,M30,6-59 mois
COD,2023,VITAMINA,6,,General/routine,NATIONAL,M36,6-59 mois
COD,2023,YF,1,,General/routine,NATIONAL,M9,9-11 mois
COG,2023,BCG,1,,General/routine,NATIONAL,B,0-11 mois
COG,2023,DTWPHIBHEPB,1,,General/routine,NATIONAL,W8,0-11 mois
COG,2023,DTWPHIBHEPB,2,,General/routine,NATIONAL,W12,0-11 mois
COG,2023,DTWPHIBHEPB,3,,General/routine,NATIONAL,W16,0-11 mois
COG,2023,IPV,3,,General/routine,NATIONAL,W16,0-11 mois
COG,2023,MR,1,,General/routine,NATIONAL,W36,9-18 mois
COG,2023,MR,2,,General/routine,NATIONAL,W60,9-18 mois
COG,2023,OPV,1,,General/routine,NATIONAL,B,0-11 mois
COG,2023,OPV,2,,General/routine,NATIONAL,W8,0-11 mois
COG,2023,OPV,3,,General/routine,NATIONAL,W12,0-11 mois
COG,2023,OPV,4,,General/routine,NATIONAL,W16,0-11 mois
COG,2023,PCV13,1,,General/routine,NATIONAL,W8,0-11 mois
COG,2023,PCV13,2,,General/routine,NATIONAL,W12,0-11 mois
COG,2023,PCV13,3,,General/routine,NATIONAL,W16,0-11 mois
COG,2023,ROTAVIRUS_5,1,,General/routine,NATIONAL,W8,0-11 mois
COG,2023,ROTAVIRUS_5,2,,General/routine,NATIONAL,W12,0-11 mois
COG,2023,ROTAVIRUS_5,3,,General/routine,NATIONAL,W16,0-11 mois
COG,2023,TD_S,1,PW,Pregnant women,NATIONAL,1st contact,femmes enceintes - 1er contact grossesse
COG,2023,TD_S,2,PW,Pregnant women,NATIONAL,+M1,femmes enceintes - 1er contact grossesse
COG,2023,TD_S,3,PW,Pregnant women,NATIONAL,+M6,femmes enceintes - 1er contact grossesse
COG,2023,TD_S,4,PW,Pregnant women,NATIONAL,+Y1,femmes enceintes - 1er contact grossesse
COG,2023,TD_S,5,PW,Pregnant women,NATIONAL,+Y1,femmes enceintes - 1er contact grossesse
COG,2023,VITAMINA,1,,General/routine,NATIONAL,W36,9-11 mois
COG,2023,VITAMINA,2,,General/routine,NATIONAL,W60,9-11 mois
COG,2023,YF,1,,General/routine,NATIONAL,W36,9-11 mois
COK,2023,BCG,1,,General/routine,NATIONAL,B,
COK,2023,DTAP,4,B_CHILD_W,General/routine,NATIONAL,Y4,
COK,2023,DTAPHIBHEPB,1,,General/routine,NATIONAL,W6,
COK,2023,DTAPHIBHEPB,2,,General/routine,NATIONAL,M3,
COK,2023,DTAPHIBHEPB,3,,General/routine,NATIONAL,M5,
COK,2023,HEPB_PEDIATRIC,1,,General/routine,NATIONAL,B,
COK,2023,HPV2,1,FEMALE,HPV for females only,NATIONAL,Y9,HPV to Females; 9 years (2 doses)
COK,2023,HPV2,2,FEMALE,HPV for females only,NATIONAL,+M6,HPV to Females; 9 years (2 doses)
COK,2023,IPV,1,,General/routine,NATIONAL,M5,
COK,2023,MMR,1,,General/routine,NATIONAL,M12,
COK,2023,MMR,2,,General/routine,NATIONAL,M18,
COK,2023,MMR,1,HW,Health workers,NATIONAL,,Booster for healthcare workers and frontliners
COK,2023,MMR,2,RISKGROUPS,Risk group(s),NATIONAL,M6-M12,During measles outbreak at M6-M12
COK,2023,OPV,1,,General/routine,NATIONAL,W6,
COK,2023,OPV,2,,General/routine,NATIONAL,M3,
COK,2023,OPV,3,,General/routine,NATIONAL,M5,
COK,2023,OPV,4,,General/routine,NATIONAL,Y4,
COK,2023,PCV13,1,,General/routine,,W6,
COK,2023,PCV13,2,,General/routine,,M3,
COK,2023,PCV13,3,,General/routine,,M8,
COK,2023,ROTAVIRUS_5,1,,General/routine,,W6,
COK,2023,ROTAVIRUS_5,2,,General/routine,,M3,
COK,2023,TD_S,5,B_ADO_W,General/routine,NATIONAL,Y11,
COL,2023,BCG,1,,General/routine,NATIONAL,B,"Recin nacidos y hasta 11 meses, 29 das"
COL,2023,DT,1,RISKGROUPS,Risk group(s),NATIONAL,M2,Se aplica en poblacin hasta los 6 aos de edad y los que tienen contraindicacin para recibir DPT  con el mismo esquema de DPT
COL,2023,DT,2,RISKGROUPS,Risk group(s),NATIONAL,M4,Se aplica en poblacin hasta los 6 aos de edad y los que tienen contraindicacin para recibir DPT  con el mismo esquema de DPT
COL,2023,DT,3,RISKGROUPS,Risk group(s),NATIONAL,M6,Se aplica en poblacin hasta los 6 aos de edad y los que tienen contraindicacin para recibir DPT  con el mismo esquema de DPT
COL,2023,DT,4,RISKGROUPS,Risk group(s),NATIONAL,M18,Se aplica en poblacin hasta los 6 aos de edad y los que tienen contraindicacin para recibir DPT  con el mismo esquema de DPT
COL,2023,DT,5,RISKGROUPS,Risk group(s),NATIONAL,Y5,Se aplica en poblacin hasta los 6 aos de edad y los que tienen contraindicacin para recibir DPT  con el mismo esquema de DPT
COL,2023,DTWPHIBHEPB,5,B_CHILD_W,General/routine,NATIONAL,A5,
COL,2023,DTWPHIBHEPB,1,,General/routine,NATIONAL,M2,
COL,2023,DTWPHIBHEPB,2,,General/routine,NATIONAL,M4,
COL,2023,DTWPHIBHEPB,3,,General/routine,NATIONAL,M6,
COL,2023,DTWPHIBHEPB,4,B_2YL_W,General/routine,NATIONAL,M18,
COL,2023,HEPA_PEDIATRIC,1,,General/routine,NATIONAL,Y1,Nios de un ao de edad
COL,2023,HEPB_ADULT,1,RISKGROUPS,Risk group(s),NATIONAL,1st contact,"Se aplica  a vctimas de violencia sexual sin importar la edad de la vctima a Nivel Nacional . Se aseguran 3 dosis 0, 1m y 6 m. El esquema de vacunacin esta incluido a cargo del sistema de riesgos profesionales (Administradora de riesgos laborales)."
COL,2023,HEPB_ADULT,2,RISKGROUPS,Risk group(s),NATIONAL,+M1,"Se aplica  a vctimas de violencia sexual sin importar la edad de la vctima a Nivel Nacional . Se aseguran 3 dosis 0, 1m y 6 m. El esquema de vacunacin esta incluido a cargo del sistema de riesgos profesionales (Administradora de riesgos laborales)."
COL,2023,HEPB_ADULT,3,RISKGROUPS,Risk group(s),NATIONAL,+M6,"Se aplica  a vctimas de violencia sexual sin importar la edad de la vctima a Nivel Nacional . Se aseguran 3 dosis 0, 1m y 6 m. El esquema de vacunacin esta incluido a cargo del sistema de riesgos profesionales (Administradora de riesgos laborales)."
COL,2023,HEPB_PEDIATRIC,1,,General/routine,NATIONAL,B,
COL,2023,HPV4,1,BOTH,HPV administered to females and males,NATIONAL,Y9-Y17,"La vacuna es aplicada solo a mujeres que cumplan los 9 aos a 17 aos, con dos dosis de vacuna. El periodo de aplicacin de las dosis de la vacuna es 0 meses y la segunda dosis a los seis meses. El 1 d eoctubre de 2023, se cambia el esquema de dos dosis de vacuna a una dosis y se incluye a nios de 9 aos de edad"
COL,2023,HPV4,2,BOTH,HPV administered to females and males,NATIONAL,+M6,"La vacuna es aplicada solo a mujeres que cumplan los 9 aos a 17 aos, con dos dosis de vacuna. El periodo de aplicacin de las dosis de la vacuna es 0 meses y la segunda dosis a los seis meses. El 1 d eoctubre de 2023, se cambia el esquema de dos dosis de vacuna a una dosis y se incluye a nios de 9 aos de edad"
COL,2023,INFLUENZA_ADULT,1,ADULTS,Adults,NATIONAL,>=Y60,
COL,2023,INFLUENZA_ADULT,1,HW,Health workers,NATIONAL,,Health and care workers
COL,2023,INFLUENZA_ADULT,1,PW,Pregnant women,NATIONAL,,Pregnant women
COL,2023,INFLUENZA_ADULT,1,RISKGROUPS,Risk group(s),NATIONAL,,"Adults with chronic conditions, residents living in long-term care facilities"
COL,2023,INFLUENZA_PEDIATRIC,1,,General/routine,NATIONAL,M6-M11,
COL,2023,INFLUENZA_PEDIATRIC,2,,General/routine,NATIONAL,,
COL,2023,INFLUENZA_PEDIATRIC,1,RISKGROUPS,Risk group(s),NATIONAL,,Children with chronic conditions
COL,2023,IPV,1,,General/routine,NATIONAL,M2,
COL,2023,IPV,2,,General/routine,NATIONAL,M4,
COL,2023,IPV,3,,General/routine,NATIONAL,M6,
COL,2023,IPV,4,,General/routine,NATIONAL,M18,
COL,2023,IPV,5,,General/routine,NATIONAL,Y5,
COL,2023,MEN_ACYW_135CONJ,1,RISKGROUPS,Risk group(s),NATIONAL,,"Solamente es utilizada en casos de brote y con un esquema as:  nios de 7-23 m con dos dosis, , nios de 2 aos hasta la edad de 59 aos en brotes una dosis"
COL,2023,MEN_ACYW_135CONJ,2,RISKGROUPS,Risk group(s),NATIONAL,,"Solamente es utilizada en casos de brote y con un esquema as:  nios de 7-23 m con dos dosis, , nios de 2 aos hasta la edad de 59 aos en brotes una dosis"
COL,2023,MEN_ACYW_135CONJ,3,RISKGROUPS,Risk group(s),NATIONAL,,"Solamente es utilizada en casos de brote y con un esquema as:  nios de 7-23 m con dos dosis, , nios de 2 aos hasta la edad de 59 aos en brotes una dosis"
COL,2023,MMR,1,,General/routine,NATIONAL,Y1,
COL,2023,MMR,2,,General/routine,NATIONAL,Y5,
COL,2023,MPOX,1,RISKGROUPS,Risk group(s),SUBNATIONAL,1st contact,Se realizo la aplicacion de esta vacuna en un estudio Clinico que se dividio en Inmediato y tardio de fabricante. Se aplico a poblacion de 18 anos con vulnerabilidad.
COL,2023,MR,1,HW,Health workers,NATIONAL,,"Los grupos a vacunar en en el pas fueron: colombianos que van al exterior y solicitan la vacuna a libre demanda , as como en la deteccin de susceptibles de 11 a 49 o hasta 59 aos, y durante las actividades de bloqueo, intensificacin y barrido documentado en el proceso de control del brote de Sarampin, dosis cero poblacin de 6 a 11 meses de edad, profesionales de la salud en el pas."
COL,2023,MR,1,RISKGROUPS,Risk group(s),NATIONAL,M6-Y59,"Los grupos a vacunar en en el pas fueron: colombianos que van al exterior y solicitan la vacuna a libre demanda , as como en la deteccin de susceptibles de 11 a 49 o hasta 59 aos, y durante las actividades de bloqueo, intensificacin y barrido documentado en el proceso de control del brote de Sarampin, dosis cero poblacin de 6 a 11 meses de edad, profesionales de la salud en el pas."
COL,2023,PCV10,1,,General/routine,NATIONAL,M2,
COL,2023,PCV10,2,,General/routine,NATIONAL,M4,
COL,2023,PCV10,3,,General/routine,NATIONAL,M12,
COL,2023,PCV13,1,,General/routine,NATIONAL,M2,PCV13 en nios y nias nacidos a partir del primero de mayo del 2022
COL,2023,PCV13,2,,General/routine,NATIONAL,M4,PCV13 en nios y nias nacidos a partir del primero de mayo del 2022
COL,2023,PCV13,3,,General/routine,NATIONAL,M12,PCV13 en nios y nias nacidos a partir del primero de mayo del 2022
COL,2023,RABIES,1,RISKGROUPS,Risk group(s),NATIONAL,,"En pre-exposicin 3 dosis (da 0, 7, 28). Post-exposicin 5 dosis (0, 3, 7, 14, 30)"
COL,2023,ROTAVIRUS_1,1,,General/routine,NATIONAL,M2,
COL,2023,ROTAVIRUS_1,2,,General/routine,NATIONAL,M4,
COL,2023,TD_S,1,HW,Health workers,NATIONAL,1st contact,"Se utiliza para proteger a los adolescentes y a los adultos contra ttanos como la difteria. Es utilizada para la aplicacin de dosis anti tetnica y diftrico a mujeres en embarazo. Igualmente se utiliza a pacientes de accidente tetnico como a personas contacto de pacientes sospechosos de difteria para el control de brotes y en MRV en bsquedas activas comunitarias a adolescentes y adultos que en la vigilancia epidemiolgica luego de evaluar el riesgo de la poblacin; se decida aplicar un bloqueo con vacuna ante eminente brote de Difteria, as como a trabajadores de la salud entre otros."
COL,2023,TD_S,2,HW,Health workers,NATIONAL,+M1,"Se utiliza para proteger a los adolescentes y a los adultos contra ttanos como la difteria. Es utilizada para la aplicacin de dosis anti tetnica y diftrico a mujeres en embarazo. Igualmente se utiliza a pacientes de accidente tetnico como a personas contacto de pacientes sospechosos de difteria para el control de brotes y en MRV en bsquedas activas comunitarias a adolescentes y adultos que en la vigilancia epidemiolgica luego de evaluar el riesgo de la poblacin; se decida aplicar un bloqueo con vacuna ante eminente brote de Difteria, as como a trabajadores de la salud entre otros."
COL,2023,TD_S,3,HW,Health workers,NATIONAL,+M6,"Se utiliza para proteger a los adolescentes y a los adultos contra ttanos como la difteria. Es utilizada para la aplicacin de dosis anti tetnica y diftrico a mujeres en embarazo. Igualmente se utiliza a pacientes de accidente tetnico como a personas contacto de pacientes sospechosos de difteria para el control de brotes y en MRV en bsquedas activas comunitarias a adolescentes y adultos que en la vigilancia epidemiolgica luego de evaluar el riesgo de la poblacin; se decida aplicar un bloqueo con vacuna ante eminente brote de Difteria, as como a trabajadores de la salud entre otros."
COL,2023,TD_S,4,HW,Health workers,NATIONAL,+Y1,"Se utiliza para proteger a los adolescentes y a los adultos contra ttanos como la difteria. Es utilizada para la aplicacin de dosis anti tetnica y diftrico a mujeres en embarazo. Igualmente se utiliza a pacientes de accidente tetnico como a personas contacto de pacientes sospechosos de difteria para el control de brotes y en MRV en bsquedas activas comunitarias a adolescentes y adultos que en la vigilancia epidemiolgica luego de evaluar el riesgo de la poblacin; se decida aplicar un bloqueo con vacuna ante eminente brote de Difteria, as como a trabajadores de la salud entre otros."
COL,2023,TD_S,5,HW,Health workers,NATIONAL,+Y1,"Se utiliza para proteger a los adolescentes y a los adultos contra ttanos como la difteria. Es utilizada para la aplicacin de dosis anti tetnica y diftrico a mujeres en embarazo. Igualmente se utiliza a pacientes de accidente tetnico como a personas contacto de pacientes sospechosos de difteria para el control de brotes y en MRV en bsquedas activas comunitarias a adolescentes y adultos que en la vigilancia epidemiolgica luego de evaluar el riesgo de la poblacin; se decida aplicar un bloqueo con vacuna ante eminente brote de Difteria, as como a trabajadores de la salud entre otros."
COL,2023,TD_S,5,PW,Pregnant women,NATIONAL,+Y1,"Se utiliza para proteger a los adolescentes y a los adultos contra ttanos como la difteria. Es utilizada para la aplicacin de dosis anti tetnica y diftrico a mujeres en embarazo. Igualmente se utiliza a pacientes de accidente tetnico como a personas contacto de pacientes sospechosos de difteria para el control de brotes y en MRV en bsquedas activas comunitarias a adolescentes y adultos que en la vigilancia epidemiolgica luego de evaluar el riesgo de la poblacin; se decida aplicar un bloqueo con vacuna ante eminente brote de Difteria, as como a trabajadores de la salud entre otros."
COL,2023,TD_S,3,PW,Pregnant women,NATIONAL,+M6,"Se utiliza para proteger a los adolescentes y a los adultos contra ttanos como la difteria. Es utilizada para la aplicacin de dosis anti tetnica y diftrico a mujeres en embarazo. Igualmente se utiliza a pacientes de accidente tetnico como a personas contacto de pacientes sospechosos de difteria para el control de brotes y en MRV en bsquedas activas comunitarias a adolescentes y adultos que en la vigilancia epidemiolgica luego de evaluar el riesgo de la poblacin; se decida aplicar un bloqueo con vacuna ante eminente brote de Difteria, as como a trabajadores de la salud entre otros."
COL,2023,TD_S,4,PW,Pregnant women,NATIONAL,+Y1,"Se utiliza para proteger a los adolescentes y a los adultos contra ttanos como la difteria. Es utilizada para la aplicacin de dosis anti tetnica y diftrico a mujeres en embarazo. Igualmente se utiliza a pacientes de accidente tetnico como a personas contacto de pacientes sospechosos de difteria para el control de brotes y en MRV en bsquedas activas comunitarias a adolescentes y adultos que en la vigilancia epidemiolgica luego de evaluar el riesgo de la poblacin; se decida aplicar un bloqueo con vacuna ante eminente brote de Difteria, as como a trabajadores de la salud entre otros."
COL,2023,TD_S,1,PW,Pregnant women,NATIONAL,1st contact,"Se utiliza para proteger a los adolescentes y a los adultos contra ttanos como la difteria. Es utilizada para la aplicacin de dosis anti tetnica y diftrico a mujeres en embarazo. Igualmente se utiliza a pacientes de accidente tetnico como a personas contacto de pacientes sospechosos de difteria para el control de brotes y en MRV en bsquedas activas comunitarias a adolescentes y adultos que en la vigilancia epidemiolgica luego de evaluar el riesgo de la poblacin; se decida aplicar un bloqueo con vacuna ante eminente brote de Difteria, as como a trabajadores de la salud entre otros."
COL,2023,TD_S,2,PW,Pregnant women,NATIONAL,+M1,"Se utiliza para proteger a los adolescentes y a los adultos contra ttanos como la difteria. Es utilizada para la aplicacin de dosis anti tetnica y diftrico a mujeres en embarazo. Igualmente se utiliza a pacientes de accidente tetnico como a personas contacto de pacientes sospechosos de difteria para el control de brotes y en MRV en bsquedas activas comunitarias a adolescentes y adultos que en la vigilancia epidemiolgica luego de evaluar el riesgo de la poblacin; se decida aplicar un bloqueo con vacuna ante eminente brote de Difteria, as como a trabajadores de la salud entre otros."
COL,2023,TD_S,2,RISKGROUPS,Risk group(s),NATIONAL,+M1,"Se utiliza para proteger a los adolescentes y a los adultos contra ttanos como la difteria. Es utilizada para la aplicacin de dosis anti tetnica y diftrico a mujeres en embarazo. Igualmente se utiliza a pacientes de accidente tetnico como a personas contacto de pacientes sospechosos de difteria para el control de brotes y en MRV en bsquedas activas comunitarias a adolescentes y adultos que en la vigilancia epidemiolgica luego de evaluar el riesgo de la poblacin; se decida aplicar un bloqueo con vacuna ante eminente brote de Difteria, as como a trabajadores de la salud entre otros."
COL,2023,TD_S,1,RISKGROUPS,Risk group(s),NATIONAL,1st contact,"Se utiliza para proteger a los adolescentes y a los adultos contra ttanos como la difteria. Es utilizada para la aplicacin de dosis anti tetnica y diftrico a mujeres en embarazo. Igualmente se utiliza a pacientes de accidente tetnico como a personas contacto de pacientes sospechosos de difteria para el control de brotes y en MRV en bsquedas activas comunitarias a adolescentes y adultos que en la vigilancia epidemiolgica luego de evaluar el riesgo de la poblacin; se decida aplicar un bloqueo con vacuna ante eminente brote de Difteria, as como a trabajadores de la salud entre otros."
COL,2023,TD_S,4,RISKGROUPS,Risk group(s),NATIONAL,+Y1,"Se utiliza para proteger a los adolescentes y a los adultos contra ttanos como la difteria. Es utilizada para la aplicacin de dosis anti tetnica y diftrico a mujeres en embarazo. Igualmente se utiliza a pacientes de accidente tetnico como a personas contacto de pacientes sospechosos de difteria para el control de brotes y en MRV en bsquedas activas comunitarias a adolescentes y adultos que en la vigilancia epidemiolgica luego de evaluar el riesgo de la poblacin; se decida aplicar un bloqueo con vacuna ante eminente brote de Difteria, as como a trabajadores de la salud entre otros."
COL,2023,TD_S,5,RISKGROUPS,Risk group(s),NATIONAL,+Y1,"Se utiliza para proteger a los adolescentes y a los adultos contra ttanos como la difteria. Es utilizada para la aplicacin de dosis anti tetnica y diftrico a mujeres en embarazo. Igualmente se utiliza a pacientes de accidente tetnico como a personas contacto de pacientes sospechosos de difteria para el control de brotes y en MRV en bsquedas activas comunitarias a adolescentes y adultos que en la vigilancia epidemiolgica luego de evaluar el riesgo de la poblacin; se decida aplicar un bloqueo con vacuna ante eminente brote de Difteria, as como a trabajadores de la salud entre otros."
COL,2023,TD_S,3,RISKGROUPS,Risk group(s),NATIONAL,+M6,"Se utiliza para proteger a los adolescentes y a los adultos contra ttanos como la difteria. Es utilizada para la aplicacin de dosis anti tetnica y diftrico a mujeres en embarazo. Igualmente se utiliza a pacientes de accidente tetnico como a personas contacto de pacientes sospechosos de difteria para el control de brotes y en MRV en bsquedas activas comunitarias a adolescentes y adultos que en la vigilancia epidemiolgica luego de evaluar el riesgo de la poblacin; se decida aplicar un bloqueo con vacuna ante eminente brote de Difteria, as como a trabajadores de la salud entre otros."
COL,2023,TDAP_S,1,PW,Pregnant women,NATIONAL,,"Se aplica en poblacin desde los 7 aos de edad que tienen contraindicacin para recibir DPT con el mismo esquema y en mujeres embarazadas desde la semana 26 de gestacin, as como en nios que presentaron reaccin a la Pentavalente"
COL,2023,TDAP_S,1,RISKGROUPS,Risk group(s),NATIONAL,>=Y7,"Se aplica en poblacin desde los 7 aos de edad que tienen contraindicacin para recibir DPT con el mismo esquema y en mujeres embarazadas desde la semana 26 de gestacin, as como en nios que presentaron reaccin a la Pentavalente"
COL,2023,VARICELLA,1,,General/routine,NATIONAL,Y1,
COL,2023,VARICELLA,2,,General/routine,NATIONAL,Y5,
COL,2023,YF,1,,General/routine,NATIONAL,M12-M18,"La dosis de fiebre amarilla, en el pas tiene dos grupos poblacionales a los que se vacunan: 12 meses en zonas endmicas y 18 meses en zonas no endmicas"
COM,2023,BCG,1,,General/routine,NATIONAL,B,0- J28
COM,2023,DTWPHIBHEPB,1,,General/routine,NATIONAL,W6,0-11 mois
COM,2023,DTWPHIBHEPB,2,,General/routine,NATIONAL,W10,0-11 mois
COM,2023,DTWPHIBHEPB,3,,General/routine,NATIONAL,W14,0-11 mois
COM,2023,IPV,1,,General/routine,NATIONAL,W14,0-11 mois
COM,2023,MR,1,,General/routine,NATIONAL,M9,9-23 mois
COM,2023,MR,2,,General/routine,NATIONAL,M18,9-23 mois
COM,2023,OPV,1,,General/routine,NATIONAL,B,0-11 mois
COM,2023,OPV,2,,General/routine,NATIONAL,W6,0-11 mois
COM,2023,OPV,3,,General/routine,NATIONAL,W10,0-11 mois
COM,2023,OPV,4,,General/routine,NATIONAL,W14,0-11 mois
COM,2023,TD_S,1,PW,Pregnant women,NATIONAL,1st contact,femmes enceintes
COM,2023,TD_S,2,PW,Pregnant women,NATIONAL,+M1,femmes enceintes
COM,2023,TD_S,3,PW,Pregnant women,NATIONAL,+M6,femmes enceintes
COM,2023,TD_S,4,PW,Pregnant women,NATIONAL,+Y1,femmes enceintes
COM,2023,TD_S,5,PW,Pregnant women,NATIONAL,+Y1,femmes enceintes
COM,2023,VITAMINA,1,,General/routine,NATIONAL,M6,6-59 mois
COM,2023,VITAMINA,2,,General/routine,NATIONAL,M12,6-59 mois
COM,2023,VITAMINA,3,,General/routine,NATIONAL,M18,6-59 mois
COM,2023,VITAMINA,4,,General/routine,NATIONAL,M24,6-59 mois
COM,2023,VITAMINA,5,,General/routine,NATIONAL,M30,6-59 mois
COM,2023,VITAMINA,6,,General/routine,NATIONAL,M36,6-59 mois
CPV,2023,BCG,1,,General/routine,NATIONAL,B,naissance vivants
CPV,2023,DTWPHIBHEPB,1,,General/routine,NATIONAL,M2,Enfants
CPV,2023,DTWPHIBHEPB,2,,General/routine,NATIONAL,M4,Enfants
CPV,2023,DTWPHIBHEPB,3,,General/routine,NATIONAL,M6,Enfants
CPV,2023,DTWPHIBHEPB,4,B_2YL_W,General/routine,NATIONAL,M18,Enfants
CPV,2023,HEPB_PEDIATRIC,1,,General/routine,NATIONAL,B,Naissance vivants
CPV,2023,HEPB_PEDIATRIC,2,,General/routine,NATIONAL,M2,Naissance vivants
CPV,2023,HEPB_PEDIATRIC,3,,General/routine,NATIONAL,M4,Naissance vivants
CPV,2023,HEPB_PEDIATRIC,4,,General/routine,NATIONAL,M6,Naissance vivants
CPV,2023,HEPB_PEDIATRIC,5,,General/routine,NATIONAL,M18,Naissance vivants
CPV,2023,HPV2,1,FEMALE,HPV for females only,NATIONAL,Y10,"Filles de 10 ans, premier contact"
CPV,2023,IPV,1,,General/routine,NATIONAL,M4,Enfants
CPV,2023,IPV,2,,General/routine,NATIONAL,M9,Enfants
CPV,2023,MMR,1,,General/routine,NATIONAL,M9,Enfants
CPV,2023,MMR,2,,General/routine,NATIONAL,M15,Enfants
CPV,2023,OPV,1,,General/routine,NATIONAL,B,Naissance vivants et enfants
CPV,2023,OPV,2,,General/routine,NATIONAL,M2,Naissance vivants et enfants
CPV,2023,OPV,3,,General/routine,NATIONAL,M4,Naissance vivants et enfants
CPV,2023,OPV,4,,General/routine,NATIONAL,M6,Naissance vivants et enfants
CPV,2023,OPV,5,,General/routine,NATIONAL,M18,Naissance vivants et enfants
CPV,2023,TD_S,5,ADULTS,Adults,NATIONAL,+Y1,Femme enceintes et adultes
CPV,2023,TD_S,1,ADULTS,Adults,NATIONAL,1st contact,Femme enceintes et adultes
CPV,2023,TD_S,2,ADULTS,Adults,NATIONAL,+M1,Femme enceintes et adultes
CPV,2023,TD_S,3,ADULTS,Adults,NATIONAL,+M6,Femme enceintes et adultes
CPV,2023,TD_S,4,ADULTS,Adults,NATIONAL,+Y1,Femme enceintes et adultes
CPV,2023,TD_S,4,PW,Pregnant women,NATIONAL,+Y1,Femme enceintes et adultes
CPV,2023,TD_S,3,PW,Pregnant women,NATIONAL,+M6,Femme enceintes et adultes
CPV,2023,TD_S,2,PW,Pregnant women,NATIONAL,+M1,Femme enceintes et adultes
CPV,2023,TD_S,1,PW,Pregnant women,NATIONAL,1st contact,Femme enceintes et adultes
CPV,2023,TD_S,5,PW,Pregnant women,NATIONAL,+Y1,Femme enceintes et adultes
CPV,2023,YF,1,,General/routine,NATIONAL,M12,
CRI,2023,BCG,1,,General/routine,NATIONAL,B,
CRI,2023,DTAPHIBIPV,1,,General/routine,NATIONAL,M2,
CRI,2023,DTAPHIBIPV,2,,General/routine,NATIONAL,M4,
CRI,2023,DTAPHIBIPV,3,,General/routine,NATIONAL,M6,
CRI,2023,DTAPHIBIPV,4,B_2YL_W,General/routine,NATIONAL,M15,
CRI,2023,HEPB_ADULT,1,RISKGROUPS,Risk group(s),NATIONAL,1st contact,Se aplica esquema a adultos de riesgo que no cuenten con el antecedente
CRI,2023,HEPB_ADULT,2,RISKGROUPS,Risk group(s),NATIONAL,+M2,Se aplica esquema a adultos de riesgo que no cuenten con el antecedente
CRI,2023,HEPB_ADULT,3,RISKGROUPS,Risk group(s),NATIONAL,+M6,Se aplica esquema a adultos de riesgo que no cuenten con el antecedente
CRI,2023,HEPB_PEDIATRIC,1,,General/routine,NATIONAL,B,
CRI,2023,HEPB_PEDIATRIC,2,,General/routine,NATIONAL,M2,
CRI,2023,HEPB_PEDIATRIC,3,,General/routine,NATIONAL,M6,
CRI,2023,HPV4,1,FEMALE,HPV for females only,NATIONAL,Y10,Se aplica desde el 2019 a todas las nias de 10 aos
CRI,2023,HPV4,2,FEMALE,HPV for females only,NATIONAL,+M6,Se aplica desde el 2019 a todas las nias de 10 aos
CRI,2023,INFLUENZA_ADULT,1,ADULTS,Adults,NATIONAL,>Y58,
CRI,2023,INFLUENZA_ADULT,1,HW,Health workers,NATIONAL,,Health and care workers
CRI,2023,INFLUENZA_ADULT,1,PW,Pregnant women,NATIONAL,,Pregnant women
CRI,2023,INFLUENZA_ADULT,1,RISKGROUPS,Risk group(s),NATIONAL,,Residents living in long-term care facilities
CRI,2023,INFLUENZA_PEDIATRIC,1,,General/routine,NATIONAL,M6-Y6,
CRI,2023,MMR,1,,General/routine,NATIONAL,M15,
CRI,2023,MMR,2,,General/routine,NATIONAL,Y4,
CRI,2023,PCV13,1,,General/routine,NATIONAL,M2,
CRI,2023,PCV13,2,,General/routine,NATIONAL,M4,
CRI,2023,PCV13,3,,General/routine,NATIONAL,M15,
CRI,2023,PCV13,1,HW,Health workers,NATIONAL,,Tambin se aplica a personal de salud
CRI,2023,PPV23,1,ADULTS,Adults,NATIONAL,>=Y60,1 dosis nica a todo adulto de 60 aos o ms
CRI,2023,ROTAVIRUS_1,1,,General/routine,NATIONAL,M2,desde fe.2019
CRI,2023,ROTAVIRUS_1,2,,General/routine,NATIONAL,M4,desde fe.2019
CRI,2023,TD_S,6,ADULTS,Adults,NATIONAL,+Y10,Se aplica una Td cada 10 aos a partir de los 10 aos de edad cumplidos
CRI,2023,TD_S,1,ADULTS,Adults,NATIONAL,Y20,Se aplica una Td cada 10 aos a partir de los 10 aos de edad cumplidos
CRI,2023,TD_S,2,ADULTS,Adults,NATIONAL,+Y10,Se aplica una Td cada 10 aos a partir de los 10 aos de edad cumplidos
CRI,2023,TD_S,3,ADULTS,Adults,NATIONAL,+Y10,Se aplica una Td cada 10 aos a partir de los 10 aos de edad cumplidos
CRI,2023,TD_S,4,ADULTS,Adults,NATIONAL,+Y10,Se aplica una Td cada 10 aos a partir de los 10 aos de edad cumplidos
CRI,2023,TD_S,5,ADULTS,Adults,NATIONAL,+Y10,Se aplica una Td cada 10 aos a partir de los 10 aos de edad cumplidos
CRI,2023,TD_S,6,B_ADO_W,General/routine,NATIONAL,Y10,Se aplica una Td cada 10 aos a partir de los 10 aos de edad cumplidos
CRI,2023,TDAP_S,1,HW,Health workers,NATIONAL,,"Se aplica una dosis de Tdap en cada embarazo despus de la semana 20, en funcionarios de salud en contacto con neonatos de la CCSS"
CRI,2023,TDAP_S,1,PW,Pregnant women,NATIONAL,,"Se aplica una dosis de Tdap en cada embarazo despus de la semana 20, en funcionarios de salud en contacto con neonatos de la CCSS"
CRI,2023,TDAP_S_IPV,5,B_CHILD_W,General/routine,NATIONAL,Y4,Se aplica una dosis de refuerzo de Tetravalente a los 4 aos de edad
CRI,2023,VARICELLA,1,,General/routine,NATIONAL,M15,
CUB,2023,BCG,1,,General/routine,NATIONAL,B,
CUB,2023,DT,5,B_CHILD_W,General/routine,NATIONAL,Y6,
CUB,2023,DTWP,1,RISKGROUPS,Risk group(s),NATIONAL,M2,Hijos de madre positiva al antigeno de la hepatitis B
CUB,2023,DTWP,2,RISKGROUPS,Risk group(s),NATIONAL,M4,Hijos de madre positiva al antigeno de la hepatitis B
CUB,2023,DTWP,3,RISKGROUPS,Risk group(s),NATIONAL,M6,Hijos de madre positiva al antigeno de la hepatitis B
CUB,2023,DTWP,4,RISKGROUPS,Risk group(s),NATIONAL,M18,Hijos de madre positiva al antigeno de la hepatitis B
CUB,2023,DTWPHIBHEPB,1,,General/routine,NATIONAL,M2,
CUB,2023,DTWPHIBHEPB,2,,General/routine,NATIONAL,M4,
CUB,2023,DTWPHIBHEPB,3,,General/routine,NATIONAL,M6,
CUB,2023,DTWPHIBHEPB,4,B_2YL_W,General/routine,NATIONAL,M18,
CUB,2023,HEPB_ADULT,1,RISKGROUPS,Risk group(s),NATIONAL,1st contact,Hepatitis B 20mcg Grupo de riesgos
CUB,2023,HEPB_ADULT,2,RISKGROUPS,Risk group(s),NATIONAL,+M1,Hepatitis B 20mcg Grupo de riesgos
CUB,2023,HEPB_ADULT,3,RISKGROUPS,Risk group(s),NATIONAL,+M6,Hepatitis B 20mcg Grupo de riesgos
CUB,2023,HEPB_PEDIATRIC,1,,General/routine,NATIONAL,B,
CUB,2023,HEPB_PEDIATRIC,2,RISKGROUPS,Risk group(s),NATIONAL,M2,Hijos de madre positiva al antigeno de la hepatitis B
CUB,2023,HEPB_PEDIATRIC,3,RISKGROUPS,Risk group(s),NATIONAL,Y1,Hijos de madre positiva al antigeno de la hepatitis B
CUB,2023,HEPB_PEDIATRIC,1,RISKGROUPS,Risk group(s),NATIONAL,M1,Hijos de madre positiva al antigeno de la hepatitis B
CUB,2023,HIB,1,RISKGROUPS,Risk group(s),NATIONAL,M2,Hijos de madre positiva al antigeno de la hepatitis B
CUB,2023,HIB,2,RISKGROUPS,Risk group(s),NATIONAL,M4,Hijos de madre positiva al antigeno de la hepatitis B
CUB,2023,HIB,3,RISKGROUPS,Risk group(s),NATIONAL,M6,Hijos de madre positiva al antigeno de la hepatitis B
CUB,2023,HIB,4,RISKGROUPS,Risk group(s),NATIONAL,M18,Hijos de madre positiva al antigeno de la hepatitis B
CUB,2023,INFLUENZA_ADULT,1,ADULTS,Adults,NATIONAL,,Older persons
CUB,2023,INFLUENZA_ADULT,1,HW,Health workers,NATIONAL,,Health and care workers
CUB,2023,INFLUENZA_ADULT,1,PW,Pregnant women,NATIONAL,,Pregnant women
CUB,2023,INFLUENZA_ADULT,1,RISKGROUPS,Risk group(s),NATIONAL,,Adults with chronic conditions
CUB,2023,INFLUENZA_PEDIATRIC,1,,General/routine,NATIONAL,M6-Y2,
CUB,2023,INFLUENZA_PEDIATRIC,2,,General/routine,NATIONAL,Y2-Y5,
CUB,2023,INFLUENZA_PEDIATRIC,1,RISKGROUPS,Risk group(s),NATIONAL,,Children with chronic conditions
CUB,2023,IPV_FRAC,1,,General/routine,NATIONAL,M4,dosis fraccionada
CUB,2023,IPV_FRAC,2,,General/routine,NATIONAL,M8,dosis fraccionada
CUB,2023,LEPTOSPIROSIS,1,RISKGROUPS,Risk group(s),NATIONAL,,Grupo de riesgos
CUB,2023,MEN_BC,1,,General/routine,NATIONAL,M3,
CUB,2023,MEN_BC,2,,General/routine,NATIONAL,M5,
CUB,2023,MMR,1,,General/routine,NATIONAL,Y1,
CUB,2023,MMR,2,,General/routine,NATIONAL,Y6,
CUB,2023,OPV,1,,General/routine,NATIONAL,<Y1,
CUB,2023,OPV,2,,General/routine,NATIONAL,Y1,
CUB,2023,OPV,3,,General/routine,NATIONAL,Y2,
CUB,2023,OPV,4,,General/routine,NATIONAL,Y9,
CUB,2023,TT,2,ADULTS,Adults,NATIONAL,Y25,
CUB,2023,TT,3,ADULTS,Adults,NATIONAL,Y35,
CUB,2023,TT,4,ADULTS,Adults,NATIONAL,Y45,
CUB,2023,TT,5,ADULTS,Adults,NATIONAL,Y45,
CUB,2023,TT,6,ADULTS,Adults,NATIONAL,Y65,
CUB,2023,TT,1,,General/routine,NATIONAL,Y14,
CUB,2023,TYPHOID_PS,1,,General/routine,NATIONAL,Y10,
CUB,2023,TYPHOID_PS,2,,General/routine,NATIONAL,Y13,
CUB,2023,TYPHOID_PS,3,,General/routine,NATIONAL,Y16,
CUB,2023,TYPHOID_PS,1,RISKGROUPS,Risk group(s),NATIONAL,,Grupo de riesgos
CUW,2019,DT,5,B_CHILD_W,General/routine,NATIONAL,Y4,
CUW,2019,DTWPHIBHEPB,2,,General/routine,NATIONAL,M3.5,
CUW,2019,DTWPHIBHEPB,4,B_2YL_W,General/routine,NATIONAL,M15,
CUW,2019,DTWPHIBHEPB,3,,General/routine,NATIONAL,M5.5,
CUW,2019,DTWPHIBHEPB,1,,General/routine,NATIONAL,M2,
CUW,2019,HEPB_ADULT,3,HW,Health workers,NATIONAL,+M6,healthcare workers
CUW,2019,HEPB_ADULT,2,HW,Health workers,NATIONAL,+M1,healthcare workers
CUW,2019,HEPB_ADULT,1,HW,Health workers,NATIONAL,1st contact,healthcare workers
CUW,2019,HEPB_ADULT,3,RISKGROUPS,Risk group(s),NATIONAL,+M6,at risk persons
CUW,2019,HEPB_ADULT,2,RISKGROUPS,Risk group(s),NATIONAL,+M1,at risk persons
CUW,2019,HEPB_ADULT,1,RISKGROUPS,Risk group(s),NATIONAL,1st contact,at risk persons
CUW,2019,INFLUENZA_ADULT,1,ADULTS,Adults,NATIONAL,>=Y60,
CUW,2019,IPV,1,,General/routine,NATIONAL,M2,
CUW,2019,MMR,1,,General/routine,NATIONAL,M12,
CUW,2019,MMR,2,,General/routine,NATIONAL,M15,
CUW,2019,OPV,4,,General/routine,NATIONAL,M15,
CUW,2019,OPV,5,,General/routine,NATIONAL,Y4,
CUW,2019,OPV,2,,General/routine,NATIONAL,M3.5,
CUW,2019,OPV,3,,General/routine,NATIONAL,M5.5,
CUW,2019,PCV10,1,,General/routine,NATIONAL,M3.5,
CUW,2019,PCV10,3,,General/routine,NATIONAL,M12,
CUW,2019,PCV10,2,,General/routine,NATIONAL,M5.5,
CUW,2019,TD_S,6,B_ADO_W,General/routine,NATIONAL,Y10,
CUW,2019,YF,1,RISKGROUPS,Risk group(s),NATIONAL,1st contact,1 dose to travellers going to risk countries
CYM,2023,BCG,1,,General/routine,NATIONAL,W6,
CYM,2023,DTAPHIBIPV,1,,General/routine,NATIONAL,M2,
CYM,2023,DTAPHIBIPV,2,,General/routine,NATIONAL,M4,
CYM,2023,DTAPHIBIPV,3,,General/routine,NATIONAL,M6,
CYM,2023,DTAPHIBIPV,4,B_2YL_W,General/routine,NATIONAL,M15,
CYM,2023,DTAPIPV,5,B_CHILD_W,General/routine,NATIONAL,Y4-Y6,2nd booster Y4-6
CYM,2023,HEPA_ADULT,1,TRAVELLERS,Travellers,NATIONAL,1st contact,International travelers (including students going to college)
CYM,2023,HEPA_ADULT,2,TRAVELLERS,Travellers,NATIONAL,+M6-M12,International travelers (including students going to college)
CYM,2023,HEPA_HEPB,1,TRAVELLERS,Travellers,NATIONAL,1st contact,Unimmunized international travelers
CYM,2023,HEPA_HEPB,2,TRAVELLERS,Travellers,NATIONAL,+M1,Unimmunized international travelers
CYM,2023,HEPA_HEPB,3,TRAVELLERS,Travellers,NATIONAL,+M6-M12,Unimmunized international travelers
CYM,2023,HEPA_PEDIATRIC,1,RISKGROUPS,Risk group(s),NATIONAL,>=M12,Unimmunized children from countries with Hepatitis A on schedule or international travelers >=12M
CYM,2023,HEPA_PEDIATRIC,2,RISKGROUPS,Risk group(s),NATIONAL,+M6-M18,Unimmunized children from countries with Hepatitis A on schedule or international travelers >=12M
CYM,2023,HEPA_PEDIATRIC,1,TRAVELLERS,Travellers,NATIONAL,>=M12,Unimmunized children from countries with Hepatitis A on schedule or international travelers >=12M
CYM,2023,HEPA_PEDIATRIC,2,TRAVELLERS,Travellers,NATIONAL,+M6-M18,Unimmunized children from countries with Hepatitis A on schedule or international travelers >=12M
CYM,2023,HEPB_ADULT,1,HW,Health workers,NATIONAL,1st contact,"at risk adults, healthcare workers and unimmunized persons"
CYM,2023,HEPB_ADULT,3,HW,Health workers,NATIONAL,+M6,"at risk adults, healthcare workers and unimmunized persons"
CYM,2023,HEPB_ADULT,2,HW,Health workers,NATIONAL,+W4,"at risk adults, healthcare workers and unimmunized persons"
CYM,2023,HEPB_ADULT,3,RISKGROUPS,Risk group(s),NATIONAL,+M6,"at risk adults, healthcare workers and unimmunized persons"
CYM,2023,HEPB_ADULT,2,RISKGROUPS,Risk group(s),NATIONAL,+W4,"at risk adults, healthcare workers and unimmunized persons"
CYM,2023,HEPB_ADULT,1,RISKGROUPS,Risk group(s),NATIONAL,1st contact,"at risk adults, healthcare workers and unimmunized persons"
CYM,2023,HEPB_PEDIATRIC,1,,General/routine,NATIONAL,B,birth dose administered at birth to 48 hours
CYM,2023,HEPB_PEDIATRIC,2,,General/routine,NATIONAL,W6,
CYM,2023,HEPB_PEDIATRIC,3,,General/routine,NATIONAL,M9,
CYM,2023,HPV4,1,FEMALE,HPV for females only,NATIONAL,Y11-Y12,Females
CYM,2023,HPV4,2,FEMALE,HPV for females only,NATIONAL,+M6,Females
CYM,2023,INFLUENZA_ADULT,1,ADULTS,Adults,NATIONAL,>Y18,and older persons
CYM,2023,INFLUENZA_ADULT,1,HW,Health workers,NATIONAL,,Health and care workers
CYM,2023,INFLUENZA_ADULT,1,PW,Pregnant women,NATIONAL,,Pregnant women
CYM,2023,INFLUENZA_ADULT,1,RISKGROUPS,Risk group(s),NATIONAL,,"Adults with chronic conditions, residents living in long-term care facilities"
CYM,2023,INFLUENZA_PEDIATRIC,1,,General/routine,NATIONAL,>=M6,
CYM,2023,INFLUENZA_PEDIATRIC,2,,General/routine,NATIONAL,>=M6,
CYM,2023,INFLUENZA_PEDIATRIC,1,RISKGROUPS,Risk group(s),NATIONAL,,Children with chronic conditions
CYM,2023,IPV,1,TRAVELLERS,Travellers,NATIONAL,1st contact,International travelers as booster dose
CYM,2023,MEN_ACYW_135CONJ,1,RISKGROUPS,Risk group(s),NATIONAL,1st contact,Given only to students going abroad to study or at risk individuals e.g. persons with Sickle Cell Anaemia
CYM,2023,MMR,1,,General/routine,NATIONAL,M15,
CYM,2023,MMR,2,,General/routine,NATIONAL,M18,
CYM,2023,PCV13,1,,General/routine,NATIONAL,M2,
CYM,2023,PCV13,2,,General/routine,NATIONAL,M4,
CYM,2023,PCV13,3,,General/routine,NATIONAL,M6,
CYM,2023,PCV13,4,,General/routine,NATIONAL,M12,
CYM,2023,PCV13,1,RISKGROUPS,Risk group(s),NATIONAL,,Single dose unimmunized adults (65 yrs and older & immunocompromised individuals) & single dose for Immunocompromised individuals who did not receive the Pneumococcal vaccine.
CYM,2023,ROTAVIRUS_1,1,,General/routine,NATIONAL,M2,
CYM,2023,ROTAVIRUS_1,2,,General/routine,NATIONAL,M4,
CYM,2023,TD_S,1,ADULTS,Adults,NATIONAL,,"Upon first contact, +6W, +6M for unimmunization persons 7 years and older. Adults as booster"
CYM,2023,TD_S,2,RISKGROUPS,Risk group(s),NATIONAL,+W6,"Upon first contact, +6W, +6M for unimmunization persons 7 years and older. Adults as booster"
CYM,2023,TD_S,3,RISKGROUPS,Risk group(s),NATIONAL,+M6,"Upon first contact, +6W, +6M for unimmunization persons 7 years and older. Adults as booster"
CYM,2023,TD_S,1,RISKGROUPS,Risk group(s),NATIONAL,1st contact,"Upon first contact, +6W, +6M for unimmunization persons 7 years and older. Adults as booster"
CYM,2023,TDAP_S,6,B_ADO_W,General/routine,NATIONAL,Y14-Y16,Yr 10 & 11 High Schools
CYM,2023,TDAP_S,1,PW,Pregnant women,NATIONAL,,"Pregnant women W27-W36 gestation, unique dose each pregnancy"
CYM,2023,VARICELLA,1,,General/routine,NATIONAL,M12,
CYM,2023,VARICELLA,2,,General/routine,NATIONAL,Y3-Y4,2nd dose is at Y3 or Y4
CYM,2023,YF,1,TRAVELLERS,Travellers,NATIONAL,1st contact,unimmunized international travelers single dose
CYM,2023,ZOSTER,2,ADULTS,Adults,NATIONAL,+M2-M6,Adults age 60 and older and other risk adults
CYM,2023,ZOSTER,1,ADULTS,Adults,NATIONAL,>=Y60,Adults age 60 and older and other risk adults
CYM,2023,ZOSTER,2,RISKGROUPS,Risk group(s),NATIONAL,+M2-M6,Adults age 60 and older and other risk adults
CYM,2023,ZOSTER,1,RISKGROUPS,Risk group(s),NATIONAL,1st contact,Adults age 60 and older and other risk adults
CYP,2023,BCG,1,RISKGROUPS,Risk group(s),NATIONAL,,Persons with continuous contact with a contagious form of TB
CYP,2023,DTAPIPV,1,,General/routine,NATIONAL,M2-M3,
CYP,2023,DTAPIPV,2,,General/routine,NATIONAL,M4-M5,
CYP,2023,DTAPIPV,3,,General/routine,NATIONAL,M6-M8,
CYP,2023,DTAPIPV,4,B_2YL_W,General/routine,NATIONAL,M18-M20,
CYP,2023,DTAPIPV,5,B_CHILD_W,General/routine,NATIONAL,Y4-Y6,
CYP,2023,HEPA_ADULT,1,RISKGROUPS,Risk group(s),NATIONAL,,Special indications
CYP,2023,HEPA_PEDIATRIC,1,,General/routine,NATIONAL,M24,
CYP,2023,HEPA_PEDIATRIC,2,,General/routine,NATIONAL,M30,
CYP,2023,HEPB_ADULT,1,RISKGROUPS,Risk group(s),NATIONAL,,Recommended for all people if not being vaccinated in childhood
CYP,2023,HEPB_PEDIATRIC,1,,General/routine,NATIONAL,M2-M3,
CYP,2023,HEPB_PEDIATRIC,2,,General/routine,NATIONAL,M4-M5,
CYP,2023,HEPB_PEDIATRIC,3,,General/routine,NATIONAL,M6-M8,
CYP,2023,HIB,1,,General/routine,NATIONAL,M2-M3,
CYP,2023,HIB,2,,General/routine,NATIONAL,M4-M5,
CYP,2023,HIB,3,,General/routine,NATIONAL,M6-M8,
CYP,2023,HIB,4,,General/routine,NATIONAL,M18-M20,
CYP,2023,HPV9,1,BOTH,HPV administered to females and males,NATIONAL,Y11-Y12,Both females and males
CYP,2023,HPV9,2,BOTH,HPV administered to females and males,NATIONAL,+M6,Both females and males
CYP,2023,INFLUENZA_ADULT,1,ADULTS,Adults,NATIONAL,>Y65,
CYP,2023,INFLUENZA_ADULT,1,HW,Health workers,NATIONAL,,Health and care workers
CYP,2023,INFLUENZA_ADULT,1,PW,Pregnant women,NATIONAL,,All pregnant women the first trimester
CYP,2023,INFLUENZA_ADULT,1,RISKGROUPS,Risk group(s),NATIONAL,,"Adults with chronic conditions, residents living in long-term care facilities, other groups"
CYP,2023,INFLUENZA_PEDIATRIC,1,,General/routine,NATIONAL,M6-Y15,
CYP,2023,INFLUENZA_PEDIATRIC,1,RISKGROUPS,Risk group(s),NATIONAL,,Children with chronic conditions
CYP,2023,IPV,1,TRAVELLERS,Travellers,NATIONAL,,Booster dose for travellers where recommended
CYP,2023,MEN_ACYW_135CONJ,1,,General/routine,NATIONAL,M12,
CYP,2023,MMR,1,,General/routine,NATIONAL,M12-M15,
CYP,2023,MMR,2,,General/routine,NATIONAL,Y4-Y6,
CYP,2023,PCV10,1,,General/routine,NATIONAL,M3,
CYP,2023,PCV10,2,,General/routine,NATIONAL,M5,
CYP,2023,PCV10,3,,General/routine,NATIONAL,M12-M15,
CYP,2023,PCV13,1,,General/routine,NATIONAL,M3,
CYP,2023,PCV13,2,,General/routine,NATIONAL,M5,
CYP,2023,PCV13,3,,General/routine,NATIONAL,M12-M15,
CYP,2023,PPV23,1,RISKGROUPS,Risk group(s),NATIONAL,,high-risk groups
CYP,2023,TD_S,1,ADULTS,Adults,NATIONAL,1st contact,Adult booster doses every 10 years
CYP,2023,TD_S,2,ADULTS,Adults,NATIONAL,+Y10,Adult booster doses every 10 years
CYP,2023,TD_S,3,ADULTS,Adults,NATIONAL,+Y10,Adult booster doses every 10 years
CYP,2023,TD_S,4,ADULTS,Adults,NATIONAL,+Y10,Adult booster doses every 10 years
CYP,2023,TD_S,5,ADULTS,Adults,NATIONAL,+Y10,Adult booster doses every 10 years
CYP,2023,TD_S,6,ADULTS,Adults,NATIONAL,+Y10,Adult booster doses every 10 years
CYP,2023,TDAP_S,1,ADULTS,Adults,NATIONAL,,Single dose in adults and for women in every pregnancy
CYP,2023,TDAP_S,6,B_ADO_W,General/routine,NATIONAL,Y11-Y12,
CYP,2023,TDAP_S,1,PW,Pregnant women,NATIONAL,,Single dose in adults and for women in every pregnancy
CYP,2023,TYPHOID_PS,1,TRAVELLERS,Travellers,NATIONAL,,Travellers when indicated
CYP,2023,VARICELLA,1,,General/routine,NATIONAL,M12-M15,
CYP,2023,VARICELLA,2,,General/routine,NATIONAL,Y4-Y6,
CYP,2023,YF,1,TRAVELLERS,Travellers,NATIONAL,,Travellers to endemic areas
CZE,2023,BCG,1,RISKGROUPS,Risk group(s),NATIONAL,M1,Administrated during the first month of life in cases indicated by health professionals (indications are based on legislation)
CZE,2023,DTAP,4,B_CHILD_W,General/routine,NATIONAL,Y5,
CZE,2023,DTAPHIBHEPBIPV,1,,General/routine,NATIONAL,M3,
CZE,2023,DTAPHIBHEPBIPV,2,,General/routine,NATIONAL,M5,
CZE,2023,DTAPHIBHEPBIPV,3,,General/routine,NATIONAL,M11,
CZE,2023,HEPB_PEDIATRIC,1,RISKGROUPS,Risk group(s),NATIONAL,B,Administrated to newborns of HBsAg positive mothers
CZE,2023,HPV2,1,BOTH,HPV administered to females and males,NATIONAL,Y13,2 and 4 valent vaccine administered; females and males
CZE,2023,HPV2,2,BOTH,HPV administered to females and males,NATIONAL,+M5-M13,2 and 4 valent vaccine administered; females and males
CZE,2023,HPV4,1,BOTH,HPV administered to females and males,NATIONAL,Y13,2 and 4 valent vaccine administered; females and males
CZE,2023,HPV4,2,BOTH,HPV administered to females and males,NATIONAL,+M6,2 and 4 valent vaccine administered; females and males
CZE,2023,INFLUENZA_ADULT,1,ADULTS,Adults,NATIONAL,>=Y65,
CZE,2023,INFLUENZA_ADULT,1,HW,Health workers,NATIONAL,,Health and care workers
CZE,2023,INFLUENZA_ADULT,1,PW,Pregnant women,NATIONAL,,Pregnant women
CZE,2023,INFLUENZA_ADULT,1,RISKGROUPS,Risk group(s),NATIONAL,,"Adults with chronic conditions, residents living in long-term care facilities"
CZE,2023,INFLUENZA_PEDIATRIC,1,RISKGROUPS,Risk group(s),NATIONAL,,Children with chronic conditions
CZE,2023,MMR,1,,General/routine,NATIONAL,M13,
CZE,2023,MMR,2,,General/routine,NATIONAL,Y5,
CZE,2023,TDAP_S_IPV,5,B_ADO_W,General/routine,NATIONAL,Y10,
CZE,2023,TT,1,ADULTS,Adults,NATIONAL,,Regular booster vaccination every 10-15 years in adult population
CZE,2023,TT,6,ADULTS,Adults,NATIONAL,Y25,"Regular booster vaccination every 10-15 years in adult population, therefore 6th dose is in Y25"
DEU,2023,DTAPHIBHEPBIPV,1,CATCHUP_C,Catch-up children,NATIONAL,<=Y4,"There should be an interval of at least 6 months between the last and the preceding dose. For premature babies (born before completed 37 weeks of pregnancy), 4 vaccine doses at the ages of 2, 3, 4 and 11 months are recommended. Catch-up is recommended up to and including 4 years of age."
DEU,2023,DTAPHIBHEPBIPV,2,,General/routine,NATIONAL,M4,"There should be an interval of at least 6 months between the last and the preceding dose. For premature babies (born before completed 37 weeks of pregnancy), 4 vaccine doses at the ages of 2, 3, 4 and 11 months are recommended. Catch-up is recommended up to and including 4 years of age."
DEU,2023,DTAPHIBHEPBIPV,3,,General/routine,NATIONAL,M11,"There should be an interval of at least 6 months between the last and the preceding dose. For premature babies (born before completed 37 weeks of pregnancy), 4 vaccine doses at the ages of 2, 3, 4 and 11 months are recommended. Catch-up is recommended up to and including 4 years of age."
DEU,2023,DTAPHIBHEPBIPV,1,,General/routine,NATIONAL,M2,"There should be an interval of at least 6 months between the last and the preceding dose. For premature babies (born before completed 37 weeks of pregnancy), 4 vaccine doses at the ages of 2, 3, 4 and 11 months are recommended. Catch-up is recommended up to and including 4 years of age."
DEU,2023,DTAPHIBHEPBIPV,2,RISKGROUPS,Risk group(s),NATIONAL,M3,"There should be an interval of at least 6 months between the last and the preceding dose. For premature babies (born before completed 37 weeks of pregnancy), 4 vaccine doses at the ages of 2, 3, 4 and 11 months are recommended. Catch-up is recommended up to and including 4 years of age."
DEU,2023,HEPA_ADULT,1,HW,Health workers,NATIONAL,,"1) People with sexual behaviours with increased risk of exposure; for example, men who have sex with men (MSM) 2) People who frequently receive blood components, e. g., injecting drug users, haemophiliacs, or people with liver disease/general conditions affecting the liver. 3) Residents of psychiatric institutions or comparable welfare facilities for people with behavioural disorders or cerebral damage. 4) People who are at increased risk of occupational exposure, including trainees, interns, students and volunteers with comparable exposure risk, for example: healthcare workers (including medical and rescue services, kitchen, laboratory, technical; and cleaning services, psychiatric and welfare institutions); people in contact with sewage e. g. sewer system and wastewater workers; employment (including kitchen and cleaning) in childrenÕs day care centres, childrenÕs homes, sheltered employment facilities, refugee shelters, and the like."
DEU,2023,HEPA_ADULT,1,RISKGROUPS,Risk group(s),NATIONAL,,"1) People with sexual behaviours with increased risk of exposure; for example, men who have sex with men (MSM) 2) People who frequently receive blood components, e. g., injecting drug users, haemophiliacs, or people with liver disease/general conditions affecting the liver. 3) Residents of psychiatric institutions or comparable welfare facilities for people with behavioural disorders or cerebral damage. 4) People who are at increased risk of occupational exposure, including trainees, interns, students and volunteers with comparable exposure risk, for example: healthcare workers (including medical and rescue services, kitchen, laboratory, technical; and cleaning services, psychiatric and welfare institutions); people in contact with sewage e. g. sewer system and wastewater workers; employment (including kitchen and cleaning) in childrenÕs day care centres, childrenÕs homes, sheltered employment facilities, refugee shelters, and the like."
DEU,2023,HEPA_PEDIATRIC,1,RISKGROUPS,Risk group(s),NATIONAL,,"1) People with sexual behaviours with increased risk of exposure; for example, men who have sex with men (MSM) 2) People who frequently receive blood components, e. g., injecting drug users, haemophiliacs, or people with liver disease/general conditions affecting the liver. 3) Residents of psychiatric institutions or comparable welfare facilities for people with behavioural disorders or cerebral damage. 4) People who are at increased risk of occupational exposure, including trainees, interns, students and volunteers with comparable exposure risk, for example: healthcare workers (including medical and rescue services, kitchen, laboratory, technical; and cleaning services, psychiatric and welfare institutions); people in contact with sewage e. g. sewer system and wastewater workers; employment (including kitchen and cleaning) in childrenÕs day care centres, childrenÕs homes, sheltered employment facilities, refugee shelters, and the like."
DEU,2023,HEPB_ADULT,1,HW,Health workers,NATIONAL,,"1) People at risk of severe hepatitis B because of an existing or expected immunodeficiency or immunosuppression, or other pre-existing diseases, for example: HIV-positive or hepatitis C-positive individuals, and patients on haemodialysis. 2) People at increased risk of non-occupational exposure, for example: people in contact with HBsAg carriers in the family or flat share, people at high risk of acquiring hepatitis B through sexual contact, injecting drug users, prison inmates, and psychiatric inpatients. 3) People at increased risk of occupational exposure, including trainees, interns, students and volunteers with comparable exposure risk, for example: healthcare personnel (including laboratory personnel and cleaning personnel), medical and rescue services, occupational first aid providers, police officers, and personnel at facilities with large numbers of hepatitis B-virus (HBV)-infected people (for example, correctional facilities, shelters for refugees, immigrants or asylum."
DEU,2023,HEPB_ADULT,1,RISKGROUPS,Risk group(s),NATIONAL,,"1) People at risk of severe hepatitis B because of an existing or expected immunodeficiency or immunosuppression, or other pre-existing diseases, for example: HIV-positive or hepatitis C-positive individuals, and patients on haemodialysis. 2) People at increased risk of non-occupational exposure, for example: people in contact with HBsAg carriers in the family or flat share, people at high risk of acquiring hepatitis B through sexual contact, injecting drug users, prison inmates, and psychiatric inpatients. 3) People at increased risk of occupational exposure, including trainees, interns, students and volunteers with comparable exposure risk, for example: healthcare personnel (including laboratory personnel and cleaning personnel), medical and rescue services, occupational first aid providers, police officers, and personnel at facilities with large numbers of hepatitis B-virus (HBV)-infected people (for example, correctional facilities, shelters for refugees, immigrants or asylum."
DEU,2023,HEPB_PEDIATRIC,1,RISKGROUPS,Risk group(s),NATIONAL,B,"1) Newborns of seropositive women within 12 hours postpartum, together with Hepatitis B immunoglobulin 2) Newborns of mothers whose HBsAg status is unknown and in whom serological testing is not possible before or immediately after delivery. 3) People at risk of severe hepatitis B because of an existing or expected immunodeficiency or immunosuppression, or other pre-existing diseases, for example: HIV-positive or hepatitis C-positive individuals, and patients on haemodialysis. 4) People at increased risk of non-occupational exposure, for example: people in contact with HBsAg carriers in the family or flat share, people at high risk of acquiring hepatitis B through sexual contact, injecting drug users, prison inmates, and psychiatric inpatients."
DEU,2023,HIB,1,RISKGROUPS,Risk group(s),NATIONAL,,People with anatomical or functional asplenia (e. g. sickle cell anaemia).
DEU,2023,HPV2,1,CATCHUP_C,Catch-up children,NATIONAL,Y15-Y17,"2, 4 and 9 valent vaccines in use. Two vaccine doses for females and males at least 5 months apart. In the case of a catch-up series starting at an age of 15 years or older or a vaccination interval of less than 5 months between the 1st and 2nd dose, a 3rd dose is necessary. Catch-up is recommended up until and including 17 years of age."
DEU,2023,HPV2,2,BOTH,HPV administered to females and males,NATIONAL,+M5,"2, 4 and 9 valent vaccines in use. Two vaccine doses for females and males at least 5 months apart. In the case of a catch-up series starting at an age of 15 years or older or a vaccination interval of less than 5 months between the 1st and 2nd dose, a 3rd dose is necessary. Catch-up is recommended up until and including 17 years of age."
DEU,2023,HPV2,1,BOTH,HPV administered to females and males,NATIONAL,Y9-Y14,"2, 4 and 9 valent vaccines in use. Two vaccine doses for females and males at least 5 months apart. In the case of a catch-up series starting at an age of 15 years or older or a vaccination interval of less than 5 months between the 1st and 2nd dose, a 3rd dose is necessary. Catch-up is recommended up until and including 17 years of age."
DEU,2023,HPV4,1,CATCHUP_C,Catch-up children,NATIONAL,Y15-Y17,"2, 4 and 9 valent vaccines in use. Two vaccine doses for females and males at least 5 months apart. In the case of a catch-up series starting at an age of 15 years or older or a vaccination interval of less than 5 months between the 1st and 2nd dose, a 3rd dose is necessary. Catch-up is recommended up until and including 17 years of age."
DEU,2023,HPV4,2,BOTH,HPV administered to females and males,NATIONAL,+M5,"2, 4 and 9 valent vaccines in use. Two vaccine doses for females and males at least 5 months apart. In the case of a catch-up series starting at an age of 15 years or older or a vaccination interval of less than 5 months between the 1st and 2nd dose, a 3rd dose is necessary. Catch-up is recommended up until and including 17 years of age."
DEU,2023,HPV4,1,BOTH,HPV administered to females and males,NATIONAL,Y9-Y14,"2, 4 and 9 valent vaccines in use. Two vaccine doses for females and males at least 5 months apart. In the case of a catch-up series starting at an age of 15 years or older or a vaccination interval of less than 5 months between the 1st and 2nd dose, a 3rd dose is necessary. Catch-up is recommended up until and including 17 years of age."
DEU,2023,HPV9,1,CATCHUP_C,Catch-up children,NATIONAL,Y15-Y17,"2, 4 and 9 valent vaccines in use. Two vaccine doses for females and males at least 5 months apart. In the case of a catch-up series starting at an age of 15 years or older or a vaccination interval of less than 5 months between the 1st and 2nd dose, a 3rd dose is necessary. Catch-up is recommended up until and including 17 years of age."
DEU,2023,HPV9,2,BOTH,HPV administered to females and males,NATIONAL,+M5,"2, 4 and 9 valent vaccines in use. Two vaccine doses for females and males at least 5 months apart. In the case of a catch-up series starting at an age of 15 years or older or a vaccination interval of less than 5 months between the 1st and 2nd dose, a 3rd dose is necessary. Catch-up is recommended up until and including 17 years of age."
DEU,2023,HPV9,1,BOTH,HPV administered to females and males,NATIONAL,Y9-Y14,"2, 4 and 9 valent vaccines in use. Two vaccine doses for females and males at least 5 months apart. In the case of a catch-up series starting at an age of 15 years or older or a vaccination interval of less than 5 months between the 1st and 2nd dose, a 3rd dose is necessary. Catch-up is recommended up until and including 17 years of age."
DEU,2023,INFLUENZA_ADULT,1,ADULTS,Adults,NATIONAL,>=Y60,
DEU,2023,INFLUENZA_ADULT,1,HW,Health workers,NATIONAL,,Health and care workers
DEU,2023,INFLUENZA_ADULT,1,PW,Pregnant women,NATIONAL,,Pregnant women
DEU,2023,INFLUENZA_ADULT,1,RISKGROUPS,Risk group(s),NATIONAL,,"Adults with chronic conditions, residents living in long-term care facilities, other groups"
DEU,2023,INFLUENZA_PEDIATRIC,1,RISKGROUPS,Risk group(s),NATIONAL,,Children with chronic conditions
DEU,2023,MEN_ACYW_135CONJ,1,RISKGROUPS,Risk group(s),NATIONAL,,"People with congenital or acquired immunodeficiencies, especially those with complement/properdin deficiencies; receiving complement C5-inhibitor therapy with e. g. Eculizumab or Ravulizumab; with hypogammaglobulinaemia; with anatomic or functional asplenia (e. g. sickle cell anaemia)."
DEU,2023,MEN_B,1,RISKGROUPS,Risk group(s),NATIONAL,,"People with congenital or acquired immunodeficiencies, especially those with complement/properdin deficiencies; receiving complement C5-inhibitor therapy with e. g. Eculizumab or Ravulizumab; with hypogammaglobulinaemia; with anatomic or functional asplenia (e. g. sickle cell anaemia)."
DEU,2023,MEN_C_CONJ,1,CATCHUP_C,Catch-up children,NATIONAL,<=Y17,Catch-up is recommended up until and including 17 years of age
DEU,2023,MEN_C_CONJ,1,,General/routine,NATIONAL,M12,
DEU,2023,MMR,1,ADULTS,Adults,NATIONAL,,"1) One MMR dose for all adults born after 1970 with unclear vaccination status, who have not been vaccinated, or who received only one vaccination during childhood. 2) Two MMR doses for individuals born after 1970 in the following fields of professional activity (including trainees, interns, students and volunteers): Medical facilities including facilities of other human medical health care professions; occupation with contact to potentially infectious material; care facilities for mostly elderly people; community facilities e. g. day care facility for children or pupils; institutions housing immigrants, refugees and asylum seekers; technical and vocational colleges, universities. 3) Two MMR doses for women of childbearing age who are non-immunised or with an unclear vaccination status. 4) One MMR dose for women of childbearing age only vaccinated once. 5) Mothers with a seronegative rubella test in pregnancy should be given 2 MMR doses postpartum, 4 weeks apart."
DEU,2023,MMR,1,CATCHUP_C,Catch-up children,NATIONAL,<=Y17,"MMR and monovalent varicella vaccine is preferably administered as two separate injections due to higher rates of febrile seizures following immunization with MMRV, MMRV is preferably administered as the second dose. The first MMR dose can be administered from 9 months of age in specific circumstances (forthcoming admission or visit to a community facility, e.g. Kindergarten, day care facility for children), in this case, the second MMR dose should be given as early as possible in the second year of life. Catch-up is recommended up until and including 17 years of age."
DEU,2023,MMR,1,,General/routine,NATIONAL,M11,"MMR and monovalent varicella vaccine is preferably administered as two separate injections due to higher rates of febrile seizures following immunization with MMRV, MMRV is preferably administered as the second dose. The first MMR dose can be administered from 9 months of age in specific circumstances (forthcoming admission or visit to a community facility, e.g. Kindergarten, day care facility for children), in this case, the second MMR dose should be given as early as possible in the second year of life. Catch-up is recommended up until and including 17 years of age."
DEU,2023,MMR,1,HW,Health workers,NATIONAL,,"1) One MMR dose for all adults born after 1970 with unclear vaccination status, who have not been vaccinated, or who received only one vaccination during childhood. 2) Two MMR doses for individuals born after 1970 in the following fields of professional activity (including trainees, interns, students and volunteers): Medical facilities including facilities of other human medical health care professions; occupation with contact to potentially infectious material; care facilities for mostly elderly people; community facilities e. g. day care facility for children or pupils; institutions housing immigrants, refugees and asylum seekers; technical and vocational colleges, universities. 3) Two MMR doses for women of childbearing age who are non-immunised or with an unclear vaccination status. 4) One MMR dose for women of childbearing age only vaccinated once. 5) Mothers with a seronegative rubella test in pregnancy should be given 2 MMR doses postpartum, 4 weeks apart."
DEU,2023,MMR,1,RISKGROUPS,Risk group(s),NATIONAL,,"1) One MMR dose for all adults born after 1970 with unclear vaccination status, who have not been vaccinated, or who received only one vaccination during childhood. 2) Two MMR doses for individuals born after 1970 in the following fields of professional activity (including trainees, interns, students and volunteers): Medical facilities including facilities of other human medical health care professions; occupation with contact to potentially infectious material; care facilities for mostly elderly people; community facilities e. g. day care facility for children or pupils; institutions housing immigrants, refugees and asylum seekers; technical and vocational colleges, universities. 3) Two MMR doses for women of childbearing age who are non-immunised or with an unclear vaccination status. 4) One MMR dose for women of childbearing age only vaccinated once. 5) Mothers with a seronegative rubella test in pregnancy should be given 2 MMR doses postpartum, 4 weeks apart."
DEU,2023,MMRV,1,CATCHUP_C,Catch-up children,NATIONAL,<=Y17,"MMR and monovalent varicella vaccine is preferably administered as two separate injections due to higher rates of febrile seizures following immunization with MMRV, MMRV is preferably administered as the second dose. The first MMR dose can be administered from 9 months of age in specific circumstances (forthcoming admission or visit to a community facility, e.g. Kindergarten, day care facility for children), in this case, the second MMR dose should be given as early as possible in the second year of life. Catch-up is recommended up until and including 17 years of age."
DEU,2023,MMRV,2,,General/routine,NATIONAL,M15,"MMR and monovalent varicella vaccine is preferably administered as two separate injections due to higher rates of febrile seizures following immunization with MMRV, MMRV is preferably administered as the second dose. The first MMR dose can be administered from 9 months of age in specific circumstances (forthcoming admission or visit to a community facility, e.g. Kindergarten, day care facility for children), in this case, the second MMR dose should be given as early as possible in the second year of life. Catch-up is recommended up until and including 17 years of age."
DEU,2023,MPOX,1,RISKGROUPS,Risk group(s),NATIONAL,>=Y18,"Two doses for men who have sex with men (MSM) and are >= 18 years of age and frequently change sexual partners (for people who have been vaccinated against smallpox in the past, a single vaccine dose is sufficient)."
DEU,2023,MPOX,2,RISKGROUPS,Risk group(s),NATIONAL,>=Y18,"Two doses for men who have sex with men (MSM) and are >= 18 years of age and frequently change sexual partners (for people who have been vaccinated against smallpox in the past, a single vaccine dose is sufficient)."
DEU,2023,PCV_15_VALENT,1,RISKGROUPS,Risk group(s),NATIONAL,Y2-Y17,"Sequential vaccination with PCV13 or PCV15, followed by PPSV23 after 6 Ð12 months, for children and adolescents 2-17 years of age at increased health risk as a result of congenital or acquired immunodeficiencies or other chronic diseases, or anatomical and foreign-material associated risks for pneumococcal meningitis."
DEU,2023,PCV10,1,CATCHUP_C,Catch-up children,NATIONAL,<=Y4,"10 and 13 valent vaccines in use. There should be an interval of at least 6 months between the last and the preceding dose. For premature babies (born before completed 37 weeks of pregnancy), 4 vaccine doses at the ages of 2, 3, 4 and 11 months are recommended. Catch-up is recommended up to and including 4 years of age."
DEU,2023,PCV10,2,,General/routine,NATIONAL,M4,"10 and 13 valent vaccines in use. There should be an interval of at least 6 months between the last and the preceding dose. For premature babies (born before completed 37 weeks of pregnancy), 4 vaccine doses at the ages of 2, 3, 4 and 11 months are recommended. Catch-up is recommended up to and including 4 years of age."
DEU,2023,PCV10,3,,General/routine,NATIONAL,M11,"10 and 13 valent vaccines in use. There should be an interval of at least 6 months between the last and the preceding dose. For premature babies (born before completed 37 weeks of pregnancy), 4 vaccine doses at the ages of 2, 3, 4 and 11 months are recommended. Catch-up is recommended up to and including 4 years of age."
DEU,2023,PCV10,1,,General/routine,NATIONAL,M2,"10 and 13 valent vaccines in use. There should be an interval of at least 6 months between the last and the preceding dose. For premature babies (born before completed 37 weeks of pregnancy), 4 vaccine doses at the ages of 2, 3, 4 and 11 months are recommended. Catch-up is recommended up to and including 4 years of age."
DEU,2023,PCV10,2,RISKGROUPS,Risk group(s),NATIONAL,M3,"10 and 13 valent vaccines in use. There should be an interval of at least 6 months between the last and the preceding dose. For premature babies (born before completed 37 weeks of pregnancy), 4 vaccine doses at the ages of 2, 3, 4 and 11 months are recommended. Catch-up is recommended up to and including 4 years of age."
DEU,2023,PCV13,1,CATCHUP_C,Catch-up children,NATIONAL,<=Y4,"10 and 13 valent vaccines in use. There should be an interval of at least 6 months between the last and the preceding dose. For premature babies (born before completed 37 weeks of pregnancy), 4 vaccine doses at the ages of 2, 3, 4 and 11 months are recommended. Catch-up is recommended up to and including 4 years of age."
DEU,2023,PCV13,2,,General/routine,NATIONAL,M4,"10 and 13 valent vaccines in use. There should be an interval of at least 6 months between the last and the preceding dose. For premature babies (born before completed 37 weeks of pregnancy), 4 vaccine doses at the ages of 2, 3, 4 and 11 months are recommended. Catch-up is recommended up to and including 4 years of age."
DEU,2023,PCV13,1,,General/routine,NATIONAL,M2,"10 and 13 valent vaccines in use. There should be an interval of at least 6 months between the last and the preceding dose. For premature babies (born before completed 37 weeks of pregnancy), 4 vaccine doses at the ages of 2, 3, 4 and 11 months are recommended. Catch-up is recommended up to and including 4 years of age."
DEU,2023,PCV13,3,,General/routine,NATIONAL,M11,"10 and 13 valent vaccines in use. There should be an interval of at least 6 months between the last and the preceding dose. For premature babies (born before completed 37 weeks of pregnancy), 4 vaccine doses at the ages of 2, 3, 4 and 11 months are recommended. Catch-up is recommended up to and including 4 years of age."
DEU,2023,PCV13,2,RISKGROUPS,Risk group(s),NATIONAL,M3,"10 and 13 valent vaccines in use. There should be an interval of at least 6 months between the last and the preceding dose. For premature babies (born before completed 37 weeks of pregnancy), 4 vaccine doses at the ages of 2, 3, 4 and 11 months are recommended. Catch-up is recommended up to and including 4 years of age. Sequential vaccination with PCV13 or PCV15, followed by PPSV23 after 6 Ð12 months, for children and adolescents 2-17 years of age at increased health risk as a result of congenital or acquired immunodeficiencies or other chronic diseases, or anatomical and foreign-material associated risks for pneumococcal meningitis."
DEU,2023,PCV20,1,ADULTS,Adults,NATIONAL,>=Y60,"1) One dose of PCV20 for all people aged >= 60 years. 2) One dose of PCV20 for adults >= 18 years at increased health risk as a result of congenital or acquired immunodeficiencies or other chronic diseases, or anatomical and foreign-material associated risks for pneumococcal meningitis. 3) Sequential vaccination with PCV13 or PCV15, followed by PPSV23 after 6 Ð12 months, for children and adolescents 2-17 years of age at increased health risk as a result of congenital or acquired immunodeficiencies or other chronic diseases, or anatomical and foreign-material associated risks for pneumococcal meningitis. 4) One dose of PCV20 for people performing professional activities such as welding or separating metals leading to exposure to metal smoke, including metal-oxidic welding smoke."
DEU,2023,PCV20,1,RISKGROUPS,Risk group(s),NATIONAL,,"1) One dose of PCV20 for all people aged >= 60 years. 2) One dose of PCV20 for adults >= 18 years at increased health risk as a result of congenital or acquired immunodeficiencies or other chronic diseases, or anatomical and foreign-material associated risks for pneumococcal meningitis. 3) Sequential vaccination with PCV13 or PCV15, followed by PPSV23 after 6 Ð12 months, for children and adolescents 2-17 years of age at increased health risk as a result of congenital or acquired immunodeficiencies or other chronic diseases, or anatomical and foreign-material associated risks for pneumococcal meningitis. 4) One dose of PCV20 for people performing professional activities such as welding or separating metals leading to exposure to metal smoke, including metal-oxidic welding smoke."
DEU,2023,PPV23,1,RISKGROUPS,Risk group(s),NATIONAL,Y2-Y17,"1) One dose of PCV20 for all people aged >= 60 years. 2) One dose of PCV20 for adults >= 18 years at increased health risk as a result of congenital or acquired immunodeficiencies or other chronic diseases, or anatomical and foreign-material associated risks for pneumococcal meningitis. 3) Sequential vaccination with PCV13 or PCV15, followed by PPSV23 after 6 Ð12 months, for children and adolescents 2-17 years of age at increased health risk as a result of congenital or acquired immunodeficiencies or other chronic diseases, or anatomical and foreign-material associated risks for pneumococcal meningitis. 4) One dose of PCV20 for people performing professional activities such as welding or separating metals leading to exposure to metal smoke, including metal-oxidic welding smoke."
DEU,2023,ROTAVIRUS_1,1,CATCHUP_C,Catch-up children,NATIONAL,W12-W32,"1 and 5 valent vaccines in use. First vaccine dose as early as the age of 6 weeks. Depending on the vaccine used, 2 (monovalent) or 3 (pentavalent) vaccine doses at an interval of at least 4 weeks. The series should preferably be completed by 16 weeks of age (monovalent) or 20-22 weeks of age (pentavalent). In case of catch-up, the first dose must be administered by 12 weeks of age and the last dose by 24 weeks of age (monovalent) or 32 weeks of age (pentavalent)."
DEU,2023,ROTAVIRUS_1,2,,General/routine,NATIONAL,M3,"1 and 5 valent vaccines in use. First vaccine dose as early as the age of 6 weeks. Depending on the vaccine used, 2 (monovalent) or 3 (pentavalent) vaccine doses at an interval of at least 4 weeks. The series should preferably be completed by 16 weeks of age (monovalent) or 20-22 weeks of age (pentavalent). In case of catch-up, the first dose must be administered by 12 weeks of age and the last dose by 24 weeks of age (monovalent) or 32 weeks of age (pentavalent)."
DEU,2023,ROTAVIRUS_1,1,,General/routine,NATIONAL,W6,"1 and 5 valent vaccines in use. First vaccine dose as early as the age of 6 weeks. Depending on the vaccine used, 2 (monovalent) or 3 (pentavalent) vaccine doses at an interval of at least 4 weeks. The series should preferably be completed by 16 weeks of age (monovalent) or 20-22 weeks of age (pentavalent). In case of catch-up, the first dose must be administered by 12 weeks of age and the last dose by 24 weeks of age (monovalent) or 32 weeks of age (pentavalent)."
DEU,2023,ROTAVIRUS_5,1,CATCHUP_C,Catch-up children,NATIONAL,W12-W32,"1 and 5 valent vaccines in use. First vaccine dose as early as the age of 6 weeks. Depending on the vaccine used, 2 (monovalent) or 3 (pentavalent) vaccine doses at an interval of at least 4 weeks. The series should preferably be completed by 16 weeks of age (monovalent) or 20-22 weeks of age (pentavalent). In case of catch-up, the first dose must be administered by 12 weeks of age and the last dose by 24 weeks of age (monovalent) or 32 weeks of age (pentavalent)."
DEU,2023,ROTAVIRUS_5,2,,General/routine,NATIONAL,M3,"1 and 5 valent vaccines in use. First vaccine dose as early as the age of 6 weeks. Depending on the vaccine used, 2 (monovalent) or 3 (pentavalent) vaccine doses at an interval of at least 4 weeks. The series should preferably be completed by 16 weeks of age (monovalent) or 20-22 weeks of age (pentavalent). In case of catch-up, the first dose must be administered by 12 weeks of age and the last dose by 24 weeks of age (monovalent) or 32 weeks of age (pentavalent)."
DEU,2023,ROTAVIRUS_5,3,,General/routine,NATIONAL,M4,"1 and 5 valent vaccines in use. First vaccine dose as early as the age of 6 weeks. Depending on the vaccine used, 2 (monovalent) or 3 (pentavalent) vaccine doses at an interval of at least 4 weeks. The series should preferably be completed by 16 weeks of age (monovalent) or 20-22 weeks of age (pentavalent). In case of catch-up, the first dose must be administered by 12 weeks of age and the last dose by 24 weeks of age (monovalent) or 32 weeks of age (pentavalent)."
DEU,2023,ROTAVIRUS_5,1,,General/routine,NATIONAL,W6,"1 and 5 valent vaccines in use. First vaccine dose as early as the age of 6 weeks. Depending on the vaccine used, 2 (monovalent) or 3 (pentavalent) vaccine doses at an interval of at least 4 weeks. The series should preferably be completed by 16 weeks of age (monovalent) or 20-22 weeks of age (pentavalent). In case of catch-up, the first dose must be administered by 12 weeks of age and the last dose by 24 weeks of age (monovalent) or 32 weeks of age (pentavalent)."
DEU,2023,TBE_ADULT,1,ADULTS,Adults,SUBNATIONAL,,"1) People exposed to ticks in TBE risk areas (for maps, see https://www.rki.de/DE/Content/InfAZ/F/FSME/Karte_Tab.html). 2) People at risk of TBE through their profession (exposed laboratory personnel as well as those in risk areas, including forest workers and those exposed during farming)."
DEU,2023,TBE_ADULT,1,RISKGROUPS,Risk group(s),SUBNATIONAL,,"1) People exposed to ticks in TBE risk areas (for maps, see https://www.rki.de/DE/Content/InfAZ/F/FSME/Karte_Tab.html). 2) People at risk of TBE through their profession (exposed laboratory personnel as well as those in risk areas, including forest workers and those exposed during farming)."
DEU,2023,TBE_PEDIATRIC,1,ADULTS,Adults,SUBNATIONAL,,"1) People exposed to ticks in TBE risk areas (for maps, see https://www.rki.de/DE/Content/InfAZ/F/FSME/Karte_Tab.html). 2) People at risk of TBE through their profession (exposed laboratory personnel as well as those in risk areas, including forest workers and those exposed during farming)."
DEU,2023,TBE_PEDIATRIC,1,RISKGROUPS,Risk group(s),SUBNATIONAL,,"1) People exposed to ticks in TBE risk areas (for maps, see https://www.rki.de/DE/Content/InfAZ/F/FSME/Karte_Tab.html). 2) People at risk of TBE through their profession (exposed laboratory personnel as well as those in risk areas, including forest workers and those exposed during farming)."
DEU,2023,TD_S,1,ADULTS,Adults,NATIONAL,>=Y18,"1) Td booster vaccination every 10 years. 2) Next due Td vaccination requires one dose as a Tdap or, in the case of a respective indication, as a Tdap-IPV combination vaccination."
DEU,2023,TDAP_S,2,ADULTS,Adults,NATIONAL,+Y10,"1) One dose of Tdap for all adults instead of next Td booster. 2) One dose of Tdap for pregnant women at the beginning of the 3rd trimester (from the 28th week of pregnancy). In case of an increased probability for premature birth, vaccination should be administered during the 2nd trimester. This vaccination should be administered in every pregnancy, regardless of the interval to previously administered pertussis vaccinations."
DEU,2023,TDAP_S,1,CATCHUP_C,Catch-up children,NATIONAL,<=Y8,Catch-up is recommended up until and including 8 years of age
DEU,2023,TDAP_S,4,B_CHILD_W,General/routine,NATIONAL,Y5-Y6,
DEU,2023,TDAP_S,1,PW,Pregnant women,NATIONAL,,"1) One dose of Tdap for all adults instead of next Td booster. 2) One dose of Tdap for pregnant women at the beginning of the 3rd trimester (from the 28th week of pregnancy). In case of an increased probability for premature birth, vaccination should be administered during the 2nd trimester. This vaccination should be administered in every pregnancy, regardless of the interval to previously administered pertussis vaccinations."
DEU,2023,TDAP_S_IPV,1,CATCHUP_C,Catch-up children,NATIONAL,<=Y17,Catch-up is recommended up until and including 17 years of age
DEU,2023,TDAP_S_IPV,5,B_ADO_W,General/routine,NATIONAL,Y9-Y16,
DEU,2023,VARICELLA,1,CATCHUP_C,Catch-up children,NATIONAL,<=Y17,"MMR and monovalent varicella vaccine is preferably administered as two separate injections due to higher rates of febrile seizures following immunization with MMRV, MMRV is preferably administered as the second dose. Catch-up is recommended up until and including 17 years of age."
DEU,2023,VARICELLA,1,,General/routine,NATIONAL,M11,"MMR and monovalent varicella vaccine is preferably administered as two separate injections due to higher rates of febrile seizures following immunization with MMRV, MMRV is preferably administered as the second dose. Catch-up is recommended up until and including 17 years of age."
DEU,2023,VARICELLA,1,HW,Health workers,NATIONAL,,"1) Two doses of varicella vaccine for seronegative women who wish to conceive, seronegative patients before planned immunosuppressive therapy or organ transplantation, susceptible patients with severe neurodermatitis, susceptible people in close contact with the two previous groups. 2) Seronegative personnel (including trainees, interns, students and volunteers) in the following fields of professional activity: Medical facilities including facilities of other human medical health care professions; activities involving contact with potentially infectious material; care facilities for mostly elderly people; community facilities e. g. day care facility for children or pupils; institutions housing immigrants, refugees and asylum seekers."
DEU,2023,VARICELLA,1,RISKGROUPS,Risk group(s),NATIONAL,,"1) Two doses of varicella vaccine for seronegative women who wish to conceive, seronegative patients before planned immunosuppressive therapy or organ transplantation, susceptible patients with severe neurodermatitis, susceptible people in close contact with the two previous groups. 2) Seronegative personnel (including trainees, interns, students and volunteers) in the following fields of professional activity: Medical facilities including facilities of other human medical health care professions; activities involving contact with potentially infectious material; care facilities for mostly elderly people; community facilities e. g. day care facility for children or pupils; institutions housing immigrants, refugees and asylum seekers."
DEU,2023,ZOSTER,1,ADULTS,Adults,NATIONAL,>=Y60,"Two doses for 1) all adults >= 60 years of age. 2) adults >= 50 years of age in case of increased health risk resulting from an underlying disease, for example: congenital or acquired immunodeficiency or immunosuppression; HIV infection; Rheumatoid arthritis; Systemic lupus erythematosus; Chronic inflammatory bowel disease; Chronic obstructive pulmonary disease or bronchial asthma; Chronic renal insufficiency; Diabetes mellitus."
DEU,2023,ZOSTER,2,ADULTS,Adults,NATIONAL,>=Y60,"Two doses for 1) all adults >= 60 years of age. 2) adults >= 50 years of age in case of increased health risk resulting from an underlying disease, for example: congenital or acquired immunodeficiency or immunosuppression; HIV infection; Rheumatoid arthritis; Systemic lupus erythematosus; Chronic inflammatory bowel disease; Chronic obstructive pulmonary disease or bronchial asthma; Chronic renal insufficiency; Diabetes mellitus."
DEU,2023,ZOSTER,1,RISKGROUPS,Risk group(s),NATIONAL,>=Y50,"Two doses for 1) all adults >= 60 years of age. 2) adults >= 50 years of age in case of increased health risk resulting from an underlying disease, for example: congenital or acquired immunodeficiency or immunosuppression; HIV infection; Rheumatoid arthritis; Systemic lupus erythematosus; Chronic inflammatory bowel disease; Chronic obstructive pulmonary disease or bronchial asthma; Chronic renal insufficiency; Diabetes mellitus."
DJI,2023,BCG,1,,General/routine,NATIONAL,B,
DJI,2023,DTWP,4,B_2YL_W,General/routine,NATIONAL,M15,
DJI,2023,DTWPHIBHEPB,1,,General/routine,NATIONAL,W6,
DJI,2023,DTWPHIBHEPB,2,,General/routine,NATIONAL,W10,
DJI,2023,DTWPHIBHEPB,3,,General/routine,NATIONAL,W14,
DJI,2023,HEPB_PEDIATRIC,1,,General/routine,NATIONAL,B,
DJI,2023,IPV,1,,General/routine,NATIONAL,W14,
DJI,2023,MEASLES,1,,General/routine,NATIONAL,M9,
DJI,2023,MEASLES,2,,General/routine,NATIONAL,M15,
DJI,2023,OPV,2,,General/routine,NATIONAL,W6,
DJI,2023,OPV,3,,General/routine,NATIONAL,W10,
DJI,2023,OPV,4,,General/routine,NATIONAL,W14,
DJI,2023,OPV,5,,General/routine,NATIONAL,M15,
DJI,2023,OPV,1,,General/routine,NATIONAL,B,
DJI,2023,PCV13,1,,General/routine,NATIONAL,W6,
DJI,2023,PCV13,2,,General/routine,NATIONAL,W10,
DJI,2023,PCV13,3,,General/routine,NATIONAL,W14,
DJI,2023,ROTAVIRUS_1,1,,General/routine,NATIONAL,W6,
DJI,2023,ROTAVIRUS_1,2,,General/routine,NATIONAL,W10,
DJI,2023,TD_S,1,PW,Pregnant women,NATIONAL,1st contact,Femmes enceintes
DJI,2023,TD_S,2,PW,Pregnant women,NATIONAL,+M1,Femmes enceintes
DJI,2023,TD_S,3,PW,Pregnant women,NATIONAL,+M6,Femmes enceintes
DJI,2023,TD_S,4,PW,Pregnant women,NATIONAL,+Y1,Femmes enceintes
DJI,2023,TD_S,5,PW,Pregnant women,NATIONAL,+Y1,Femmes enceintes
DJI,2023,VITAMINA,1,,General/routine,NATIONAL,M9,
DJI,2023,VITAMINA,2,,General/routine,NATIONAL,M15,
DMA,2023,BCG,1,,General/routine,NATIONAL,B-Y1,Births of previous year
DMA,2023,DT,1,RISKGROUPS,Risk group(s),NATIONAL,M2,Children with Seizure disorder from birth who cannot have DPT/Penta
DMA,2023,DT,2,RISKGROUPS,Risk group(s),NATIONAL,M4,Children with Seizure disorder from birth who cannot have DPT/Penta
DMA,2023,DT,3,RISKGROUPS,Risk group(s),NATIONAL,M6,Children with Seizure disorder from birth who cannot have DPT/Penta
DMA,2023,DT,4,RISKGROUPS,Risk group(s),NATIONAL,M18,Children with Seizure disorder from birth who cannot have DPT/Penta
DMA,2023,DT,5,RISKGROUPS,Risk group(s),NATIONAL,Y3,Children with Seizure disorder from birth who cannot have DPT/Penta
DMA,2023,DTWP,1,B_2YL_W,General/routine,NATIONAL,M18,Children 18M and 3 years
DMA,2023,DTWP,2,B_CHILD_F,General/routine,NATIONAL,Y3,Children 18M and 3 years
DMA,2023,DTWPHIBHEPB,1,,General/routine,NATIONAL,M2,Births of previous year
DMA,2023,DTWPHIBHEPB,2,,General/routine,NATIONAL,M4,Births of previous year
DMA,2023,DTWPHIBHEPB,3,,General/routine,NATIONAL,M6,Births of previous year
DMA,2023,HEPB_ADULT,1,HW,Health workers,NATIONAL,,Unimmunized adults including health care workers. Health care workers also receive a 4th dose as a booster
DMA,2023,HEPB_ADULT,2,HW,Health workers,NATIONAL,+M1,Unimmunized adults including health care workers. Health care workers also receive a 4th dose as a booster
DMA,2023,HEPB_ADULT,3,HW,Health workers,NATIONAL,+M5,Unimmunized adults including health care workers. Health care workers also receive a 4th dose as a booster
DMA,2023,HEPB_ADULT,2,RISKGROUPS,Risk group(s),NATIONAL,+M1,Unimmunized adults including health care workers. Health care workers also receive a 4th dose as a booster
DMA,2023,HEPB_ADULT,3,RISKGROUPS,Risk group(s),NATIONAL,+M5,Unimmunized adults including health care workers. Health care workers also receive a 4th dose as a booster
DMA,2023,HEPB_ADULT,1,RISKGROUPS,Risk group(s),NATIONAL,1st contact,Unimmunized adults including health care workers. Health care workers also receive a 4th dose as a booster
DMA,2023,HEPB_PEDIATRIC,1,,General/routine,NATIONAL,B,All new borns
DMA,2023,HPV4,1,BOTH,HPV administered to females and males,NATIONAL,Y10-Y12,Introduced in October 2019; females and males; and a 3rd dose given if older than 15 years
DMA,2023,INFLUENZA_ADULT,1,ADULTS,Adults,NATIONAL,>Y18,and older adults 65 years and older
DMA,2023,INFLUENZA_ADULT,1,HW,Health workers,NATIONAL,,Health and care workers
DMA,2023,INFLUENZA_ADULT,1,PW,Pregnant women,NATIONAL,,Pregnant women
DMA,2023,INFLUENZA_ADULT,1,RISKGROUPS,Risk group(s),NATIONAL,,"Adults with chronic conditions, residents living in long-term care facilities"
DMA,2023,INFLUENZA_PEDIATRIC,1,,General/routine,NATIONAL,M6-M35,
DMA,2023,INFLUENZA_PEDIATRIC,2,,General/routine,NATIONAL,>Y3,
DMA,2023,INFLUENZA_PEDIATRIC,1,RISKGROUPS,Risk group(s),NATIONAL,,Children with chronic conditions
DMA,2023,IPV,1,,General/routine,NATIONAL,M2,0-12 months cohort
DMA,2023,IPV,2,,General/routine,NATIONAL,M4,0-12 months cohort
DMA,2023,MMR,1,,General/routine,NATIONAL,M12,Children under 2 years
DMA,2023,MMR,2,,General/routine,NATIONAL,M18,Children under 2 years
DMA,2023,OPV,3,,General/routine,NATIONAL,M6,Population 6 months to 12 years
DMA,2023,OPV,4,,General/routine,NATIONAL,M18,Population 6 months to 12 years
DMA,2023,OPV,5,,General/routine,NATIONAL,Y3,Population 6 months to 12 years
DMA,2023,OPV,6,,General/routine,NATIONAL,Y10-Y12,Population 6 months to 12 years
DMA,2023,TD_S,1,ADULTS,Adults,NATIONAL,1st contact,Unimmunized adults including pregnant women
DMA,2023,TD_S,2,ADULTS,Adults,NATIONAL,+M1,Unimmunized adults including pregnant women
DMA,2023,TD_S,3,ADULTS,Adults,NATIONAL,+M5,Unimmunized adults including pregnant women
DMA,2023,TD_S,2,,General/routine,NATIONAL,+W4-W6,"all other persons if not covered dose one, +W4-W6, and +M6"
DMA,2023,TD_S,3,,General/routine,NATIONAL,+M6,"all other persons if not covered dose one, +W4-W6, and +M6"
DMA,2023,TD_S,6,B_ADO_W,General/routine,NATIONAL,Y10-Y12,"Students moving on to high school in grade 6; and all other persons if not covered dose one, +W4-W6, and +M6"
DMA,2023,TD_S,1,,General/routine,NATIONAL,1st contact,"all other persons if not covered dose one, +W4-W6, and +M6"
DMA,2023,TD_S,2,PW,Pregnant women,NATIONAL,+M1,Unimmunized adults including pregnant women
DMA,2023,TD_S,1,PW,Pregnant women,NATIONAL,1st contact,Unimmunized adults including pregnant women
DMA,2023,TD_S,3,PW,Pregnant women,NATIONAL,+M5,Unimmunized adults including pregnant women
DMA,2023,YF,1,TRAVELLERS,Travellers,NATIONAL,1st contact,Travellers to endemic countries
DNK,2023,DTAPHIBIPV,1,,General/routine,NATIONAL,M3,
DNK,2023,DTAPHIBIPV,2,,General/routine,NATIONAL,M5,
DNK,2023,DTAPHIBIPV,3,,General/routine,NATIONAL,M12,
DNK,2023,DTAPIPV,4,B_CHILD_W,General/routine,NATIONAL,Y5,
DNK,2023,HEPB_ADULT,1,RISKGROUPS,Risk group(s),NATIONAL,1st contact,"risk groups (lives in a household with or is a sexual partner of a person with chronic hepatitis b, IV abuser, people with hepatitis C, down syndrome and others)"
DNK,2023,HEPB_ADULT,2,RISKGROUPS,Risk group(s),NATIONAL,+M1,"risk groups (lives in a household with or is a sexual partner of a person with chronic hepatitis b, IV abuser, people with hepatitis C, down syndrome and others)"
DNK,2023,HEPB_ADULT,3,RISKGROUPS,Risk group(s),NATIONAL,+M6,"risk groups (lives in a household with or is a sexual partner of a person with chronic hepatitis b, IV abuser, people with hepatitis C, down syndrome and others)"
DNK,2023,HEPB_PEDIATRIC,1,RISKGROUPS,Risk group(s),NATIONAL,B,Neonates of HBsAG positive mothers
DNK,2023,HEPB_PEDIATRIC,2,RISKGROUPS,Risk group(s),NATIONAL,M1,Neonates of HBsAG positive mothers
DNK,2023,HEPB_PEDIATRIC,3,RISKGROUPS,Risk group(s),NATIONAL,M2,Neonates of HBsAG positive mothers
DNK,2023,HEPB_PEDIATRIC,4,RISKGROUPS,Risk group(s),NATIONAL,M12,Neonates of HBsAG positive mothers
DNK,2023,HPV9,1,CATCHUP_C,Catch-up children,NATIONAL,<=Y18,free vaccination up to the age of 18
DNK,2023,HPV9,2,BOTH,HPV administered to females and males,NATIONAL,+M5-M13,"Females only up until August 2019; from September 2019 programme expanded to cover males born after July 2007 - 1st dose between Y12-Y14, second dose more than +M5 but less than +M13 (free vaccination up to the age of 18)."
DNK,2023,HPV9,1,BOTH,HPV administered to females and males,NATIONAL,Y12-Y14,"Females only up until August 2019; from September 2019 programme expanded to cover males born after July 2007 - 1st dose between Y12-Y14, second dose more than +M5 but less than +M13 (free vaccination up to the age of 18)."
DNK,2023,INFLUENZA_ADULT,1,ADULTS,Adults,NATIONAL,Y65-Y84,
DNK,2023,INFLUENZA_ADULT,1,HW,Health workers,NATIONAL,,Health and care workers
DNK,2023,INFLUENZA_ADULT,1,PW,Pregnant women,NATIONAL,,Pregnant women in second and third trimester
DNK,2023,INFLUENZA_ADULT,1,RISKGROUPS,Risk group(s),NATIONAL,,"Adults with chronic conditions, residents living in long-term care facilities, other risk groups"
DNK,2023,INFLUENZA_PEDIATRIC,1,,General/routine,NATIONAL,Y2-Y6,
DNK,2023,INFLUENZA_PEDIATRIC,1,RISKGROUPS,Risk group(s),NATIONAL,,Children with chronic conditions
DNK,2023,MMR,2,,General/routine,NATIONAL,Y4,
DNK,2023,MMR,1,,General/routine,NATIONAL,M15,
DNK,2023,MMR,1,RISKGROUPS,Risk group(s),NATIONAL,>=Y18,"Recommended for all non-immune adults. Free of charge from April 1, 2018. Women of childbearing age not immune to Rubella demonstrated by antibody measurement. Given in the form of a single MFR."
DNK,2023,MPOX,1,RISKGROUPS,Risk group(s),NATIONAL,1st contact,"MSM receiving PrEP for HIV. MSM who are not receiving PrEP against HIV, but meet the criteria for this. MSM with risk behavior within the last 12 weeks, Women or trans people who are part of the same networks as MSM at high risk and with a similar contact pattern."
DNK,2023,MPOX,2,RISKGROUPS,Risk group(s),NATIONAL,+D28,"MSM receiving PrEP for HIV. MSM who are not receiving PrEP against HIV, but meet the criteria for this. MSM with risk behavior within the last 12 weeks, Women or trans people who are part of the same networks as MSM at high risk and with a similar contact pattern."
DNK,2023,PCV13,1,,General/routine,NATIONAL,M3,
DNK,2023,PCV13,2,,General/routine,NATIONAL,M5,
DNK,2023,PCV13,3,,General/routine,NATIONAL,M12,
DNK,2023,PCV13,1,RISKGROUPS,Risk group(s),NATIONAL,1st contact,Risk groups not for free but a smaller co-payment
DNK,2023,PCV20,1,RISKGROUPS,Risk group(s),NATIONAL,1st contact,specific risk groups
DNK,2023,PPV23,1,RISKGROUPS,Risk group(s),NATIONAL,1st contact,"Risk groups. If PCV13 is administrated 1st, 1st dose of PPV is at an interval of 8 weeks. A temporary vacination offer for everyone over 65 in the period of April 2020 until 31.12.2022. In 2023 it has become a recommended vaccine for certain risk groups but with a smaller co-payment"
DNK,2023,PPV23,2,RISKGROUPS,Risk group(s),NATIONAL,+Y6,"Risk groups. If PCV13 is administrated 1st, 1st dose of PPV is at an interval of 8 weeks. A temporary vacination offer for everyone over 65 in the period of April 2020 until 31.12.2022. In 2023 it has become a recommended vaccine for certain risk groups but with a smaller co-payment"
DNK,2023,TDAP_S,1,PW,Pregnant women,NATIONAL,,Introduced from November 2019 for pregnant women in their 2nd or 3rd trimester (temporary free vaccination offer against epidemic to be in effect until 31.3.2023). From 1.1 2024 it has been a permanent offer.
DOM,2023,BCG,1,,General/routine,NATIONAL,B,
DOM,2023,DTWP,4,B_2YL_W,General/routine,NATIONAL,M18,
DOM,2023,DTWP,5,B_CHILD_W,General/routine,NATIONAL,Y4,
DOM,2023,DTWP,1,RISKGROUPS,Risk group(s),NATIONAL,M2,"Menores de un ao solo a falta de Penta, refuerzos a los 18 meses y 4 aos."
DOM,2023,DTWP,2,RISKGROUPS,Risk group(s),NATIONAL,M4,"Menores de un ao solo a falta de Penta, refuerzos a los 18 meses y 4 aos."
DOM,2023,DTWP,3,RISKGROUPS,Risk group(s),NATIONAL,M6,"Menores de un ao solo a falta de Penta, refuerzos a los 18 meses y 4 aos."
DOM,2023,DTWPHIBHEPB,1,,General/routine,NATIONAL,M2,
DOM,2023,DTWPHIBHEPB,2,,General/routine,NATIONAL,M4,
DOM,2023,DTWPHIBHEPB,3,,General/routine,NATIONAL,M6,
DOM,2023,HEPB_ADULT,3,HW,Health workers,NATIONAL,+M6,"Trabajadores de la salud, enfermos crnicos e inmunosuprimidos"
DOM,2023,HEPB_ADULT,2,HW,Health workers,NATIONAL,+M1,"Trabajadores de la salud, enfermos crnicos e inmunosuprimidos"
DOM,2023,HEPB_ADULT,1,HW,Health workers,NATIONAL,1st contact,"Trabajadores de la salud, enfermos crnicos e inmunosuprimidos"
DOM,2023,HEPB_ADULT,2,RISKGROUPS,Risk group(s),NATIONAL,+M1,"Trabajadores de la salud, enfermos crnicos e inmunosuprimidos"
DOM,2023,HEPB_ADULT,1,RISKGROUPS,Risk group(s),NATIONAL,1st contact,"Trabajadores de la salud, enfermos crnicos e inmunosuprimidos"
DOM,2023,HEPB_ADULT,3,RISKGROUPS,Risk group(s),NATIONAL,+M6,"Trabajadores de la salud, enfermos crnicos e inmunosuprimidos"
DOM,2023,HEPB_PEDIATRIC,1,,General/routine,NATIONAL,B,
DOM,2023,HPV4,1,FEMALE,HPV for females only,NATIONAL,Y9-Y14,Slo vacunacin en nias de 9 a 14 aos.
DOM,2023,INFLUENZA_ADULT,1,ADULTS,Adults,NATIONAL,>=Y65,
DOM,2023,INFLUENZA_ADULT,1,HW,Health workers,NATIONAL,,Health and care workers
DOM,2023,INFLUENZA_ADULT,1,PW,Pregnant women,NATIONAL,,Pregnant women
DOM,2023,INFLUENZA_ADULT,1,RISKGROUPS,Risk group(s),NATIONAL,,"Adults with chronic conditions, other groups"
DOM,2023,INFLUENZA_PEDIATRIC,2,,General/routine,NATIONAL,M12-M23,
DOM,2023,INFLUENZA_PEDIATRIC,1,,General/routine,NATIONAL,M6-M11,
DOM,2023,INFLUENZA_PEDIATRIC,1,RISKGROUPS,Risk group(s),NATIONAL,,Children with chronic conditions
DOM,2023,IPV,1,,General/routine,NATIONAL,M2,
DOM,2023,IPV,2,,General/routine,NATIONAL,M4,
DOM,2023,IPV,3,,General/routine,NATIONAL,M6,
DOM,2023,MEN_ACYW_135CONJ,1,HW,Health workers,NATIONAL,,"Grupos especiales en riesgos: militares, personal de salud, personas que recolectan basura, entre otros; Dosis ònica"
DOM,2023,MEN_ACYW_135CONJ,1,RISKGROUPS,Risk group(s),NATIONAL,,"Grupos especiales en riesgos: militares, personal de salud, personas que recolectan basura, entre otros; Dosis ònica"
DOM,2023,MMR,1,,General/routine,NATIONAL,M12,
DOM,2023,MMR,2,,General/routine,NATIONAL,M18,
DOM,2023,MR,1,RISKGROUPS,Risk group(s),NATIONAL,>=Y2,2 aos y ms. Bloqueos alrededor de casos de EFE
DOM,2023,OPV,4,,General/routine,NATIONAL,M18,
DOM,2023,OPV,5,,General/routine,NATIONAL,Y4,
DOM,2023,PCV13,1,,General/routine,NATIONAL,M2,
DOM,2023,PCV13,2,,General/routine,NATIONAL,M4,
DOM,2023,PCV13,3,,General/routine,NATIONAL,M12,
DOM,2023,RABIES,1,RISKGROUPS,Risk group(s),NATIONAL,1st contact,Post-Exp. Mordedura por Animal Rabioso /desc
DOM,2023,RABIES,2,RISKGROUPS,Risk group(s),NATIONAL,+D3,Post-Exp. Mordedura por Animal Rabioso /desc
DOM,2023,RABIES,3,RISKGROUPS,Risk group(s),NATIONAL,+D7,Post-Exp. Mordedura por Animal Rabioso /desc
DOM,2023,RABIES,4,RISKGROUPS,Risk group(s),NATIONAL,+D14,Post-Exp. Mordedura por Animal Rabioso /desc
DOM,2023,RABIES,5,RISKGROUPS,Risk group(s),NATIONAL,+D28,Post-Exp. Mordedura por Animal Rabioso /desc
DOM,2023,ROTAVIRUS_1,1,,General/routine,NATIONAL,M2,
DOM,2023,ROTAVIRUS_1,2,,General/routine,NATIONAL,M4,
DOM,2023,TD_S,1,ADULTS,Adults,NATIONAL,1st contact,"Para nios que no tienen ninguna dosis de vacuna o no han completado su esquema, mujeres embarazadas para completar o iniciar esquema recomendado, dosis de refuerzo cada 10 aos."
DOM,2023,TD_S,2,ADULTS,Adults,NATIONAL,+M1,"Para nios que no tienen ninguna dosis de vacuna o no han completado su esquema, mujeres embarazadas para completar o iniciar esquema recomendado, dosis de refuerzo cada 10 aos."
DOM,2023,TD_S,3,ADULTS,Adults,NATIONAL,+M6,"Para nios que no tienen ninguna dosis de vacuna o no han completado su esquema, mujeres embarazadas para completar o iniciar esquema recomendado, dosis de refuerzo cada 10 aos."
DOM,2023,TD_S,5,ADULTS,Adults,NATIONAL,+Y1,"Para nios que no tienen ninguna dosis de vacuna o no han completado su esquema, mujeres embarazadas para completar o iniciar esquema recomendado, dosis de refuerzo cada 10 aos."
DOM,2023,TD_S,6,ADULTS,Adults,NATIONAL,+Y10,"Para nios que no tienen ninguna dosis de vacuna o no han completado su esquema, mujeres embarazadas para completar o iniciar esquema recomendado, dosis de refuerzo cada 10 aos."
DOM,2023,TD_S,4,ADULTS,Adults,NATIONAL,+Y1,"Para nios que no tienen ninguna dosis de vacuna o no han completado su esquema, mujeres embarazadas para completar o iniciar esquema recomendado, dosis de refuerzo cada 10 aos."
DOM,2023,TD_S,1,PW,Pregnant women,NATIONAL,1st contact,"Para nios que no tienen ninguna dosis de vacuna o no han completado su esquema, mujeres embarazadas para completar o iniciar esquema recomendado, dosis de refuerzo cada 10 aos."
DOM,2023,TD_S,2,PW,Pregnant women,NATIONAL,+M1,"Para nios que no tienen ninguna dosis de vacuna o no han completado su esquema, mujeres embarazadas para completar o iniciar esquema recomendado, dosis de refuerzo cada 10 aos."
DOM,2023,TD_S,2,RISKGROUPS,Risk group(s),NATIONAL,+M1,"Para nios que no tienen ninguna dosis de vacuna o no han completado su esquema, mujeres embarazadas para completar o iniciar esquema recomendado, dosis de refuerzo cada 10 aos."
DOM,2023,TD_S,4,RISKGROUPS,Risk group(s),NATIONAL,+Y1,"Para nios que no tienen ninguna dosis de vacuna o no han completado su esquema, mujeres embarazadas para completar o iniciar esquema recomendado, dosis de refuerzo cada 10 aos."
DOM,2023,TD_S,3,RISKGROUPS,Risk group(s),NATIONAL,+M6,"Para nios que no tienen ninguna dosis de vacuna o no han completado su esquema, mujeres embarazadas para completar o iniciar esquema recomendado, dosis de refuerzo cada 10 aos."
DOM,2023,TD_S,5,RISKGROUPS,Risk group(s),NATIONAL,+Y1,"Para nios que no tienen ninguna dosis de vacuna o no han completado su esquema, mujeres embarazadas para completar o iniciar esquema recomendado, dosis de refuerzo cada 10 aos."
DOM,2023,TD_S,1,RISKGROUPS,Risk group(s),NATIONAL,>=Y7,Y dosis de refuerzo cada 10 aos. Para nios que no tienen ninguna dosis de vacuna o no han completado su esquema
DOM,2023,TDAP_S,1,PW,Pregnant women,NATIONAL,,Embarazadas de 27 semanas a 36 semanas. 1 dosis (en cada embarazo).
DOM,2023,YF,1,TRAVELLERS,Travellers,NATIONAL,Y1-Y59,"Viajeros de pases endmicos de fiebre amarilla. Excluye embarazadas, menores de un ao, inmunosuprimidos, 60 aos y ms."
DZA,2023,BCG,1,,General/routine,NATIONAL,B,
DZA,2023,DTAPHIBHEPBIPV,1,,General/routine,NATIONAL,M2,
DZA,2023,DTAPHIBHEPBIPV,2,,General/routine,NATIONAL,M4,
DZA,2023,DTAPHIBHEPBIPV,3,,General/routine,NATIONAL,M12,
DZA,2023,DTAPIPV,4,B_CHILD_W,General/routine,NATIONAL,Y6,
DZA,2023,HEPB_PEDIATRIC,1,,General/routine,NATIONAL,B,
DZA,2023,INFLUENZA_ADULT,1,ADULTS,Adults,NATIONAL,,Older persons
DZA,2023,INFLUENZA_ADULT,1,HW,Health workers,NATIONAL,,Health and care workers
DZA,2023,INFLUENZA_ADULT,1,PW,Pregnant women,NATIONAL,,Pregnant women
DZA,2023,INFLUENZA_ADULT,1,RISKGROUPS,Risk group(s),NATIONAL,,"Adults with chronic conditions, residents living in long-term care facilities"
DZA,2023,INFLUENZA_PEDIATRIC,1,RISKGROUPS,Risk group(s),NATIONAL,,Children with chronic conditions
DZA,2023,MMR,1,,General/routine,NATIONAL,M11,
DZA,2023,MMR,2,,General/routine,NATIONAL,M18,
DZA,2023,OPV,1,,General/routine,NATIONAL,M2,
DZA,2023,OPV,2,,General/routine,NATIONAL,M4,
DZA,2023,OPV,3,,General/routine,NATIONAL,M12,
DZA,2023,PCV13,1,,General/routine,NATIONAL,M2,
DZA,2023,PCV13,2,,General/routine,NATIONAL,M4,
DZA,2023,PCV13,3,,General/routine,NATIONAL,M12,
DZA,2023,TD_S,5,B_ADO_W,General/routine,NATIONAL,Y11-Y13,
DZA,2023,TD_S,6,,General/routine,NATIONAL,Y16-Y18,
ECU,2023,BCG,1,,General/routine,NATIONAL,<Y1,
ECU,2023,DTWP,4,B_2YL_W,General/routine,NATIONAL,M12-M23,
ECU,2023,DTWP,5,B_CHILD_W,General/routine,NATIONAL,Y5,
ECU,2023,DTWPHIBHEPB,1,,General/routine,NATIONAL,M2,
ECU,2023,DTWPHIBHEPB,2,,General/routine,NATIONAL,M4,
ECU,2023,DTWPHIBHEPB,3,,General/routine,NATIONAL,M6,
ECU,2023,HEPB_ADULT,3,HW,Health workers,NATIONAL,+M6,"Personas viviendo con VIH, personal de salud, Personas privadas de la libertad, trabajadores sexuales y otros grupos de riesgos - Conservando los intervalos de 0, 1 mes, 6 meses"
ECU,2023,HEPB_ADULT,1,HW,Health workers,NATIONAL,1st contact,"Personas viviendo con VIH, personal de salud, Personas privadas de la libertad, trabajadores sexuales y otros grupos de riesgos - Conservando los intervalos de 0, 1 mes, 6 meses"
ECU,2023,HEPB_ADULT,2,HW,Health workers,NATIONAL,+M1,"Personas viviendo con VIH, personal de salud, Personas privadas de la libertad, trabajadores sexuales y otros grupos de riesgos - Conservando los intervalos de 0, 1 mes, 6 meses"
ECU,2023,HEPB_ADULT,3,RISKGROUPS,Risk group(s),NATIONAL,+M6,"Personas viviendo con VIH, personal de salud, Personas privadas de la libertad, trabajadores sexuales y otros grupos de riesgos - Conservando los intervalos de 0, 1 mes, 6 meses"
ECU,2023,HEPB_ADULT,2,RISKGROUPS,Risk group(s),NATIONAL,+M1,"Personas viviendo con VIH, personal de salud, Personas privadas de la libertad, trabajadores sexuales y otros grupos de riesgos - Conservando los intervalos de 0, 1 mes, 6 meses"
ECU,2023,HEPB_ADULT,1,RISKGROUPS,Risk group(s),NATIONAL,1st contact,"Personas viviendo con VIH, personal de salud, Personas privadas de la libertad, trabajadores sexuales y otros grupos de riesgos - Conservando los intervalos de 0, 1 mes, 6 meses"
ECU,2023,HEPB_PEDIATRIC,1,CATCHUP_C,Catch-up children,NATIONAL,Y1-Y5,"Esquema atrasado de vacuna Pentavalente: a poblacin de 1 a 5 aos. Conservando los intervalos de 0 mes, 2 meses 4 meses"
ECU,2023,HEPB_PEDIATRIC,2,CATCHUP_C,Catch-up children,NATIONAL,+M2,"Esquema atrasado de vacuna Pentavalente: a poblacin de 1 a 5 aos. Conservando los intervalos de 0 mes, 2 meses 4 meses"
ECU,2023,HEPB_PEDIATRIC,3,CATCHUP_C,Catch-up children,NATIONAL,+M6,"Esquema atrasado de vacuna Pentavalente: a poblacin de 1 a 5 aos. Conservando los intervalos de 0 mes, 2 meses 4 meses"
ECU,2023,HEPB_PEDIATRIC,1,,General/routine,NATIONAL,B,
ECU,2023,HPV2,1,FEMALE,HPV for females only,NATIONAL,Y9,nias
ECU,2023,HPV2,2,FEMALE,HPV for females only,NATIONAL,+M6,nias
ECU,2023,INFLUENZA_ADULT,1,ADULTS,Adults,NATIONAL,>Y18,and older persons >=65 years
ECU,2023,INFLUENZA_ADULT,1,HW,Health workers,NATIONAL,,Health and care workers
ECU,2023,INFLUENZA_ADULT,1,PW,Pregnant women,NATIONAL,,Pregnant women
ECU,2023,INFLUENZA_ADULT,1,RISKGROUPS,Risk group(s),NATIONAL,,Other groups
ECU,2023,INFLUENZA_PEDIATRIC,1,,General/routine,NATIONAL,M6-M11,
ECU,2023,INFLUENZA_PEDIATRIC,2,,General/routine,NATIONAL,>M12,
ECU,2023,IPV_FRAC,1,CATCHUP_C,Catch-up children,NATIONAL,Y1-Y5,"Esquema atrasado fIPV1, fIPV2 dosis fraccionadas aplicadas en esquemas tardos en edades simples de 1 a 5 aos"
ECU,2023,IPV_FRAC,2,,General/routine,NATIONAL,M4,
ECU,2023,IPV_FRAC,1,,General/routine,NATIONAL,M2,
ECU,2023,MMR,1,CATCHUP_C,Catch-up children,NATIONAL,Y2-Y7,Esquema atrasado de Nios de dos a siete aos de edad
ECU,2023,MMR,2,CATCHUP_C,Catch-up children,NATIONAL,+M1,Esquema atrasado de Nios de dos a siete aos de edad
ECU,2023,MMR,2,,General/routine,NATIONAL,M18,
ECU,2023,MMR,1,,General/routine,NATIONAL,M12,
ECU,2023,MR,1,TRAVELLERS,Travellers,NATIONAL,Y8-Y49,1er contacto viajeros de 8 a 49 aos de edad
ECU,2023,OPV,1,CATCHUP_C,Catch-up children,NATIONAL,Y1-Y5,"Esquema atrazado bOPV 2, bOPV 3,bOPV 4, dosis aplicadas en esquemas tardos en edades simples de 1 a 5 aos completando estado vacunal"
ECU,2023,OPV,2,CATCHUP_C,Catch-up children,NATIONAL,Y1-Y5,"Esquema atrazado bOPV 2, bOPV 3,bOPV 4, dosis aplicadas en esquemas tardos en edades simples de 1 a 5 aos completando estado vacunal"
ECU,2023,OPV,3,CATCHUP_C,Catch-up children,NATIONAL,Y1-Y5,"Esquema atrazado bOPV 2, bOPV 3,bOPV 4, dosis aplicadas en esquemas tardos en edades simples de 1 a 5 aos completando estado vacunal"
ECU,2023,OPV,3,,General/routine,NATIONAL,M6,
ECU,2023,OPV,4,,General/routine,NATIONAL,M12-M23,
ECU,2023,OPV,5,,General/routine,NATIONAL,Y5,
ECU,2023,PCV10,1,,General/routine,NATIONAL,M2,
ECU,2023,PCV10,2,,General/routine,NATIONAL,M4,
ECU,2023,PCV10,3,,General/routine,NATIONAL,M6,
ECU,2023,ROTAVIRUS_1,1,,General/routine,NATIONAL,M2,
ECU,2023,ROTAVIRUS_1,2,,General/routine,NATIONAL,M4,
ECU,2023,TD_S,1,ADULTS,Adults,NATIONAL,1st contact,"Poblacin de 16 a 49 aos de edad, incluyendo embarazadas, segun esquema de vacunacion"
ECU,2023,TD_S,2,ADULTS,Adults,NATIONAL,+M1,"Poblacin de 16 a 49 aos de edad, incluyendo embarazadas, segun esquema de vacunacion"
ECU,2023,TD_S,3,ADULTS,Adults,NATIONAL,+M6,"Poblacin de 16 a 49 aos de edad, incluyendo embarazadas, segun esquema de vacunacion"
ECU,2023,TD_S,4,ADULTS,Adults,NATIONAL,+Y1,"Poblacin de 16 a 49 aos de edad, incluyendo embarazadas, segun esquema de vacunacion"
ECU,2023,TD_S,5,ADULTS,Adults,NATIONAL,+Y1,"Poblacin de 16 a 49 aos de edad, incluyendo embarazadas, segun esquema de vacunacion"
ECU,2023,TD_S,5,,General/routine,NATIONAL,+Y1,"Poblacin de 16 a 49 aos de edad, incluyendo embarazadas, segun esquema de vacunacion"
ECU,2023,TD_S,6,B_ADO_W,General/routine,NATIONAL,Y15,
ECU,2023,TD_S,4,,General/routine,NATIONAL,+Y1,"Poblacin de 16 a 49 aos de edad, incluyendo embarazadas, segun esquema de vacunacion"
ECU,2023,TD_S,3,,General/routine,NATIONAL,+M6,"Poblacin de 16 a 49 aos de edad, incluyendo embarazadas, segun esquema de vacunacion"
ECU,2023,TD_S,2,,General/routine,NATIONAL,+M1,"Poblacin de 16 a 49 aos de edad, incluyendo embarazadas, segun esquema de vacunacion"
ECU,2023,TD_S,1,,General/routine,NATIONAL,Y16-Y49,"Poblacin de 16 a 49 aos de edad, incluyendo embarazadas, segun esquema de vacunacion"
ECU,2023,TD_S,2,PW,Pregnant women,NATIONAL,+M1,"Poblacin de 16 a 49 aos de edad, incluyendo embarazadas, segun esquema de vacunacion"
ECU,2023,TD_S,3,PW,Pregnant women,NATIONAL,+M6,"Poblacin de 16 a 49 aos de edad, incluyendo embarazadas, segun esquema de vacunacion"
ECU,2023,TD_S,1,PW,Pregnant women,NATIONAL,1st contact,"Poblacin de 16 a 49 aos de edad, incluyendo embarazadas, segn esquema de vacunacin"
ECU,2023,TD_S,4,PW,Pregnant women,NATIONAL,+Y1,"Poblacin de 16 a 49 aos de edad, incluyendo embarazadas, segun esquema de vacunacion"
ECU,2023,TD_S,5,PW,Pregnant women,NATIONAL,+Y1,"Poblacin de 16 a 49 aos de edad, incluyendo embarazadas, segun esquema de vacunacion"
ECU,2023,VARICELLA,1,,General/routine,NATIONAL,M12-M23,
ECU,2023,VITAMINA,1,,General/routine,NATIONAL,M6-M11,
ECU,2023,VITAMINA,2,,General/routine,NATIONAL,M12-M59,
ECU,2023,YF,1,,General/routine,NATIONAL,M12-M23,
EGY,2023,BCG,1,,General/routine,NATIONAL,B,
EGY,2023,DT,1,RISKGROUPS,Risk group(s),NATIONAL,M2,cases having previous adverse events following pertussis vaccination
EGY,2023,DT,2,RISKGROUPS,Risk group(s),NATIONAL,M4,cases having previous adverse events following pertussis vaccination
EGY,2023,DT,3,RISKGROUPS,Risk group(s),NATIONAL,M6,cases having previous adverse events following pertussis vaccination
EGY,2023,DT,4,RISKGROUPS,Risk group(s),NATIONAL,M18,cases having previous adverse events following pertussis vaccination
EGY,2023,DTWP,1,,General/routine,NATIONAL,M2,
EGY,2023,DTWP,2,,General/routine,NATIONAL,M4,
EGY,2023,DTWP,3,,General/routine,NATIONAL,M6,
EGY,2023,DTWP,4,B_2YL_W,General/routine,NATIONAL,M18,
EGY,2023,DTWPHIBHEPB,1,,General/routine,NATIONAL,M2,
EGY,2023,DTWPHIBHEPB,2,,General/routine,NATIONAL,M4,
EGY,2023,DTWPHIBHEPB,3,,General/routine,NATIONAL,M6,
EGY,2023,HEPB_ADULT,1,RISKGROUPS,Risk group(s),NATIONAL,1st contact,high-risk groups
EGY,2023,HEPB_ADULT,2,RISKGROUPS,Risk group(s),NATIONAL,+M1,high-risk groups
EGY,2023,HEPB_ADULT,3,RISKGROUPS,Risk group(s),NATIONAL,+M6,high-risk groups
EGY,2023,HEPB_PEDIATRIC,1,,General/routine,NATIONAL,B,
EGY,2023,HEPB_PEDIATRIC,2,,General/routine,NATIONAL,M2,
EGY,2023,HEPB_PEDIATRIC,3,,General/routine,NATIONAL,M4,
EGY,2023,HEPB_PEDIATRIC,4,,General/routine,NATIONAL,M6,
EGY,2023,HIB,1,RISKGROUPS,Risk group(s),NATIONAL,M2,cases having previous adverse events following pertussis vaccination
EGY,2023,HIB,2,RISKGROUPS,Risk group(s),NATIONAL,M4,cases having previous adverse events following pertussis vaccination
EGY,2023,HIB,3,RISKGROUPS,Risk group(s),NATIONAL,M6,cases having previous adverse events following pertussis vaccination
EGY,2023,INFLUENZA_ADULT,1,ADULTS,Adults,NATIONAL,>Y18,and older persons
EGY,2023,INFLUENZA_ADULT,1,HW,Health workers,NATIONAL,,Health and care workers
EGY,2023,INFLUENZA_ADULT,1,PW,Pregnant women,NATIONAL,,pregnant women
EGY,2023,INFLUENZA_ADULT,1,RISKGROUPS,Risk group(s),NATIONAL,,"Adults with chronic conditions, residents living in long-term care facilities, other groups"
EGY,2023,INFLUENZA_PEDIATRIC,2,,General/routine,NATIONAL,>=M6,
EGY,2023,INFLUENZA_PEDIATRIC,1,,General/routine,NATIONAL,>=M6,
EGY,2023,INFLUENZA_PEDIATRIC,1,RISKGROUPS,Risk group(s),NATIONAL,,Children with chronic conditions
EGY,2023,IPV,1,,General/routine,NATIONAL,M2,
EGY,2023,IPV,2,,General/routine,NATIONAL,M4,
EGY,2023,IPV,3,,General/routine,NATIONAL,M6,
EGY,2023,MEN_AC_PS,1,,General/routine,NATIONAL,Y4,school children
EGY,2023,MEN_AC_PS,2,,General/routine,NATIONAL,Y6,school children
EGY,2023,MEN_AC_PS,3,,General/routine,NATIONAL,Y12,school children
EGY,2023,MEN_AC_PS,4,,General/routine,NATIONAL,Y15,school children
EGY,2023,MEN_ACYW_135PS,1,TRAVELLERS,Travellers,NATIONAL,,travellers to other countries in the meningitis belt
EGY,2023,MMR,1,,General/routine,NATIONAL,M12,
EGY,2023,MMR,2,,General/routine,NATIONAL,M18,
EGY,2023,OPV,1,,General/routine,NATIONAL,B,
EGY,2023,OPV,2,,General/routine,NATIONAL,M2,
EGY,2023,OPV,3,,General/routine,NATIONAL,M4,
EGY,2023,OPV,4,,General/routine,NATIONAL,M6,
EGY,2023,OPV,5,,General/routine,NATIONAL,M9,
EGY,2023,OPV,6,,General/routine,NATIONAL,M12,
EGY,2023,OPV,7,,General/routine,NATIONAL,M18,
EGY,2023,TD_S,5,B_CHILD_W,General/routine,NATIONAL,Y7-Y8,school children
EGY,2023,TD_S,6,B_ADO_W,General/routine,NATIONAL,Y9-Y10,school children
EGY,2023,TT,1,ADULTS,Adults,NATIONAL,1st contact,women in childbearning age
EGY,2023,TT,2,ADULTS,Adults,NATIONAL,+M1,women in childbearning age
EGY,2023,TT,3,ADULTS,Adults,NATIONAL,+M6,women in childbearning age
EGY,2023,TT,4,ADULTS,Adults,NATIONAL,+Y1,women in childbearning age
EGY,2023,TT,5,ADULTS,Adults,NATIONAL,+Y1,women in childbearning age
EGY,2023,VITAMINA,1,,General/routine,NATIONAL,M6,
EGY,2023,VITAMINA,2,,General/routine,NATIONAL,M12,
EGY,2023,VITAMINA,3,,General/routine,NATIONAL,M18,
EGY,2023,YF,1,TRAVELLERS,Travellers,NATIONAL,,travellers to endemic areas
ERI,2023,BCG,1,,General/routine,NATIONAL,B,0-11 months
ERI,2023,DTWPHIBHEPB,1,,General/routine,NATIONAL,W6,6 weeks - 11 months
ERI,2023,DTWPHIBHEPB,2,,General/routine,NATIONAL,W10,6 weeks - 11 months
ERI,2023,DTWPHIBHEPB,3,,General/routine,NATIONAL,W14,6 weeks - 11 months
ERI,2023,HPV4,1,FEMALE,HPV for females only,NATIONAL,Y9,Females 9 years - 14 years
ERI,2023,HPV4,2,FEMALE,HPV for females only,NATIONAL,+M6,Females 9 years - 14 years
ERI,2023,IPV,1,,General/routine,NATIONAL,W14,14 weeks - 11 months
ERI,2023,IPV,2,,General/routine,NATIONAL,M9,14 weeks - 11 months
ERI,2023,MEN_A_CONJ,1,,General/routine,NATIONAL,M18,18 months -23 months
ERI,2023,MR,1,,General/routine,NATIONAL,M9,9 months - 18 months
ERI,2023,MR,2,,General/routine,NATIONAL,M18,9 months - 18 months
ERI,2023,OPV,1,,General/routine,NATIONAL,B,0-11 months
ERI,2023,OPV,2,,General/routine,NATIONAL,W6,0-11 months
ERI,2023,OPV,3,,General/routine,NATIONAL,W10,0-11 months
ERI,2023,OPV,4,,General/routine,NATIONAL,W14,0-11 months
ERI,2023,PCV13,1,,General/routine,NATIONAL,W6,6 weeks - 11 months
ERI,2023,PCV13,2,,General/routine,NATIONAL,W10,6 weeks - 11 months
ERI,2023,PCV13,3,,General/routine,NATIONAL,W14,6 weeks - 11 months
ERI,2023,ROTAVIRUS_1,1,,General/routine,NATIONAL,W6,6 weeks - 11 months
ERI,2023,ROTAVIRUS_1,2,,General/routine,NATIONAL,W10,6 weeks - 11 months
ERI,2023,TD_S,1,ADULTS,Adults,NATIONAL,1st contact,Females 14-45 years (women of child bearing age)
ERI,2023,TD_S,2,ADULTS,Adults,NATIONAL,+M1,Females 14-45 years (women of child bearing age)
ERI,2023,TD_S,3,ADULTS,Adults,NATIONAL,+M6,Females 14-45 years (women of child bearing age)
ERI,2023,TD_S,4,ADULTS,Adults,NATIONAL,+Y1,Females 14-45 years (women of child bearing age)
ERI,2023,TD_S,5,ADULTS,Adults,NATIONAL,+Y1,Females 14-45 years (women of child bearing age)
ERI,2023,TD_S,1,,General/routine,NATIONAL,>Y14,Females 14-45 years (women of child bearing age)
ERI,2023,TD_S,2,,General/routine,NATIONAL,+M1,Females 14-45 years (women of child bearing age)
ERI,2023,TD_S,3,,General/routine,NATIONAL,+M6,Females 14-45 years (women of child bearing age)
ERI,2023,TD_S,4,,General/routine,NATIONAL,+Y1,Females 14-45 years (women of child bearing age)
ERI,2023,TD_S,5,,General/routine,NATIONAL,+Y1,Females 14-45 years (women of child bearing age)
ERI,2023,TD_S,1,PW,Pregnant women,NATIONAL,1st contact,"Td vaccine is administered to specific target groups, that is female adolescents, and adults (WCBA) including pregnant women on a routine basis. Most of the target groups receive and complete their Td vaccination at school and for those out school females they are welcomed and given vaccination at health facilities or during outreach visits to communities. Moreover pregnant women are vaccinated during antenatal visits if they had not started or completed their Td vaccination status early or before they get pregnant."
ERI,2023,TD_S,2,PW,Pregnant women,NATIONAL,+M1,"Td vaccine is administered to specific target groups, that is female adolescents, and adults (WCBA) including pregnant women on a routine basis. Most of the target groups receive and complete their Td vaccination at school and for those out school females they are welcomed and given vaccination at health facilities or during outreach visits to communities. Moreover pregnant women are vaccinated during antenatal visits if they had not started or completed their Td vaccination status early or before they get pregnant."
ERI,2023,TD_S,3,PW,Pregnant women,NATIONAL,+M6,"Td vaccine is administered to specific target groups, that is female adolescents, and adults (WCBA) including pregnant women on a routine basis. Most of the target groups receive and complete their Td vaccination at school and for those out school females they are welcomed and given vaccination at health facilities or during outreach visits to communities. Moreover pregnant women are vaccinated during antenatal visits if they had not started or completed their Td vaccination status early or before they get pregnant."
ERI,2023,TD_S,4,PW,Pregnant women,NATIONAL,+Y1,"Td vaccine is administered to specific target groups, that is female adolescents, and adults (WCBA) including pregnant women on a routine basis. Most of the target groups receive and complete their Td vaccination at school and for those out school females they are welcomed and given vaccination at health facilities or during outreach visits to communities. Moreover pregnant women are vaccinated during antenatal visits if they had not started or completed their Td vaccination status early or before they get pregnant."
ERI,2023,TD_S,5,PW,Pregnant women,NATIONAL,+Y1,"Td vaccine is administered to specific target groups, that is female adolescents, and adults (WCBA) including pregnant women on a routine basis. Most of the target groups receive and complete their Td vaccination at school and for those out school females they are welcomed and given vaccination at health facilities or during outreach visits to communities. Moreover pregnant women are vaccinated during antenatal visits if they had not started or completed their Td vaccination status early or before they get pregnant."
ERI,2023,VITAMINA,1,,General/routine,NATIONAL,M6,6 months-59 months
ERI,2023,VITAMINA,2,,General/routine,NATIONAL,M12,6 months-59 months
ERI,2023,VITAMINA,3,,General/routine,NATIONAL,M18,6 months-59 months
ERI,2023,VITAMINA,4,,General/routine,NATIONAL,M24,6 months-59 months
ERI,2023,VITAMINA,5,,General/routine,NATIONAL,M30,6 months-59 months
ERI,2023,VITAMINA,6,,General/routine,NATIONAL,M36,6 months-59 months
ESP,2023,CHOLERA,1,TRAVELLERS,Travellers,NATIONAL,,Travellers
ESP,2023,DTAPHEPBIPV,4,B_CHILD_W,General/routine,SUBNATIONAL,Y6,Cohorts (prior to 2016) left from the old vaccination schedule (the current one is from 2016)
ESP,2023,DTAPHIBHEPBIPV,1,,General/routine,NATIONAL,M2,
ESP,2023,DTAPHIBHEPBIPV,2,,General/routine,NATIONAL,M4,
ESP,2023,DTAPHIBHEPBIPV,3,,General/routine,NATIONAL,M11,
ESP,2023,DTAPIPV,4,B_CHILD_W,General/routine,NATIONAL,Y6,
ESP,2023,HEPA_ADULT,1,RISKGROUPS,Risk group(s),NATIONAL,,Risk groups
ESP,2023,HEPA_PEDIATRIC,2,,General/routine,SUBNATIONAL,M24-Y6,"Subnationally in one region and two cities (Catalonia at 15 months and 6 years, Ceuta and Melilla at 15 months and 24 months)"
ESP,2023,HEPA_PEDIATRIC,1,,General/routine,SUBNATIONAL,M15,"Subnationally in one region and two cities (Catalonia at 15 months and 6 years, Ceuta and Melilla at 15 months and 24 months)"
ESP,2023,HEPA_PEDIATRIC,1,RISKGROUPS,Risk group(s),NATIONAL,,Risk groups (all Regions)
ESP,2023,HEPB_ADULT,1,HW,Health workers,NATIONAL,,Health and care workers
ESP,2023,HEPB_ADULT,1,RISKGROUPS,Risk group(s),NATIONAL,,Risk groups
ESP,2023,HEPB_PEDIATRIC,1,RISKGROUPS,Risk group(s),NATIONAL,B,Administered only for newborns of mothers with AgHBs+
ESP,2023,HIB,1,RISKGROUPS,Risk group(s),NATIONAL,,Specific children who werenÕt immunized in their childhood (migrants and other)
ESP,2023,HPV2,1,BOTH,HPV administered to females and males,NATIONAL,Y12,"2, 4, 9 valent vaccines administered; females only at 12 yrs or 6th grade (regions that immunize at school) -since 2023 in males too-"
ESP,2023,HPV2,2,BOTH,HPV administered to females and males,NATIONAL,+M6,"2, 4, 9 valent vaccines administered; females only at 12 yrs or 6th grade (regions that immunize at school) -since 2023 in males too-"
ESP,2023,HPV2,1,RISKGROUPS,Risk group(s),NATIONAL,>Y26,Risk groups (all regions)
ESP,2023,HPV2,2,RISKGROUPS,Risk group(s),NATIONAL,>Y26,Risk groups (all regions)
ESP,2023,HPV2,3,RISKGROUPS,Risk group(s),NATIONAL,>Y26,Risk groups (all regions)
ESP,2023,HPV4,1,FEMALE,HPV for females only,NATIONAL,Y12,"2, 4, 9 valent vaccines administered; females only at 12 yrs or 6th grade (regions that immunize at school)"
ESP,2023,HPV4,2,FEMALE,HPV for females only,NATIONAL,+M6,"2, 4, 9 valent vaccines administered; females only at 12 yrs or 6th grade (regions that immunize at school)"
ESP,2023,HPV9,1,BOTH,HPV administered to females and males,NATIONAL,Y12,"2, 4, 9 valent vaccines administered; females only at 12 yrs or 6th grade (regions that immunize at school) -since 2023 in males too-"
ESP,2023,HPV9,2,BOTH,HPV administered to females and males,NATIONAL,+M6,"2, 4, 9 valent vaccines administered; females only at 12 yrs or 6th grade (regions that immunize at school) -since 2023 in males too-"
ESP,2023,HPV9,1,RISKGROUPS,Risk group(s),NATIONAL,>Y26,Risk groups (all regions)
ESP,2023,HPV9,2,RISKGROUPS,Risk group(s),NATIONAL,+M1-M2,Risk groups (all regions)
ESP,2023,HPV9,3,RISKGROUPS,Risk group(s),NATIONAL,+M6,Risk groups (all regions)
ESP,2023,INFLUENZA_ADULT,1,ADULTS,Adults,NATIONAL,>=Y65,
ESP,2023,INFLUENZA_ADULT,1,HW,Health workers,NATIONAL,,Health and care workers
ESP,2023,INFLUENZA_ADULT,1,PW,Pregnant women,NATIONAL,,Pregnant women
ESP,2023,INFLUENZA_ADULT,1,RISKGROUPS,Risk group(s),NATIONAL,,"Adults with chronic conditions, residents living in long-term care facilities, other groups"
ESP,2023,INFLUENZA_PEDIATRIC,1,RISKGROUPS,Risk group(s),NATIONAL,,Children with chronic conditions
ESP,2023,IPV,1,TRAVELLERS,Travellers,NATIONAL,,Travellers
ESP,2023,JE_INACTD,1,TRAVELLERS,Travellers,NATIONAL,,Travellers
ESP,2023,MEN_ACYW_135CONJ,3,,General/routine,NATIONAL,Y12,
ESP,2023,MEN_B,1,RISKGROUPS,Risk group(s),NATIONAL,,"Recommended to high-risk individuals: properdin or complement deficiency, multiple episodes of invasive meningococcal disease, specific laboratory personnel, or severe splenic dysfunction."
ESP,2023,MEN_C_CONJ,1,,General/routine,NATIONAL,M4,
ESP,2023,MEN_C_CONJ,2,,General/routine,SUBNATIONAL,M12,"In 2 regions, MenACWY-135_conj is administered instead of the second dose of MenC_conj at M12"
ESP,2023,MMR,1,,General/routine,SUBNATIONAL,M12,Some regions administer MMRV instead of MMR and monovalent varicella
ESP,2023,MMR,2,,General/routine,SUBNATIONAL,Y3-Y4,Some regions administer MMRV instead of MMR and monovalent varicella
ESP,2023,MMRV,1,,General/routine,SUBNATIONAL,M12-M15,Some regions administer MMRV instead of MMR and monovalent varicella
ESP,2023,MMRV,2,,General/routine,SUBNATIONAL,Y3-Y4,Some regions administer MMRV instead of MMR and monovalent varicella
ESP,2023,MPOX,1,RISKGROUPS,Risk group(s),NATIONAL,>Y18,Risk groups (all regions)
ESP,2023,MPOX,2,RISKGROUPS,Risk group(s),NATIONAL,+M1,Risk groups (all regions)
ESP,2023,PCV13,1,,General/routine,NATIONAL,M2,
ESP,2023,PCV13,2,,General/routine,NATIONAL,M4,
ESP,2023,PCV13,3,,General/routine,NATIONAL,M11,
ESP,2023,PPV23,1,ADULTS,Adults,NATIONAL,>Y64,
ESP,2023,RABIES,1,TRAVELLERS,Travellers,NATIONAL,,Travellers
ESP,2023,ROTAVIRUS_5,1,RISKGROUPS,Risk group(s),NATIONAL,,"Recommended in premature children: between 25-27 weeks (depending on the vaccine used) and 32 weeks of gestation, clinically stable and without contraindications"
ESP,2023,TD_S,1,ADULTS,Adults,NATIONAL,>=Y65,
ESP,2023,TD_S,5,B_ADO_W,General/routine,NATIONAL,Y14,
ESP,2023,TD_S,1,RISKGROUPS,Risk group(s),NATIONAL,,"Wound prophylaxis, adults without vaccination history"
ESP,2023,TDAP_S,1,HW,Health workers,NATIONAL,,Certain healthcare workers
ESP,2023,TDAP_S,1,PW,Pregnant women,NATIONAL,,Pregnant women
ESP,2023,TYPHOID_CONJ,1,TRAVELLERS,Travellers,NATIONAL,,Travellers
ESP,2023,TYPHOID_PS,1,TRAVELLERS,Travellers,NATIONAL,,Travellers
ESP,2023,VARICELLA,1,,General/routine,SUBNATIONAL,M15,Some regions administer MMRV instead of MMR and monovalent varicella
ESP,2023,VARICELLA,2,,General/routine,SUBNATIONAL,Y3-Y4,Some regions administer MMRV instead of MMR and monovalent varicella
ESP,2023,YF,1,TRAVELLERS,Travellers,NATIONAL,,Travellers
ESP,2023,ZOSTER,1,ADULTS,Adults,NATIONAL,Y65-Y80,65 years old; 2nd dose administered +6 months at lease
ESP,2023,ZOSTER,2,ADULTS,Adults,NATIONAL,+M6,65 years old; 2nd dose administered +6 months at lease
ESP,2023,ZOSTER,1,RISKGROUPS,Risk group(s),SUBNATIONAL,>=Y60,For specific risk groups
EST,2023,BCG,1,,General/routine,NATIONAL,D1-D5,
EST,2023,DT,1,RISKGROUPS,Risk group(s),NATIONAL,,Children with contrindication to pertussis component
EST,2023,DTAPHIBHEPBIPV,1,,General/routine,NATIONAL,M3,
EST,2023,DTAPHIBHEPBIPV,2,,General/routine,NATIONAL,M4.5,
EST,2023,DTAPHIBHEPBIPV,3,,General/routine,NATIONAL,M6,
EST,2023,DTAPHIBHEPBIPV,4,B_2YL_F,General/routine,NATIONAL,Y2,
EST,2023,DTAPIPV,5,B_CHILD_W,General/routine,NATIONAL,Y6-Y7,
EST,2023,HEPB_PEDIATRIC,1,RISKGROUPS,Risk group(s),NATIONAL,B,"Birth dose for risk group newborns (newborn of HIV-positive or untested mother), and vaccination for children with contraindication to pertussis component, children unvaccinated/partially vaccinated against HepB"
EST,2023,HIB,1,RISKGROUPS,Risk group(s),NATIONAL,,Children with contrindication to pertussis component
EST,2023,HPV9,1,CATCHUP_C,Catch-up children,NATIONAL,,females; catch-up for 2021-2023
EST,2023,HPV9,2,FEMALE,HPV for females only,NATIONAL,Y12,females; catch-up for 2021-2023
EST,2023,HPV9,1,FEMALE,HPV for females only,NATIONAL,Y12,females; catch-up for 2021-2023
EST,2023,INFLUENZA_ADULT,1,ADULTS,Adults,NATIONAL,>Y18,and older persons >=65 years
EST,2023,INFLUENZA_ADULT,1,HW,Health workers,NATIONAL,,Health and care workers
EST,2023,INFLUENZA_ADULT,1,PW,Pregnant women,NATIONAL,,Pregnant women
EST,2023,INFLUENZA_ADULT,1,RISKGROUPS,Risk group(s),NATIONAL,,"Adults with chronic conditions, residents living in long-term care facilities"
EST,2023,INFLUENZA_PEDIATRIC,1,,General/routine,NATIONAL,>=M6,
EST,2023,INFLUENZA_PEDIATRIC,1,RISKGROUPS,Risk group(s),NATIONAL,,Children with chronic conditions
EST,2023,IPV,1,RISKGROUPS,Risk group(s),NATIONAL,M3,"Children with contraindication to pertussis component, and >7 years x3 doses if incomplete vaccination/unvaccinated"
EST,2023,IPV,2,RISKGROUPS,Risk group(s),NATIONAL,M4.5,"Children with contraindication to pertussis component, and >7 years x3 doses if incomplete vaccination/unvaccinated"
EST,2023,IPV,3,RISKGROUPS,Risk group(s),NATIONAL,M6,"Children with contraindication to pertussis component, and >7 years x3 doses if incomplete vaccination/unvaccinated"
EST,2023,IPV,4,RISKGROUPS,Risk group(s),NATIONAL,Y2,"Children with contraindication to pertussis component, and >7 years x3 doses if incomplete vaccination/unvaccinated"
EST,2023,IPV,5,RISKGROUPS,Risk group(s),NATIONAL,Y6-Y7,"Children with contraindication to pertussis component, and >7 years x3 doses if incomplete vaccination/unvaccinated"
EST,2023,MMR,1,,General/routine,NATIONAL,Y1,
EST,2023,MMR,2,,General/routine,NATIONAL,Y13,
EST,2023,MMR,1,RISKGROUPS,Risk group(s),NATIONAL,,Close contacts of measles cases
EST,2023,ROTAVIRUS_5,1,,General/routine,NATIONAL,M2,
EST,2023,ROTAVIRUS_5,2,,General/routine,NATIONAL,M3,
EST,2023,ROTAVIRUS_5,3,,General/routine,NATIONAL,M4.5,
EST,2023,TD_S,1,ADULTS,Adults,NATIONAL,Y25,
EST,2023,TD_S,2,ADULTS,Adults,NATIONAL,+Y10,
EST,2023,TD_S,3,ADULTS,Adults,NATIONAL,+Y10,
EST,2023,TD_S,4,ADULTS,Adults,NATIONAL,+Y10,
EST,2023,TD_S,5,ADULTS,Adults,NATIONAL,+Y10,
EST,2023,TD_S,6,ADULTS,Adults,NATIONAL,+Y10,
EST,2023,TD_S,6,B_ADO_W,General/routine,NATIONAL,Y15-Y16,
EST,2023,TD_S,1,RISKGROUPS,Risk group(s),NATIONAL,,"children >13 years with incomplete vaccination schedule, post-trauma vaccination"
EST,2023,TDAP_S,1,ADULTS,Adults,NATIONAL,Y15-Y16,
EST,2023,TDAP_S,6,B_ADO_W,General/routine,NATIONAL,Y15-Y16,
ETH,2023,BCG,1,,General/routine,NATIONAL,B,Live births
ETH,2023,DTWPHIBHEPB,1,,General/routine,NATIONAL,W6,Surviving infants
ETH,2023,DTWPHIBHEPB,2,,General/routine,NATIONAL,W10,Surviving infants
ETH,2023,DTWPHIBHEPB,3,,General/routine,NATIONAL,W14,Surviving infants
ETH,2023,HPV4,1,FEMALE,HPV for females only,NATIONAL,Y9,Females
ETH,2023,IPV,1,,General/routine,NATIONAL,W14,Surviving infants
ETH,2023,IPV,2,,General/routine,NATIONAL,M9,Surviving infants
ETH,2023,MEASLES,1,,General/routine,NATIONAL,M9,Surviving infants; 2nd year of life
ETH,2023,MEASLES,2,,General/routine,NATIONAL,M15,Surviving infants; 2nd year of life
ETH,2023,OPV,1,,General/routine,NATIONAL,B,Surviving infants
ETH,2023,OPV,2,,General/routine,NATIONAL,W6,Surviving infants
ETH,2023,OPV,3,,General/routine,NATIONAL,W10,Surviving infants
ETH,2023,OPV,4,,General/routine,NATIONAL,W14,Surviving infants
ETH,2023,PCV13,1,,General/routine,NATIONAL,W6,Surviving infants
ETH,2023,PCV13,2,,General/routine,NATIONAL,W10,Surviving infants
ETH,2023,PCV13,3,,General/routine,NATIONAL,W14,Surviving infants
ETH,2023,ROTAVIRUS_1,1,,General/routine,NATIONAL,W6,Surviving infants
ETH,2023,ROTAVIRUS_1,2,,General/routine,NATIONAL,W10,Surviving infants
ETH,2023,TD_S,5,ADULTS,Adults,NATIONAL,+Y1,CBAW (15-49Y)
ETH,2023,TD_S,3,ADULTS,Adults,NATIONAL,+M6,CBAW (15-49Y)
ETH,2023,TD_S,4,ADULTS,Adults,NATIONAL,+Y1,CBAW (15-49Y)
ETH,2023,TD_S,1,ADULTS,Adults,NATIONAL,1st contact,CBAW (15-49Y)
ETH,2023,TD_S,2,ADULTS,Adults,NATIONAL,+W4,CBAW (15-49Y)
ETH,2023,TD_S,2,,General/routine,NATIONAL,+W4,CBAW (15-49Y)
ETH,2023,TD_S,1,,General/routine,NATIONAL,1st contact,CBAW (15-49Y)
ETH,2023,TD_S,4,,General/routine,NATIONAL,+Y1,CBAW (15-49Y)
ETH,2023,TD_S,3,,General/routine,NATIONAL,+M6,CBAW (15-49Y)
ETH,2023,TD_S,5,,General/routine,NATIONAL,+Y1,CBAW (15-49Y)
ETH,2023,VITAMINA,1,,General/routine,NATIONAL,M6,5-59 months
ETH,2023,VITAMINA,2,,General/routine,NATIONAL,M12,5-59 months
ETH,2023,VITAMINA,3,,General/routine,NATIONAL,M18,5-59 months
ETH,2023,VITAMINA,4,,General/routine,NATIONAL,M24,5-59 months
ETH,2023,VITAMINA,5,,General/routine,NATIONAL,M30,5-59 months
ETH,2023,VITAMINA,6,,General/routine,NATIONAL,M36,5-59 months
FIN,2023,BCG,1,RISKGROUPS,Risk group(s),NATIONAL,<Y7,Children <7 yrs at high risk of tuberculosis
FIN,2023,DTAPHIBIPV,1,,General/routine,NATIONAL,M3,
FIN,2023,DTAPHIBIPV,2,,General/routine,NATIONAL,M5,
FIN,2023,DTAPHIBIPV,3,,General/routine,NATIONAL,M12,
FIN,2023,DTAPIPV,4,B_CHILD_W,General/routine,NATIONAL,Y4,
FIN,2023,HEPA_ADULT,1,RISKGROUPS,Risk group(s),NATIONAL,,Specified risk groups
FIN,2023,HEPA_PEDIATRIC,1,RISKGROUPS,Risk group(s),NATIONAL,,Specified risk groups
FIN,2023,HEPB_ADULT,1,RISKGROUPS,Risk group(s),NATIONAL,,Specified risk groups
FIN,2023,HEPB_PEDIATRIC,1,RISKGROUPS,Risk group(s),NATIONAL,,Specified risk groups
FIN,2023,HPV2,1,CATCHUP_C,Catch-up children,NATIONAL,<Y18,Catch-up for all under 18 years of age or those in high school or vocational school to start series or complement series.
FIN,2023,HPV2,2,BOTH,HPV administered to females and males,NATIONAL,Y10-Y12,
FIN,2023,HPV2,1,BOTH,HPV administered to females and males,NATIONAL,Y10-Y12,
FIN,2023,INFLUENZA_ADULT,1,ADULTS,Adults,NATIONAL,,Older persons
FIN,2023,INFLUENZA_ADULT,1,HW,Health workers,NATIONAL,,Health and care workers
FIN,2023,INFLUENZA_ADULT,1,PW,Pregnant women,NATIONAL,,Pregnant women
FIN,2023,INFLUENZA_ADULT,1,RISKGROUPS,Risk group(s),NATIONAL,,"Adults with chronic conditions, residents living in long-term care facilities"
FIN,2023,INFLUENZA_PEDIATRIC,1,,General/routine,NATIONAL,M6-Y7,
FIN,2023,IPV,1,RISKGROUPS,Risk group(s),NATIONAL,,Booster if travelling at endemic country for longer than 4 weeks or arriving from such a country and previous booster over 12 months ago
FIN,2023,IPV,1,TRAVELLERS,Travellers,NATIONAL,,Booster if travelling at endemic country for longer than 4 weeks or arriving from such a country and previous booster over 12 months ago
FIN,2023,MMR,1,,General/routine,NATIONAL,M12,
FIN,2023,MMR,2,,General/routine,NATIONAL,Y6,Second dose is administered if child already has protection against varicella
FIN,2023,MMRV,2,,General/routine,NATIONAL,Y6,Administered if children also need protection against varicella
FIN,2023,PCV10,1,,General/routine,NATIONAL,M3,
FIN,2023,PCV10,2,,General/routine,NATIONAL,M5,
FIN,2023,PCV10,3,,General/routine,NATIONAL,M12,
FIN,2023,PCV13,1,RISKGROUPS,Risk group(s),NATIONAL,,Specified risk groups
FIN,2023,PPV23,1,RISKGROUPS,Risk group(s),NATIONAL,<Y5,"For children <5 years at high risk of severe pneumococcal disease, and after stem cell transfusion"
FIN,2023,ROTAVIRUS_5,1,,General/routine,NATIONAL,M2,
FIN,2023,ROTAVIRUS_5,2,,General/routine,NATIONAL,M3,
FIN,2023,ROTAVIRUS_5,3,,General/routine,NATIONAL,M5,
FIN,2023,TBE_ADULT,1,,General/routine,SUBNATIONAL,>=Y3,In specified risk areas
FIN,2023,TBE_PEDIATRIC,1,,General/routine,SUBNATIONAL,>=Y3,In specified risk areas
FIN,2023,TD_S,1,ADULTS,Adults,NATIONAL,Y45,"Boosters at Y45, Y65, and >65 years every 10th year"
FIN,2023,TD_S,2,ADULTS,Adults,NATIONAL,Y65,"Boosters at Y45, Y65, and >65 years every 10th year"
FIN,2023,TD_S,3,ADULTS,Adults,NATIONAL,+Y10,"Boosters at Y45, Y65, and >65 years every 10th year"
FIN,2023,TDAP_S,6,ADULTS,Adults,NATIONAL,Y25,
FIN,2023,TDAP_S,5,B_ADO_W,General/routine,NATIONAL,Y14-Y15,
FIN,2023,VARICELLA,2,CATCHUP_C,Catch-up children,NATIONAL,Y1.5-Y11,2nd dose catch up: children 1.5-11Y who haven«t had chickenpox
FIN,2023,VARICELLA,1,,General/routine,NATIONAL,M18,2nd dose catch up: children 1.5-11Y who haven«t had chickenpox
FJI,2023,BCG,1,CATCHUP_C,Catch-up children,NATIONAL,<M12,and catch-up until 12 months
FJI,2023,BCG,1,,General/routine,NATIONAL,B,and catch-up until 12 months
FJI,2023,DTWPHIBHEPB,1,CATCHUP_C,Catch-up children,NATIONAL,<Y8,and catch-up until 8 years
FJI,2023,DTWPHIBHEPB,1,,General/routine,NATIONAL,W6,and catch-up until 8 years
FJI,2023,DTWPHIBHEPB,2,,General/routine,NATIONAL,W10,and catch-up until 8 years
FJI,2023,DTWPHIBHEPB,3,,General/routine,NATIONAL,W14,and catch-up until 8 years
FJI,2023,HEPB_ADULT,1,HW,Health workers,NATIONAL,1st contact,"Medical, nursing students, all healthcare workers"
FJI,2023,HEPB_ADULT,2,HW,Health workers,NATIONAL,+W6,"Medical, nursing students, all healthcare workers"
FJI,2023,HEPB_ADULT,3,HW,Health workers,NATIONAL,+W14,"Medical, nursing students, all healthcare workers"
FJI,2023,HEPB_PEDIATRIC,1,,General/routine,NATIONAL,B,
FJI,2023,HEPB_PEDIATRIC,2,RISKGROUPS,Risk group(s),NATIONAL,M12,"Pre-term babies are ""special"" booster at 12 months with MR1"
FJI,2023,HPV2,1,FEMALE,HPV for females only,NATIONAL,Y8-Y13,Females; class 8
FJI,2023,HPV2,2,FEMALE,HPV for females only,NATIONAL,+M6,Females; class 8
FJI,2023,INFLUENZA_ADULT,1,ADULTS,Adults,NATIONAL,,Older persons
FJI,2023,INFLUENZA_ADULT,1,HW,Health workers,NATIONAL,,Health and care workers
FJI,2023,INFLUENZA_ADULT,1,PW,Pregnant women,NATIONAL,,Pregnant women
FJI,2023,IPV,1,,General/routine,NATIONAL,W14,and any age when vaccination is required
FJI,2023,MR,1,,General/routine,NATIONAL,M12,
FJI,2023,MR,2,,General/routine,NATIONAL,M18,
FJI,2023,MR,3,,General/routine,NATIONAL,Y6,
FJI,2023,OPV,1,,General/routine,NATIONAL,W6,and at any age when vaccination is required
FJI,2023,OPV,2,,General/routine,NATIONAL,W10,and at any age when vaccination is required
FJI,2023,OPV,3,,General/routine,NATIONAL,W14,and at any age when vaccination is required
FJI,2023,OPV,4,,General/routine,NATIONAL,M18,and at any age when vaccination is required
FJI,2023,PCV10,1,,General/routine,NATIONAL,W6,
FJI,2023,PCV10,2,,General/routine,NATIONAL,W10,
FJI,2023,PCV10,3,,General/routine,NATIONAL,W14,
FJI,2023,ROTAVIRUS_1,1,CATCHUP_C,Catch-up children,NATIONAL,<Y2,and catch-up until 2 years
FJI,2023,ROTAVIRUS_1,1,,General/routine,NATIONAL,W6,and catch-up until 2 years
FJI,2023,ROTAVIRUS_1,2,,General/routine,NATIONAL,W14,and catch-up until 2 years
FJI,2023,TD_S,4,B_CHILD_W,General/routine,NATIONAL,Y6,
FJI,2023,TD_S,5,B_ADO_W,General/routine,NATIONAL,Y11,
FJI,2023,TD_S,1,PW,Pregnant women,NATIONAL,,Pregnant mothers
FJI,2023,VITAMINA,1,,General/routine,NATIONAL,M12,adminstered every 6 months until 5 years
FJI,2023,VITAMINA,2,,General/routine,NATIONAL,M18,adminstered every 6 months until 5 years
FJI,2023,VITAMINA,3,,General/routine,NATIONAL,M24,adminstered every 6 months until 5 years
FJI,2023,VITAMINA,4,,General/routine,NATIONAL,M30,adminstered every 6 months until 5 years
FJI,2023,VITAMINA,5,,General/routine,NATIONAL,M36,adminstered every 6 months until 5 years
FJI,2023,VITAMINA,6,,General/routine,NATIONAL,M42,adminstered every 6 months until 5 years
FRA,2023,AP,1,PW,Pregnant women,NATIONAL,,Pregnant women first and second trimester
FRA,2023,BCG,1,,General/routine,SUBNATIONAL,M1-M2,
FRA,2023,DTAPHIBHEPBIPV,1,,General/routine,NATIONAL,M2,
FRA,2023,DTAPHIBHEPBIPV,2,,General/routine,NATIONAL,M4,
FRA,2023,DTAPHIBHEPBIPV,3,,General/routine,NATIONAL,M11,
FRA,2023,DTAPIPV,4,B_CHILD_W,General/routine,NATIONAL,Y6,
FRA,2023,HEPA_ADULT,1,RISKGROUPS,Risk group(s),NATIONAL,1st contact,"Professionnal at risk, adults at risk"
FRA,2023,HEPA_ADULT,2,RISKGROUPS,Risk group(s),NATIONAL,+M6-M12,"Professionnal at risk, adults at risk"
FRA,2023,HEPB_ADULT,3,HW,Health workers,NATIONAL,+M6,Health professionnels
FRA,2023,HEPB_ADULT,1,HW,Health workers,NATIONAL,1st contact,Health professionnels
FRA,2023,HEPB_ADULT,2,HW,Health workers,NATIONAL,+M1,Health professionnels
FRA,2023,HEPB_ADULT,2,RISKGROUPS,Risk group(s),NATIONAL,+M1,"Professionnal at risk (fireman, secourists)"
FRA,2023,HEPB_ADULT,1,RISKGROUPS,Risk group(s),NATIONAL,1st contact,"Professionnal at risk (fireman, secourists)"
FRA,2023,HEPB_ADULT,3,RISKGROUPS,Risk group(s),NATIONAL,+M6,"Professionnal at risk (fireman, secourists)"
FRA,2023,HEPB_PEDIATRIC,1,RISKGROUPS,Risk group(s),NATIONAL,B,Babies born to a mother infected with hepatitis B
FRA,2023,HPV9,1,BOTH,HPV administered to females and males,NATIONAL,Y11-Y14,"Femmes et hommes 11-14 ans: 2 doses (M0, +M6); Femmes et hommes 15-19 ans: 3 doses (M0, +M2, +M6), jusquÕ lÕge de 26 ans, chez les hommes ayant ou ayant eu des relations sexuelles avec dÕautres hommes."
FRA,2023,HPV9,2,BOTH,HPV administered to females and males,NATIONAL,+M6,"Femmes et hommes 11-14 ans: 2 doses (M0, +M6); Femmes et hommes 15-19 ans: 3 doses (M0, +M2, +M6), jusquÕ lÕge de 26 ans, chez les hommes ayant ou ayant eu des relations sexuelles avec dÕautres hommes."
FRA,2023,INFLUENZA_ADULT,1,ADULTS,Adults,NATIONAL,>=Y65,
FRA,2023,INFLUENZA_ADULT,1,HW,Health workers,NATIONAL,,Health and care workers
FRA,2023,INFLUENZA_ADULT,1,PW,Pregnant women,NATIONAL,,Pregnant women
FRA,2023,INFLUENZA_ADULT,1,RISKGROUPS,Risk group(s),NATIONAL,,"Adults with chronic conditions, residents living in long-term care facilities"
FRA,2023,INFLUENZA_PEDIATRIC,1,RISKGROUPS,Risk group(s),NATIONAL,,Children with chronic conditions
FRA,2023,MEN_B,1,,General/routine,NATIONAL,M3,
FRA,2023,MEN_B,2,,General/routine,NATIONAL,M5,
FRA,2023,MEN_B,3,,General/routine,NATIONAL,M12,
FRA,2023,MEN_C_CONJ,1,,General/routine,NATIONAL,M5,
FRA,2023,MEN_C_CONJ,2,,General/routine,NATIONAL,M12,
FRA,2023,MMR,1,,General/routine,NATIONAL,M12,
FRA,2023,MMR,2,,General/routine,NATIONAL,M18,
FRA,2023,PCV13,1,,General/routine,NATIONAL,M2,
FRA,2023,PCV13,2,,General/routine,NATIONAL,M4,
FRA,2023,PCV13,3,,General/routine,NATIONAL,M11,
FRA,2023,PPV23,1,ADULTS,Adults,NATIONAL,Y65,and risk groups between 2-65 years
FRA,2023,PPV23,1,RISKGROUPS,Risk group(s),NATIONAL,Y2-Y65,risk groups between 2-65 years
FRA,2023,ROTAVIRUS_5,1,,General/routine,NATIONAL,M2,2 or 3 doses according to the type of vaccine used
FRA,2023,ROTAVIRUS_5,2,,General/routine,NATIONAL,M3,2 or 3 doses according to the type of vaccine used
FRA,2023,ROTAVIRUS_5,3,,General/routine,NATIONAL,M4,2 or 3 doses according to the type of vaccine used
FRA,2023,TDAP_S,6,ADULTS,Adults,NATIONAL,Y25,
FRA,2023,TDAP_S,5,B_ADO_W,General/routine,NATIONAL,Y11-Y13,
FRA,2023,TDAP_S_IPV,6,ADULTS,Adults,NATIONAL,Y25,
FRA,2023,TDAP_S_IPV,5,B_ADO_W,General/routine,NATIONAL,Y13,
FRA,2023,TDIPV_S,1,ADULTS,Adults,NATIONAL,Y45,
FRA,2023,TDIPV_S,2,ADULTS,Adults,NATIONAL,Y65,
FRA,2023,YF,1,,General/routine,SUBNATIONAL,M9,French Guyana only; mandatory
FSM,2023,BCG,1,,General/routine,NATIONAL,B,
FSM,2023,DTAP,4,B_2YL_W,General/routine,NATIONAL,M12,
FSM,2023,DTAP,5,B_CHILD_W,General/routine,NATIONAL,>=Y4,
FSM,2023,DTAPHEPBIPV,1,,General/routine,NATIONAL,M2,
FSM,2023,DTAPHEPBIPV,2,,General/routine,NATIONAL,M4,
FSM,2023,DTAPHEPBIPV,3,,General/routine,NATIONAL,M6,
FSM,2023,HEPB_PEDIATRIC,1,,General/routine,NATIONAL,B,
FSM,2023,HIB,1,,General/routine,NATIONAL,M2,
FSM,2023,HIB,2,,General/routine,NATIONAL,M4,
FSM,2023,HIB,3,,General/routine,NATIONAL,M12,
FSM,2023,HPV9,1,FEMALE,HPV for females only,NATIONAL,Y10-Y11,"Target to only female only those in grade school (5 graders in primary schools both in public and private) girls ages 10 and 11 year old, those who sign consent form only in participating schools across the country"
FSM,2023,HPV9,2,FEMALE,HPV for females only,NATIONAL,+M6,"Target to only female only those in grade school (5 graders in primary schools both in public and private) girls ages 10 and 11 year old, those who sign consent form only in participating schools across the country"
FSM,2023,IPV,1,,General/routine,NATIONAL,M2,
FSM,2023,IPV,2,,General/routine,NATIONAL,M4,
FSM,2023,IPV,3,,General/routine,NATIONAL,M6,
FSM,2023,IPV,4,,General/routine,NATIONAL,>=Y4,
FSM,2023,MMR,1,,General/routine,NATIONAL,M12,
FSM,2023,MMR,2,,General/routine,NATIONAL,>=M13,
FSM,2023,PCV13,1,,General/routine,NATIONAL,M2,
FSM,2023,PCV13,2,,General/routine,NATIONAL,M4,
FSM,2023,PCV13,3,,General/routine,NATIONAL,M6,
FSM,2023,PCV13,4,,General/routine,NATIONAL,M13,
FSM,2023,ROTAVIRUS_5,1,,General/routine,NATIONAL,M2,
FSM,2023,ROTAVIRUS_5,2,,General/routine,NATIONAL,M4,
FSM,2023,ROTAVIRUS_5,3,,General/routine,NATIONAL,M6,
FSM,2023,TD_S,1,,General/routine,NATIONAL,>=Y11,
FSM,2023,TDAP_S,6,B_ADO_W,General/routine,NATIONAL,Y11-Y12,
GAB,2023,BCG,1,,General/routine,NATIONAL,B,Naissances vivantes
GAB,2023,DTWPHIBHEPB,1,,General/routine,NATIONAL,W6,Enfants survivants
GAB,2023,DTWPHIBHEPB,2,,General/routine,NATIONAL,W10,Enfants survivants
GAB,2023,DTWPHIBHEPB,3,,General/routine,NATIONAL,W14,Enfants survivants
GAB,2023,IPV,1,,General/routine,NATIONAL,W14,Enfants survivants
GAB,2023,MEASLES,1,,General/routine,NATIONAL,M9,Enfants survivants
GAB,2023,OPV,1,,General/routine,NATIONAL,B,Naissances vivantes
GAB,2023,OPV,2,,General/routine,NATIONAL,W6,Naissances vivantes
GAB,2023,OPV,3,,General/routine,NATIONAL,W10,Naissances vivantes
GAB,2023,OPV,4,,General/routine,NATIONAL,W14,Naissances vivantes
GAB,2023,TD_S,3,PW,Pregnant women,NATIONAL,+M6,Femmes enceintes
GAB,2023,TD_S,4,PW,Pregnant women,NATIONAL,+Y1,Femmes enceintes
GAB,2023,TD_S,5,PW,Pregnant women,NATIONAL,+Y1,Femmes enceintes
GAB,2023,TD_S,1,PW,Pregnant women,NATIONAL,1st contact,Femmes enceintes
GAB,2023,TD_S,2,PW,Pregnant women,NATIONAL,+M1,Femmes enceintes
GAB,2023,YF,1,,General/routine,NATIONAL,M9,Enfants survivants
GBR,2023,BCG,1,RISKGROUPS,Risk group(s),NATIONAL,D28,"At birth to infants in areas of the country with TB incidence >= 40/100,000 or with a parent or grandparent born in a high incidence country"
GBR,2023,DTAPHIBHEPBIPV,1,,General/routine,NATIONAL,W8,
GBR,2023,DTAPHIBHEPBIPV,2,,General/routine,NATIONAL,W12,
GBR,2023,DTAPHIBHEPBIPV,3,,General/routine,NATIONAL,W16,
GBR,2023,DTAPIPV,1,B_2YL_F,General/routine,NATIONAL,M40,
GBR,2023,HEPA_ADULT,1,RISKGROUPS,Risk group(s),NATIONAL,>=Y16,<16 years in clinical risk groups including haemophilia and chronic liver disease. See pg 6 onwards of The Green Book: https://www.gov.uk/government/publications/hepatitis-a-the-green-book-chapter-17
GBR,2023,HEPA_PEDIATRIC,1,RISKGROUPS,Risk group(s),NATIONAL,Y1-Y15,Y1 to Y15 in clinical risk groups including haemophilia and chronic liver disease. See pg 6 onwards of The Green Book: https://www.gov.uk/government/publications/hepatitis-a-the-green-book-chapter-17
GBR,2023,HEPB_ADULT,1,HW,Health workers,NATIONAL,,"Schedule varies depending on risk. Clinical risk groups such as individuals with chronic liver disease, chronic kidney disease stage 4 or 5 and haemophilia. Occupational risk such as healthcare workers and lifestyle factors including PWID, MSM, commercial sex workers, inmates of custodial institutions. More on eligibility and the relevant schedules are in The Green Book chapter from pg 7: https://www.gov.uk/government/publications/hepatitis-b-the-green-book-chapter-18"
GBR,2023,HEPB_ADULT,1,RISKGROUPS,Risk group(s),NATIONAL,,"Schedule varies depending on risk. Clinical risk groups such as individuals with chronic liver disease, chronic kidney disease stage 4 or 5 and haemophilia. Occupational risk such as healthcare workers and lifestyle factors including PWID, MSM, commercial sex workers, inmates of custodial institutions. More on eligibility and the relevant schedules are in The Green Book chapter from pg 7: https://www.gov.uk/government/publications/hepatitis-b-the-green-book-chapter-18"
GBR,2023,HEPB_PEDIATRIC,1,RISKGROUPS,Risk group(s),NATIONAL,B,"Schedule varies according to risk factors. Babies born to hepatitis B infected mothers receive monovlanet vaccine at birth, 4 weeks and 1 year in addition to  3 doses of hexavalent vaccine as part of the routine infant programme. Clinical risk groups (such as chronic liver disease, chronic kidney disease stage 4 or 5 and haemophilia) also eligible for Hep B vaccination. Schedule varies depending on risk. See pg. 8 onwards of The Green Book chapter: https://www.gov.uk/government/publications/hepatitis-b-the-green-book-chapter-18"
GBR,2023,HEPB_PEDIATRIC,2,RISKGROUPS,Risk group(s),NATIONAL,W4,"Schedule varies according to risk factors. Babies born to hepatitis B infected mothers receive monovlanet vaccine at birth, 4 weeks and 1 year in addition to  3 doses of hexavalent vaccine as part of the routine infant programme. Clinical risk groups (such as chronic liver disease, chronic kidney disease stage 4 or 5 and haemophilia) also eligible for Hep B vaccination. Schedule varies depending on risk. See pg. 8 onwards of The Green Book chapter: https://www.gov.uk/government/publications/hepatitis-b-the-green-book-chapter-18"
GBR,2023,HEPB_PEDIATRIC,3,RISKGROUPS,Risk group(s),NATIONAL,Y1,"Schedule varies according to risk factors. Babies born to hepatitis B infected mothers receive monovlanet vaccine at birth, 4 weeks and 1 year in addition to  3 doses of hexavalent vaccine as part of the routine infant programme. Clinical risk groups (such as chronic liver disease, chronic kidney disease stage 4 or 5 and haemophilia) also eligible for Hep B vaccination. Schedule varies depending on risk. See pg. 8 onwards of The Green Book chapter: https://www.gov.uk/government/publications/hepatitis-b-the-green-book-chapter-18"
GBR,2023,HIB_MEN_C_CONJ,1,,General/routine,NATIONAL,Y1,Given as a combined vaccine with Men C conjugate and Hib vaccine
GBR,2023,HPV4,1,ADULTS,Adults,NATIONAL,Y25-Y45,Administered to both females and males. Single dose given at Y12-Y13.  Catch-up for eligible young people available up to Y25; For men only: 1 dose for immunocompetent GBMSM aged less than 25 years from 1 Sept 23; 2 doses for Immunocompetent GBMSM aged 25 up to and including 45 years. 3 doses for immunosuppressed and or know to be HIV-positive GBMSM aged 25 years up to and including 45 years.
GBR,2023,HPV4,2,ADULTS,Adults,NATIONAL,Y25-Y45,Administered to both females and males. Single dose given at Y12-Y13.  Catch-up for eligible young people available up to Y25; For men only: 1 dose for immunocompetent GBMSM aged less than 25 years from 1 Sept 23; 2 doses for Immunocompetent GBMSM aged 25 up to and including 45 years. 3 doses for immunosuppressed and or know to be HIV-positive GBMSM aged 25 years up to and including 45 years.
GBR,2023,HPV4,3,RISKGROUPS,Risk group(s),NATIONAL,Y25-Y24,3 doses for immunosuppressed and or know to be HIV-positive GBMSM aged 25 years up to and including 45 years.
GBR,2023,HPV9,1,CATCHUP_A,Catch-up adults,NATIONAL,<Y25,Administered to both females and males. Single dose given at Y12-Y13.  Catch-up for eligible young people available up to Y25; For men only: 1 dose for immunocompetent GBMSM aged less than 25 years from 1 Sept 23; 2 doses for Immunocompetent GBMSM aged 25 up to and including 45 years. 3 doses for immunosuppressed and or know to be HIV-positive GBMSM aged 25 years up to and including 45 years.
GBR,2023,HPV9,1,CATCHUP_C,Catch-up children,NATIONAL,<Y25,Administered to both females and males. Single dose given at Y12-Y13.  Catch-up for eligible young people available up to Y25; For men only: 1 dose for immunocompetent GBMSM aged less than 25 years from 1 Sept 23; 2 doses for Immunocompetent GBMSM aged 25 up to and including 45 years. 3 doses for immunosuppressed and or know to be HIV-positive GBMSM aged 25 years up to and including 45 years.
GBR,2023,HPV9,1,BOTH,HPV administered to females and males,NATIONAL,Y12-Y13,Administered to both females and males. Single dose given at Y12-Y13.  Catch-up for eligible young people available up to Y25; For men only: 1 dose for immunocompetent GBMSM aged less than 25 years from 1 Sept 23; 2 doses for Immunocompetent GBMSM aged 25 up to and including 45 years. 3 doses for immunosuppressed and or know to be HIV-positive GBMSM aged 25 years up to and including 45 years.
GBR,2023,INFLUENZA_ADULT,1,ADULTS,Adults,NATIONAL,>=Y65,
GBR,2023,INFLUENZA_ADULT,1,HW,Health workers,NATIONAL,,Health and care workers
GBR,2023,INFLUENZA_ADULT,1,PW,Pregnant women,NATIONAL,,Pregnant women
GBR,2023,INFLUENZA_ADULT,1,RISKGROUPS,Risk group(s),NATIONAL,,"Adults with chronic conditions, residents living in long-term care facilities"
GBR,2023,INFLUENZA_PEDIATRIC,1,,General/routine,NATIONAL,Y2-Y14,
GBR,2023,INFLUENZA_PEDIATRIC,2,,General/routine,NATIONAL,Y2-Y14,
GBR,2023,INFLUENZA_PEDIATRIC,1,RISKGROUPS,Risk group(s),NATIONAL,,Children with chronic conditions
GBR,2023,MEN_ACYW_135CONJ,1,CATCHUP_A,Catch-up adults,NATIONAL,<Y25,Catch-up available to Y25
GBR,2023,MEN_ACYW_135CONJ,1,CATCHUP_C,Catch-up children,NATIONAL,<Y25,Catch-up available to Y25
GBR,2023,MEN_ACYW_135CONJ,1,,General/routine,NATIONAL,Y14,Catch-up available to Y25
GBR,2023,MEN_ACYW_135CONJ,1,RISKGROUPS,Risk group(s),NATIONAL,,"Individuals at increased risk of invasive meningococcal infection with asplenia, splenic dysfunction, or complement disorders (including those on, or due to commence complement inhibitor treatment, such as eculizumab and ravulizumab). Number of doses/schedule depends on age. More information on pg 7 of The Green Book chapter: https://assets.publishing.service.gov.uk/media/628363d6e90e071f62029bb9/Meningococcal-greenbook-chapter-22_17May2022.pdf"
GBR,2023,MEN_B,1,,General/routine,NATIONAL,W8,
GBR,2023,MEN_B,2,,General/routine,NATIONAL,W16,
GBR,2023,MEN_B,3,,General/routine,NATIONAL,Y1,
GBR,2023,MEN_B,1,RISKGROUPS,Risk group(s),NATIONAL,>=Y2,"Individuals from 2 years of age who are at increased risk of invasive meningococcal infection with asplenia, splenic dysfunction or complement disorder (including those on or to commence complement inhibitor treatment such as eculizumab). If first diagnosed or presenting under 1 year of age, to be immunised according to the routine immunisation schedule. Number of doses/schedule depends on age. More information on pg 7 of The Green Book chapter: https://assets.publishing.service.gov.uk/media/628363d6e90e071f62029bb9/Meningococcal-greenbook-chapter-22_17May2022.pdf"
GBR,2023,MMR,1,,General/routine,NATIONAL,Y1,
GBR,2023,MMR,2,,General/routine,NATIONAL,M40,
GBR,2023,PCV13,1,,General/routine,NATIONAL,W12,
GBR,2023,PCV13,2,,General/routine,NATIONAL,Y1,
GBR,2023,PPV23,1,ADULTS,Adults,NATIONAL,>Y65,"Risk groups Y2-Y65; and all persons >Y65. PCV13 in adults is limited to those with  ""severe immunocompromise including bone marrow transplant patients, patients with acute and chronic leukaemia, multiple myeloma or genetic disorders affecting the immune system (such as IRAK-4, NEMO) Ó. See page 8 of the pneumococcal chapter of the Green Book: https://www.gov.uk/government/publications/pneumococcal-the-green-book-chapter-25"
GBR,2023,PPV23,1,RISKGROUPS,Risk group(s),NATIONAL,Y2-Y65,"Risk groups Y2-Y65; and all persons >Y65. PCV13 in adults is limited to those with  ""severe immunocompromise including bone marrow transplant patients, patients with acute and chronic leukaemia, multiple myeloma or genetic disorders affecting the immune system (such as IRAK-4, NEMO) Ó. See page 8 of the pneumococcal chapter of the Green Book: https://www.gov.uk/government/publications/pneumococcal-the-green-book-chapter-25"
GBR,2023,ROTAVIRUS_1,1,,General/routine,NATIONAL,W8,
GBR,2023,ROTAVIRUS_1,2,,General/routine,NATIONAL,W12,
GBR,2023,TDIPV_S,1,B_ADO_W,General/routine,NATIONAL,Y14,
GBR,2023,TDIPV_S,1,PW,Pregnant women,NATIONAL,,Pregnant women from 16 weeks
GBR,2023,ZOSTER,1,ADULTS,Adults,NATIONAL,Y65,"Programme expansion from Sept 23 and move to 2 doses of Shingrix vaccine. Severely immunocompromised eligible from Y50 with 2nd dose after 8 weeks. Immunocompetent cohort - reduction from 70 to 60 years of age. Phased implementation in age reduction over 10 year period. Phase 1: 1 September 2023 to 31 August 2028, individuals turning 70 and 65 on or after 1 Sept 23. Phase 2: 1 Sept 2023 to 31 August 2033, individuals turning 65 and 60 years of age. Immunocompetent schedule: 2 doses with 2nd dose 6 to 12 months after first."
GBR,2023,ZOSTER,2,ADULTS,Adults,NATIONAL,+M6-M12,"Programme expansion from Sept 23 and move to 2 doses of Shingrix vaccine. Severely immunocompromised eligible from Y50 with 2nd dose after 8 weeks. Immunocompetent cohort - reduction from 70 to 60 years of age. Phased implementation in age reduction over 10 year period. Phase 1: 1 September 2023 to 31 August 2028, individuals turning 70 and 65 on or after 1 Sept 23. Phase 2: 1 Sept 2023 to 31 August 2033, individuals turning 65 and 60 years of age. Immunocompetent schedule: 2 doses with 2nd dose 6 to 12 months after first."
GBR,2023,ZOSTER,1,RISKGROUPS,Risk group(s),NATIONAL,>=Y50,"Programme expansion from Sept 23 and move to 2 doses of Shingrix vaccine. Severely immunocompromised eligible from Y50 with 2nd dose after 8 weeks. Immunocompetent cohort - reduction from 70 to 60 years of age. Phased implementation in age reduction over 10 year period. Phase 1: 1 September 2023 to 31 August 2028, individuals turning 70 and 65 on or after 1 Sept 23. Phase 2: 1 Sept 2023 to 31 August 2033, individuals turning 65 and 60 years of age. Immunocompetent schedule: 2 doses with 2nd dose 6 to 12 months after first."
GBR,2023,ZOSTER,2,RISKGROUPS,Risk group(s),NATIONAL,+W8,"Programme expansion from Sept 23 and move to 2 doses of Shingrix vaccine. Severely immunocompromised eligible from Y50 with 2nd dose after 8 weeks. Immunocompetent cohort - reduction from 70 to 60 years of age. Phased implementation in age reduction over 10 year period. Phase 1: 1 September 2023 to 31 August 2028, individuals turning 70 and 65 on or after 1 Sept 23. Phase 2: 1 Sept 2023 to 31 August 2033, individuals turning 65 and 60 years of age. Immunocompetent schedule: 2 doses with 2nd dose 6 to 12 months after first."
GEO,2023,BCG,1,,General/routine,NATIONAL,B-D5,
GEO,2023,DTAPHIBHEPBIPV,1,,General/routine,NATIONAL,M2,
GEO,2023,DTAPHIBHEPBIPV,2,,General/routine,NATIONAL,M3,
GEO,2023,DTAPHIBHEPBIPV,3,,General/routine,NATIONAL,M4,
GEO,2023,DTAPIPV,4,B_2YL_W,General/routine,NATIONAL,M18,
GEO,2023,DTAPIPV,5,B_CHILD_W,General/routine,NATIONAL,Y5,
GEO,2023,HEPB_ADULT,1,HW,Health workers,NATIONAL,>Y18,"Defense, security and on emergency situations response service employees;  in a penitentiary institution working staff;  High risk group of hepatitis B infection (dialysis patients, hemophiliacs, injecting drug users, MSM, HIV/AIDS and hepatitis C patients, medical personnel, students of medical institutions, family members of hepatitis B infected persons, B A person exposed to a source of hepatitis B infection, persons involved in hepatitis B diagnostic services;"
GEO,2023,HEPB_ADULT,2,HW,Health workers,NATIONAL,+M1,"Defense, security and on emergency situations response service employees;  in a penitentiary institution working staff;  High risk group of hepatitis B infection (dialysis patients, hemophiliacs, injecting drug users, MSM, HIV/AIDS and hepatitis C patients, medical personnel, students of medical institutions, family members of hepatitis B infected persons, B A person exposed to a source of hepatitis B infection, persons involved in hepatitis B diagnostic services;"
GEO,2023,HEPB_ADULT,3,HW,Health workers,NATIONAL,+M3-M6,"Defense, security and on emergency situations response service employees;  in a penitentiary institution working staff;  High risk group of hepatitis B infection (dialysis patients, hemophiliacs, injecting drug users, MSM, HIV/AIDS and hepatitis C patients, medical personnel, students of medical institutions, family members of hepatitis B infected persons, B A person exposed to a source of hepatitis B infection, persons involved in hepatitis B diagnostic services;"
GEO,2023,HEPB_ADULT,3,RISKGROUPS,Risk group(s),NATIONAL,+M3-M6,"Defense, security and on emergency situations response service employees;  in a penitentiary institution working staff;  High risk group of hepatitis B infection (dialysis patients, hemophiliacs, injecting drug users, MSM, HIV/AIDS and hepatitis C patients, medical personnel, students of medical institutions, family members of hepatitis B infected persons, B A person exposed to a source of hepatitis B infection, persons involved in hepatitis B diagnostic services;"
GEO,2023,HEPB_ADULT,2,RISKGROUPS,Risk group(s),NATIONAL,+M1,"Defense, security and on emergency situations response service employees;  in a penitentiary institution working staff;  High risk group of hepatitis B infection (dialysis patients, hemophiliacs, injecting drug users, MSM, HIV/AIDS and hepatitis C patients, medical personnel, students of medical institutions, family members of hepatitis B infected persons, B A person exposed to a source of hepatitis B infection, persons involved in hepatitis B diagnostic services;"
GEO,2023,HEPB_ADULT,1,RISKGROUPS,Risk group(s),NATIONAL,>Y18,"Defense, security and on emergency situations response service employees;  in a penitentiary institution working staff;  High risk group of hepatitis B infection (dialysis patients, hemophiliacs, injecting drug users, MSM, HIV/AIDS and hepatitis C patients, medical personnel, students of medical institutions, family members of hepatitis B infected persons, B A person exposed to a source of hepatitis B infection, persons involved in hepatitis B diagnostic services;"
GEO,2023,HEPB_PEDIATRIC,1,,General/routine,NATIONAL,B,hour 12
GEO,2023,HPV4,1,BOTH,HPV administered to females and males,NATIONAL,Y10-Y12,"Females and males; Females national introduction from August 2019, males from July 2023"
GEO,2023,HPV4,2,BOTH,HPV administered to females and males,NATIONAL,+M6,"Females and males; Females national introduction from August 2019, males from July 2023"
GEO,2023,HPV4,1,RISKGROUPS,Risk group(s),NATIONAL,Y13-Y46,"Clearning rounds of human papillomavirus vaccine in girls aged 13-46 years and 13-26 boys (A two-dose vaccination course (0-6 months) applies to the population aged 9-14 years; At the age of 15-45, the course of vaccination is three doses 0-2-6 months.)"
GEO,2023,HPV4,2,RISKGROUPS,Risk group(s),NATIONAL,+M2-M6,"Clearning rounds of human papillomavirus vaccine in girls aged 13-46 years and 13-26 boys (A two-dose vaccination course (0-6 months) applies to the population aged 9-14 years; At the age of 15-45, the course of vaccination is three doses 0-2-6 months.)"
GEO,2023,HPV4,3,RISKGROUPS,Risk group(s),NATIONAL,+M6,"Clearning rounds of human papillomavirus vaccine in girls aged 13-46 years and 13-26 boys (A two-dose vaccination course (0-6 months) applies to the population aged 9-14 years; At the age of 15-45, the course of vaccination is three doses 0-2-6 months.)"
GEO,2023,INFLUENZA_ADULT,1,ADULTS,Adults,NATIONAL,>Y18,and older persons aged 60 and older
GEO,2023,INFLUENZA_ADULT,1,HW,Health workers,NATIONAL,,Health and care workers
GEO,2023,INFLUENZA_ADULT,1,PW,Pregnant women,NATIONAL,,Pregnant women
GEO,2023,INFLUENZA_ADULT,1,RISKGROUPS,Risk group(s),NATIONAL,,"Adults with chronic conditions, residents living in long-term care facilities, other groups"
GEO,2023,INFLUENZA_PEDIATRIC,2,,General/routine,NATIONAL,Y5-Y18,
GEO,2023,INFLUENZA_PEDIATRIC,1,,General/routine,NATIONAL,M6-M59,
GEO,2023,INFLUENZA_PEDIATRIC,1,RISKGROUPS,Risk group(s),NATIONAL,,Children with chronic conditions
GEO,2023,MMR,1,,General/routine,NATIONAL,M12,
GEO,2023,MMR,2,,General/routine,NATIONAL,Y5,
GEO,2023,PCV13,1,ADULTS,Adults,NATIONAL,>Y65,for vaccination against pneumococcal infection of persons aged 65 years and older and beneficiaries of day-night specialized institutions (shelters) for the elderly with chronic diseases (hypertension; ischemic heart disease; diabetes; pcode; asthma and other forms of respiratory failure);
GEO,2023,PCV13,1,,General/routine,NATIONAL,M2,
GEO,2023,PCV13,2,,General/routine,NATIONAL,M4,
GEO,2023,PCV13,3,,General/routine,NATIONAL,M12,
GEO,2023,PCV13,1,RISKGROUPS,Risk group(s),NATIONAL,,for vaccination against pneumococcal infection of persons aged 65 years and older and beneficiaries of day-night specialized institutions (shelters) for the elderly with chronic diseases (hypertension; ischemic heart disease; diabetes; pcode; asthma and other forms of respiratory failure);
GEO,2023,ROTAVIRUS_1,1,,General/routine,NATIONAL,M2,
GEO,2023,ROTAVIRUS_1,2,,General/routine,NATIONAL,M3,
GEO,2023,TD_S,6,B_ADO_W,General/routine,NATIONAL,Y14,
GEO,2023,YF,1,TRAVELLERS,Travellers,NATIONAL,,Travellers
GHA,2023,BCG,1,,General/routine,NATIONAL,B,0-11 months
GHA,2023,DTWPHIBHEPB,1,,General/routine,NATIONAL,W6,0-11 months
GHA,2023,DTWPHIBHEPB,2,,General/routine,NATIONAL,W10,0-11 months
GHA,2023,DTWPHIBHEPB,3,,General/routine,NATIONAL,W14,0-11 months
GHA,2023,IPV,1,,General/routine,NATIONAL,W14,0-11 months
GHA,2023,MEN_A_CONJ,1,,General/routine,NATIONAL,M18,12-23 months
GHA,2023,MR,1,,General/routine,NATIONAL,M9,9-59 months
GHA,2023,MR,2,,General/routine,NATIONAL,M18,9-59 months
GHA,2023,OPV,1,,General/routine,NATIONAL,B,0-11 months
GHA,2023,OPV,2,,General/routine,NATIONAL,W6,0-11 months
GHA,2023,OPV,3,,General/routine,NATIONAL,W10,0-11 months
GHA,2023,OPV,4,,General/routine,NATIONAL,W14,0-11 months
GHA,2023,PCV13,1,,General/routine,NATIONAL,W6,0-11 months
GHA,2023,PCV13,2,,General/routine,NATIONAL,W10,0-11 months
GHA,2023,PCV13,3,,General/routine,NATIONAL,W14,0-11 months
GHA,2023,ROTAVIRUS_1,2,,General/routine,NATIONAL,W10,0-11 months
GHA,2023,ROTAVIRUS_1,3,,General/routine,NATIONAL,W14,0-11 months
GHA,2023,ROTAVIRUS_1,1,,General/routine,NATIONAL,W6,0-11 months
GHA,2023,RTS_S,1,,General/routine,SUBNATIONAL,M6,6-59 months
GHA,2023,RTS_S,2,,General/routine,SUBNATIONAL,M7,6-59 months
GHA,2023,RTS_S,3,,General/routine,SUBNATIONAL,M9,6-59 months
GHA,2023,RTS_S,4,,General/routine,SUBNATIONAL,M18,6-59 months
GHA,2023,TD_S,4,ADULTS,Adults,NATIONAL,+Y1,15-49 years
GHA,2023,TD_S,5,ADULTS,Adults,NATIONAL,+Y1,15-49 years
GHA,2023,TD_S,1,ADULTS,Adults,NATIONAL,1st contact,15-49 years
GHA,2023,TD_S,2,ADULTS,Adults,NATIONAL,+M1,15-49 years
GHA,2023,TD_S,3,ADULTS,Adults,NATIONAL,+M6,15-49 years
GHA,2023,TD_S,3,,General/routine,NATIONAL,+M6,15-49 years
GHA,2023,TD_S,2,,General/routine,NATIONAL,+M1,15-49 years
GHA,2023,TD_S,1,,General/routine,NATIONAL,Y15-Y49,15-49 years
GHA,2023,TD_S,5,,General/routine,NATIONAL,+Y1,15-49 years
GHA,2023,TD_S,4,,General/routine,NATIONAL,+Y1,15-49 years
GHA,2023,VITAMINA,1,,General/routine,NATIONAL,M6,6-59 months
GHA,2023,VITAMINA,2,,General/routine,NATIONAL,M12,6-59 months
GHA,2023,VITAMINA,3,,General/routine,NATIONAL,M18,6-59 months
GHA,2023,VITAMINA,4,,General/routine,NATIONAL,M24,6-59 months
GHA,2023,VITAMINA,5,,General/routine,NATIONAL,M30,6-59 months
GHA,2023,VITAMINA,6,,General/routine,NATIONAL,M36,6-59 months
GHA,2023,YF,1,,General/routine,NATIONAL,M9,0-11 months
GIN,2023,BCG,1,,General/routine,NATIONAL,B,Naissance vivantes
GIN,2023,DTWPHIBHEPB,1,,General/routine,NATIONAL,W6,Enfants survivants
GIN,2023,DTWPHIBHEPB,2,,General/routine,NATIONAL,W10,Enfants survivants
GIN,2023,DTWPHIBHEPB,3,,General/routine,NATIONAL,W14,Enfants survivants
GIN,2023,IPV,1,,General/routine,NATIONAL,W14,Enfants survivants
GIN,2023,MEASLES,1,,General/routine,NATIONAL,M9,Enfants survivants
GIN,2023,MEASLES,2,,General/routine,NATIONAL,M18,Enfants survivants
GIN,2023,MEN_A_PS,1,,General/routine,NATIONAL,M15,Enfant survivant
GIN,2023,OPV,1,,General/routine,NATIONAL,B,Naissance vivante pour le VPO0 et Enfants survivants de VPO1  VPO3
GIN,2023,OPV,2,,General/routine,NATIONAL,W6,Naissance vivante pour le VPO0 et Enfants survivants de VPO1  VPO3
GIN,2023,OPV,3,,General/routine,NATIONAL,W10,Naissance vivante pour le VPO0 et Enfants survivants de VPO1  VPO3
GIN,2023,OPV,4,,General/routine,NATIONAL,W14,Naissance vivante pour le VPO0 et Enfants survivants de VPO1  VPO3
GIN,2023,TD_S,1,PW,Pregnant women,NATIONAL,1st contact,1st contact grossesse
GIN,2023,TD_S,2,PW,Pregnant women,NATIONAL,+M1,1st contact grossesse
GIN,2023,TD_S,3,PW,Pregnant women,NATIONAL,+M6,1st contact grossesse
GIN,2023,TD_S,4,PW,Pregnant women,NATIONAL,+Y1,1st contact grossesse
GIN,2023,TD_S,5,PW,Pregnant women,NATIONAL,+Y1,1st contact grossesse
GIN,2023,YF,1,,General/routine,NATIONAL,M9,Enfants survivants
GMB,2023,BCG,1,,General/routine,NATIONAL,B,0-11 months
GMB,2023,DTWP,4,B_2YL_W,General/routine,NATIONAL,M18,
GMB,2023,DTWPHIBHEPB,1,,General/routine,NATIONAL,M2,
GMB,2023,DTWPHIBHEPB,2,,General/routine,NATIONAL,M3,
GMB,2023,DTWPHIBHEPB,3,,General/routine,NATIONAL,M4,
GMB,2023,HEPB_PEDIATRIC,1,,General/routine,NATIONAL,B,
GMB,2023,HPV4,1,FEMALE,HPV for females only,NATIONAL,Y9-Y14,"from October 2019: females; grade 3, grade 4-8 multi-cohort, 9-14 years out of school"
GMB,2023,HPV4,2,FEMALE,HPV for females only,NATIONAL,+Y1,"from October 2019: females; grade 3, grade 4-8 multi-cohort, 9-14 years out of school"
GMB,2023,IPV,1,,General/routine,NATIONAL,M4,
GMB,2023,IPV,2,,General/routine,NATIONAL,M9,
GMB,2023,MEN_A_CONJ,1,,General/routine,NATIONAL,M12,from April 2019; 12-24 months
GMB,2023,MR,1,,General/routine,NATIONAL,M9,
GMB,2023,MR,2,,General/routine,NATIONAL,M18,
GMB,2023,OPV,1,,General/routine,NATIONAL,B,
GMB,2023,OPV,2,,General/routine,NATIONAL,M2,
GMB,2023,OPV,3,,General/routine,NATIONAL,M3,
GMB,2023,OPV,4,,General/routine,NATIONAL,M4,
GMB,2023,OPV,5,,General/routine,NATIONAL,M9,
GMB,2023,OPV,6,,General/routine,NATIONAL,M18,
GMB,2023,PCV13,1,,General/routine,NATIONAL,M2,
GMB,2023,PCV13,2,,General/routine,NATIONAL,M3,
GMB,2023,PCV13,3,,General/routine,NATIONAL,M4,
GMB,2023,ROTAVIRUS_1,1,,General/routine,NATIONAL,M2,
GMB,2023,ROTAVIRUS_1,2,,General/routine,NATIONAL,M3,
GMB,2023,TD_S,2,ADULTS,Adults,NATIONAL,+M1,"Y15-Y49, pregnant and post-partum mothers"
GMB,2023,TD_S,3,ADULTS,Adults,NATIONAL,+M6,"Y15-Y49, pregnant and post-partum mothers"
GMB,2023,TD_S,4,ADULTS,Adults,NATIONAL,+Y1,"Y15-Y49, pregnant and post-partum mothers"
GMB,2023,TD_S,1,ADULTS,Adults,NATIONAL,1st contact,"Y15-Y49, pregnant and post-partum mothers"
GMB,2023,TD_S,5,ADULTS,Adults,NATIONAL,+Y1,"Y15-Y49, pregnant and post-partum mothers"
GMB,2023,TD_S,5,,General/routine,NATIONAL,+Y1,"Y15-Y49, pregnant and post-partum mothers"
GMB,2023,TD_S,1,,General/routine,NATIONAL,1st contact,"Y15-Y49, pregnant and post-partum mothers"
GMB,2023,TD_S,4,,General/routine,NATIONAL,+Y1,"Y15-Y49, pregnant and post-partum mothers"
GMB,2023,TD_S,3,,General/routine,NATIONAL,+M6,"Y15-Y49, pregnant and post-partum mothers"
GMB,2023,TD_S,2,,General/routine,NATIONAL,+M1,"Y15-Y49, pregnant and post-partum mothers"
GMB,2023,TD_S,3,PW,Pregnant women,NATIONAL,+M6,"Y15-Y49, pregnant and post-partum mothers"
GMB,2023,TD_S,4,PW,Pregnant women,NATIONAL,+Y1,"Y15-Y49, pregnant and post-partum mothers"
GMB,2023,TD_S,5,PW,Pregnant women,NATIONAL,+Y1,"Y15-Y49, pregnant and post-partum mothers"
GMB,2023,TD_S,1,PW,Pregnant women,NATIONAL,1st contact,"Y15-Y49, pregnant and post-partum mothers"
GMB,2023,TD_S,2,PW,Pregnant women,NATIONAL,+M1,"Y15-Y49, pregnant and post-partum mothers"
GMB,2023,VITAMINA,1,,General/routine,NATIONAL,M6,
GMB,2023,VITAMINA,2,,General/routine,NATIONAL,M12,
GMB,2023,VITAMINA,3,,General/routine,NATIONAL,M18,
GMB,2023,VITAMINA,4,,General/routine,NATIONAL,M24,
GMB,2023,VITAMINA,5,,General/routine,NATIONAL,M30,
GMB,2023,VITAMINA,6,,General/routine,NATIONAL,M36,
GMB,2023,YF,1,,General/routine,NATIONAL,M9,
GNB,2023,BCG,1,,General/routine,NATIONAL,B,0-11 mois
GNB,2023,DTWPHIBHEPB,1,,General/routine,NATIONAL,W6,0-11 mois
GNB,2023,DTWPHIBHEPB,2,,General/routine,NATIONAL,W10,0-11 mois
GNB,2023,DTWPHIBHEPB,3,,General/routine,NATIONAL,W14,0-11 mois
GNB,2023,IPV,3,,General/routine,NATIONAL,W14,0-11 mois
GNB,2023,MEASLES,1,,General/routine,NATIONAL,M9,0-23 mois
GNB,2023,MEASLES,2,,General/routine,NATIONAL,M15-M23,0-23 mois
GNB,2023,MEN_A_CONJ,1,,General/routine,NATIONAL,M9,0 a 11M
GNB,2023,OPV,1,,General/routine,NATIONAL,B,0-11 mois
GNB,2023,OPV,2,,General/routine,NATIONAL,W6,0-11 mois
GNB,2023,OPV,3,,General/routine,NATIONAL,W10,0-11 mois
GNB,2023,OPV,4,,General/routine,NATIONAL,W14,0-11 mois
GNB,2023,PCV13,1,,General/routine,NATIONAL,W6,0-11 mois
GNB,2023,PCV13,2,,General/routine,NATIONAL,W10,0-11 mois
GNB,2023,PCV13,3,,General/routine,NATIONAL,W14,0-11 mois
GNB,2023,ROTAVIRUS_1,1,,General/routine,NATIONAL,W6,0-11 mois
GNB,2023,ROTAVIRUS_1,2,,General/routine,NATIONAL,W10,0-11 mois
GNB,2023,TD_S,1,ADULTS,Adults,NATIONAL,1st contact,femmes en ge de procrer - 1er contact grossesse
GNB,2023,TD_S,2,ADULTS,Adults,NATIONAL,+M1,femmes en ge de procrer - 1er contact grossesse
GNB,2023,TD_S,3,ADULTS,Adults,NATIONAL,+M6,femmes en ge de procrer - 1er contact grossesse
GNB,2023,TD_S,4,ADULTS,Adults,NATIONAL,+Y1,femmes en ge de procrer - 1er contact grossesse
GNB,2023,TD_S,5,ADULTS,Adults,NATIONAL,+Y1,femmes en ge de procrer - 1er contact grossesse
GNB,2023,TD_S,1,,General/routine,NATIONAL,M1,
GNB,2023,TD_S,2,,General/routine,NATIONAL,M2,
GNB,2023,TD_S,3,,General/routine,NATIONAL,M6,
GNB,2023,TD_S,4,,General/routine,NATIONAL,M12,
GNB,2023,TD_S,5,,General/routine,NATIONAL,M24,
GNB,2023,TD_S,1,PW,Pregnant women,NATIONAL,1st contact,femmes en ge de procrer - 1er contact grossesse
GNB,2023,TD_S,2,PW,Pregnant women,NATIONAL,+M1,femmes en ge de procrer - 1er contact grossesse
GNB,2023,TD_S,5,PW,Pregnant women,NATIONAL,+Y1,femmes en ge de procrer - 1er contact grossesse
GNB,2023,TD_S,4,PW,Pregnant women,NATIONAL,+Y1,femmes en ge de procrer - 1er contact grossesse
GNB,2023,TD_S,3,PW,Pregnant women,NATIONAL,+M6,femmes en ge de procrer - 1er contact grossesse
GNB,2023,VITAMINA,1,,General/routine,NATIONAL,M6,6-59 mois
GNB,2023,VITAMINA,2,,General/routine,NATIONAL,M11,6-59 mois
GNB,2023,VITAMINA,3,,General/routine,NATIONAL,M18,6-59 mois
GNB,2023,VITAMINA,4,,General/routine,NATIONAL,M23-M59,6-59 mois
GNB,2023,YF,1,,General/routine,NATIONAL,M9,0-11 mois
GNQ,2023,BCG,1,,General/routine,NATIONAL,B,NACIDOS VIVOS
GNQ,2023,DTWPHIBHEPB,1,,General/routine,NATIONAL,W6,NIOS SUPERVIVIENTES Y DE 12 - 23 MESES
GNQ,2023,DTWPHIBHEPB,2,,General/routine,NATIONAL,W10,NIOS SUPERVIVIENTES Y DE 12 - 23 MESES
GNQ,2023,DTWPHIBHEPB,3,,General/routine,NATIONAL,W14,NIOS SUPERVIVIENTES Y DE 12 - 23 MESES
GNQ,2023,DTWPHIBHEPB,4,B_2YL_W,General/routine,NATIONAL,M18,NIOS SUPERVIVIENTES Y DE 12 - 23 MESES
GNQ,2023,HEPB_PEDIATRIC,1,,General/routine,,B,NACIDOS VIVOS
GNQ,2023,IPV,1,,General/routine,NATIONAL,W14,NIOS SUPERVIVIENTES
GNQ,2023,MEASLES,1,,General/routine,NATIONAL,M9,NIOS SUPERVIVIENTES Y DE 12 - 23 MESES
GNQ,2023,MEASLES,2,,General/routine,NATIONAL,M18,NIOS SUPERVIVIENTES Y DE 12 - 23 MESES
GNQ,2023,OPV,1,,General/routine,NATIONAL,B,NIOS SUPERVIVIENTES
GNQ,2023,OPV,2,,General/routine,NATIONAL,W6,NIOS SUPERVIVIENTES
GNQ,2023,OPV,3,,General/routine,NATIONAL,W10,NIOS SUPERVIVIENTES
GNQ,2023,OPV,4,,General/routine,NATIONAL,W14,NIOS SUPERVIVIENTES
GNQ,2023,TD_S,2,ADULTS,Adults,NATIONAL,+M1,MUJERES EMBARAZADAS Y EN EDAD DE PROCREAR - 1ER CONTACTO CON LA EMBARAZADA
GNQ,2023,TD_S,3,ADULTS,Adults,NATIONAL,+M6,MUJERES EMBARAZADAS Y EN EDAD DE PROCREAR - 1ER CONTACTO CON LA EMBARAZADA
GNQ,2023,TD_S,4,ADULTS,Adults,NATIONAL,+Y1,MUJERES EMBARAZADAS Y EN EDAD DE PROCREAR - 1ER CONTACTO CON LA EMBARAZADA
GNQ,2023,TD_S,5,ADULTS,Adults,NATIONAL,+Y1,MUJERES EMBARAZADAS Y EN EDAD DE PROCREAR - 1ER CONTACTO CON LA EMBARAZADA
GNQ,2023,TD_S,1,ADULTS,Adults,NATIONAL,1st contact,MUJERES EMBARAZADAS Y EN EDAD DE PROCREAR - 1ER CONTACTO CON LA EMBARAZADA
GNQ,2023,TD_S,1,,General/routine,NATIONAL,1st contact,MUJERES EMBARAZADAS Y EN EDAD DE PROCREAR - 1ER CONTACTO CON LA EMBARAZADA
GNQ,2023,TD_S,5,,General/routine,NATIONAL,+Y1,MUJERES EMBARAZADAS Y EN EDAD DE PROCREAR - 1ER CONTACTO CON LA EMBARAZADA
GNQ,2023,TD_S,4,,General/routine,NATIONAL,+Y1,MUJERES EMBARAZADAS Y EN EDAD DE PROCREAR - 1ER CONTACTO CON LA EMBARAZADA
GNQ,2023,TD_S,3,,General/routine,NATIONAL,+M6,MUJERES EMBARAZADAS Y EN EDAD DE PROCREAR - 1ER CONTACTO CON LA EMBARAZADA
GNQ,2023,TD_S,2,,General/routine,NATIONAL,+M1,MUJERES EMBARAZADAS Y EN EDAD DE PROCREAR - 1ER CONTACTO CON LA EMBARAZADA
GNQ,2023,TD_S,3,PW,Pregnant women,NATIONAL,+M6,MUJERES EMBARAZADAS Y EN EDAD DE PROCREAR - 1ER CONTACTO CON LA EMBARAZADA
GNQ,2023,TD_S,4,PW,Pregnant women,NATIONAL,+Y1,MUJERES EMBARAZADAS Y EN EDAD DE PROCREAR - 1ER CONTACTO CON LA EMBARAZADA
GNQ,2023,TD_S,5,PW,Pregnant women,NATIONAL,+Y1,MUJERES EMBARAZADAS Y EN EDAD DE PROCREAR - 1ER CONTACTO CON LA EMBARAZADA
GNQ,2023,TD_S,2,PW,Pregnant women,NATIONAL,+M1,MUJERES EMBARAZADAS Y EN EDAD DE PROCREAR - 1ER CONTACTO CON LA EMBARAZADA
GNQ,2023,TD_S,1,PW,Pregnant women,NATIONAL,1st contact,MUJERES EMBARAZADAS Y EN EDAD DE PROCREAR - 1ER CONTACTO CON LA EMBARAZADA
GNQ,2023,VITAMINA,2,,General/routine,,M12,NIOS SUPERVIVIENTES Y DE 12 - 23 MESES
GNQ,2023,VITAMINA,1,,General/routine,,M6,NIOS SUPERVIVIENTES Y DE 12 - 23 MESES
GNQ,2023,YF,1,,General/routine,NATIONAL,M9,NIOS SUPERVIVIENTES
GRC,2023,BCG,1,RISKGROUPS,Risk group(s),NATIONAL,B,Only for neonates that belong to high risk groups
GRC,2023,DTAP,1,,General/routine,NATIONAL,M2,Either DtaP or other combination vaccine
GRC,2023,DTAP,2,,General/routine,NATIONAL,M4,Either DtaP or other combination vaccine
GRC,2023,DTAP,3,,General/routine,NATIONAL,M6,Either DtaP or other combination vaccine
GRC,2023,DTAP,4,B_2YL_W,General/routine,NATIONAL,M15-M18,Either DtaP or other combination vaccine
GRC,2023,DTAP,5,B_CHILD_W,General/routine,NATIONAL,Y4-Y6,Either DtaP or other combination vaccine
GRC,2023,HEPA_ADULT,1,RISKGROUPS,Risk group(s),NATIONAL,>=Y18,High-risk groups
GRC,2023,HEPA_ADULT,2,RISKGROUPS,Risk group(s),NATIONAL,+M6,High-risk groups
GRC,2023,HEPA_PEDIATRIC,1,,General/routine,NATIONAL,M24,
GRC,2023,HEPA_PEDIATRIC,2,,General/routine,NATIONAL,M30,
GRC,2023,HEPB_ADULT,1,HW,Health workers,NATIONAL,1st contact,"High risk groups; MSM, drug users, people with multiple sex partners/ STD/ end stage renal disease/ chronic liver disease/diabetes mellitus/ people at high risk to be exposed to blood or biological fluids (ie health workers)/ travellers visiting countries with intermediate to high prevalence of chronic HBV infection"
GRC,2023,HEPB_ADULT,2,HW,Health workers,NATIONAL,+M1,"High risk groups; MSM, drug users, people with multiple sex partners/ STD/ end stage renal disease/ chronic liver disease/diabetes mellitus/ people at high risk to be exposed to blood or biological fluids (ie health workers)/ travellers visiting countries with intermediate to high prevalence of chronic HBV infection"
GRC,2023,HEPB_ADULT,3,HW,Health workers,NATIONAL,+M6,"High risk groups; MSM, drug users, people with multiple sex partners/ STD/ end stage renal disease/ chronic liver disease/diabetes mellitus/ people at high risk to be exposed to blood or biological fluids (ie health workers)/ travellers visiting countries with intermediate to high prevalence of chronic HBV infection"
GRC,2023,HEPB_ADULT,3,RISKGROUPS,Risk group(s),NATIONAL,+M6,"High risk groups; MSM, drug users, people with multiple sex partners/ STD/ end stage renal disease/ chronic liver disease/diabetes mellitus/ people at high risk to be exposed to blood or biological fluids (ie health workers)/ travellers visiting countries with intermediate to high prevalence of chronic HBV infection"
GRC,2023,HEPB_ADULT,2,RISKGROUPS,Risk group(s),NATIONAL,+M1,"High risk groups; MSM, drug users, people with multiple sex partners/ STD/ end stage renal disease/ chronic liver disease/diabetes mellitus/ people at high risk to be exposed to blood or biological fluids (ie health workers)/ travellers visiting countries with intermediate to high prevalence of chronic HBV infection"
GRC,2023,HEPB_ADULT,1,RISKGROUPS,Risk group(s),NATIONAL,>=Y18,"High risk groups; MSM, drug users, people with multiple sex partners/ STD/ end stage renal disease/ chronic liver disease/diabetes mellitus/ people at high risk to be exposed to blood or biological fluids (ie health workers)/ travellers visiting countries with intermediate to high prevalence of chronic HBV infection"
GRC,2023,HEPB_ADULT,1,TRAVELLERS,Travellers,NATIONAL,1st contact,"High risk groups; MSM, drug users, people with multiple sex partners/ STD/ end stage renal disease/ chronic liver disease/diabetes mellitus/ people at high risk to be exposed to blood or biological fluids (ie health workers)/ travellers visiting countries with intermediate to high prevalence of chronic HBV infection"
GRC,2023,HEPB_ADULT,3,TRAVELLERS,Travellers,NATIONAL,+M6,"High risk groups; MSM, drug users, people with multiple sex partners/ STD/ end stage renal disease/ chronic liver disease/diabetes mellitus/ people at high risk to be exposed to blood or biological fluids (ie health workers)/ travellers visiting countries with intermediate to high prevalence of chronic HBV infection"
GRC,2023,HEPB_ADULT,2,TRAVELLERS,Travellers,NATIONAL,+M1,"High risk groups; MSM, drug users, people with multiple sex partners/ STD/ end stage renal disease/ chronic liver disease/diabetes mellitus/ people at high risk to be exposed to blood or biological fluids (ie health workers)/ travellers visiting countries with intermediate to high prevalence of chronic HBV infection"
GRC,2023,HEPB_PEDIATRIC,1,,General/routine,NATIONAL,M2,HepB is given to all infants either at M2 or HepB is given at birth if the mother is HbsAg(+) or if the status of HbsAg is unknown
GRC,2023,HEPB_PEDIATRIC,2,,General/routine,NATIONAL,M4,HepB is given to all infants either at M2 or HepB is given at birth if the mother is HbsAg(+) or if the status of HbsAg is unknown
GRC,2023,HEPB_PEDIATRIC,3,,General/routine,NATIONAL,M6-M18,HepB is given to all infants either at M2 or HepB is given at birth if the mother is HbsAg(+) or if the status of HbsAg is unknown
GRC,2023,HEPB_PEDIATRIC,1,RISKGROUPS,Risk group(s),NATIONAL,B,HepB is given to all infants either at M2 or HepB is given at birth if the mother is HbsAg(+) or if the status of HbsAg is unknown
GRC,2023,HIB,1,,General/routine,NATIONAL,M2,
GRC,2023,HIB,2,,General/routine,NATIONAL,M4,
GRC,2023,HIB,3,,General/routine,NATIONAL,M6,
GRC,2023,HIB,4,,General/routine,NATIONAL,M15-M18,
GRC,2023,HPV9,1,BOTH,HPV administered to females and males,NATIONAL,Y9-Y11,"Males and Females routine vaccination between 9-18 years. Initiation of vaccination ³15 years: 3 doses (0M, +1Ð2M, +6M)."
GRC,2023,HPV9,2,BOTH,HPV administered to females and males,NATIONAL,+M6,"Males and Females routine vaccination between 9-18 years. Initiation of vaccination ³15 years: 3 doses (0M, +1Ð2M, +6M)."
GRC,2023,HPV9,3,RISKGROUPS,Risk group(s),NATIONAL,+M6,Females and males belonging to high-risk groups between 18-26 years
GRC,2023,HPV9,1,RISKGROUPS,Risk group(s),NATIONAL,Y18-Y26,Females and males belonging to high-risk groups between 18-26 years
GRC,2023,HPV9,2,RISKGROUPS,Risk group(s),NATIONAL,+M1,Females and males belonging to high-risk groups between 18-26 years
GRC,2023,INFLUENZA_ADULT,1,ADULTS,Adults,NATIONAL,>=Y60,
GRC,2023,INFLUENZA_ADULT,1,HW,Health workers,NATIONAL,,Health and care workers
GRC,2023,INFLUENZA_ADULT,1,PW,Pregnant women,NATIONAL,,Pregnant women
GRC,2023,INFLUENZA_ADULT,1,RISKGROUPS,Risk group(s),NATIONAL,,"Adults with chronic conditions, residents living in long-term care facilities, other groups"
GRC,2023,INFLUENZA_PEDIATRIC,1,RISKGROUPS,Risk group(s),NATIONAL,>M6,Children in high risk groups and with chronic conditions
GRC,2023,IPV,1,,General/routine,NATIONAL,M2,
GRC,2023,IPV,2,,General/routine,NATIONAL,M4,
GRC,2023,IPV,3,,General/routine,NATIONAL,M6-M18,
GRC,2023,IPV,4,,General/routine,NATIONAL,Y4-Y6,
GRC,2023,MEN_ACYW_135CONJ,1,,General/routine,NATIONAL,Y11-Y12,
GRC,2023,MEN_C_CONJ,1,,General/routine,NATIONAL,M12,
GRC,2023,MMR,1,,General/routine,NATIONAL,M12-M15,
GRC,2023,MMR,2,,General/routine,NATIONAL,M24-M47,
GRC,2023,MMRV,1,,General/routine,NATIONAL,M12-M15,
GRC,2023,MMRV,2,,General/routine,NATIONAL,M24-M47,
GRC,2023,PCV_15_VALENT,1,,General/routine,NATIONAL,M2,PCV13 or PCV15
GRC,2023,PCV_15_VALENT,2,,General/routine,NATIONAL,M4,PCV13 or PCV15
GRC,2023,PCV_15_VALENT,3,,General/routine,NATIONAL,M12,PCV13 or PCV15
GRC,2023,PCV13,1,,General/routine,NATIONAL,M2,PCV13 or PCV15
GRC,2023,PCV13,2,,General/routine,NATIONAL,M4,PCV13 or PCV15
GRC,2023,PCV13,3,,General/routine,NATIONAL,M12,PCV13 or PCV15
GRC,2023,PCV20,1,ADULTS,Adults,NATIONAL,>=Y65,"Y19-Y64 high risk groups, and all adults  ³Y65"
GRC,2023,PCV20,1,RISKGROUPS,Risk group(s),NATIONAL,Y19-Y64,"Y19-Y64 high risk groups, and all adults  ³Y65"
GRC,2023,PPV23,1,RISKGROUPS,Risk group(s),NATIONAL,Y2-Y18,³Y2 -Y18 children who belong to high risk groups
GRC,2023,ROTAVIRUS_1,1,,General/routine,NATIONAL,M2,RV1
GRC,2023,ROTAVIRUS_1,2,,General/routine,NATIONAL,M4,RV1
GRC,2023,ROTAVIRUS_5,1,,General/routine,NATIONAL,M2,RV5
GRC,2023,ROTAVIRUS_5,2,,General/routine,NATIONAL,M4,RV5
GRC,2023,ROTAVIRUS_5,3,,General/routine,NATIONAL,M6,RV5
GRC,2023,TD_S,2,ADULTS,Adults,NATIONAL,+Y10,Td/Tdap every 10Y
GRC,2023,TD_S,3,ADULTS,Adults,NATIONAL,+Y10,Td/Tdap every 10Y
GRC,2023,TD_S,4,ADULTS,Adults,NATIONAL,+Y10,Td/Tdap every 10Y
GRC,2023,TD_S,5,ADULTS,Adults,NATIONAL,+Y10,Td/Tdap every 10Y
GRC,2023,TD_S,6,ADULTS,Adults,NATIONAL,+Y10,Td/Tdap every 10Y
GRC,2023,TDAP_S,1,ADULTS,Adults,NATIONAL,Y18-Y25,"Y18-Y25 (Tdap/Tdap-IPV), Td/Tdap every 10Y"
GRC,2023,TDAP_S,2,ADULTS,Adults,NATIONAL,+Y10,"Y18-Y25 (Tdap/Tdap-IPV), Td/Tdap every 10Y"
GRC,2023,TDAP_S,3,ADULTS,Adults,NATIONAL,+Y10,"Y18-Y25 (Tdap/Tdap-IPV), Td/Tdap every 10Y"
GRC,2023,TDAP_S,4,ADULTS,Adults,NATIONAL,+Y10,"Y18-Y25 (Tdap/Tdap-IPV), Td/Tdap every 10Y"
GRC,2023,TDAP_S,5,ADULTS,Adults,NATIONAL,+Y10,"Y18-Y25 (Tdap/Tdap-IPV), Td/Tdap every 10Y"
GRC,2023,TDAP_S,6,ADULTS,Adults,NATIONAL,+Y10,"Y18-Y25 (Tdap/Tdap-IPV), Td/Tdap every 10Y"
GRC,2023,TDAP_S,6,B_ADO_W,General/routine,NATIONAL,Y11-Y12,
GRC,2023,TDAP_S_IPV,1,ADULTS,Adults,NATIONAL,Y18-Y25,Y18-Y25 (Tdap/Tdap-IPV)
GRC,2023,TDAP_S_IPV,6,B_ADO_W,General/routine,NATIONAL,Y11-Y12,
GRC,2023,TDIPV_S,6,B_ADO_W,General/routine,NATIONAL,Y11-Y12,
GRC,2023,VARICELLA,1,,General/routine,NATIONAL,M12-M15,
GRC,2023,VARICELLA,2,,General/routine,NATIONAL,M24-M47,
GRC,2023,ZOSTER,1,ADULTS,Adults,NATIONAL,Y60-Y75,"ZVL ³Y60 -Y75, R?V ³Y18 High risk groups"
GRC,2023,ZOSTER,1,RISKGROUPS,Risk group(s),NATIONAL,>=Y18,"ZVL ³Y60 -Y75, R?V ³Y18 High risk groups"
GRD,2023,DT,5,B_CHILD_W,General/routine,NATIONAL,Y4,4-5 Yr old
GRD,2023,DTWP,4,B_2YL_W,General/routine,NATIONAL,M18,M18 old
GRD,2023,DTWPHIBHEPB,1,,General/routine,NATIONAL,W6,6 w to 6 m
GRD,2023,DTWPHIBHEPB,2,,General/routine,NATIONAL,M4,6 w to 6 m
GRD,2023,DTWPHIBHEPB,3,,General/routine,NATIONAL,M6,6 w to 6 m
GRD,2023,HEPB_ADULT,1,HW,Health workers,NATIONAL,1st contact,"high risk groups, health workers and sanitation workers"
GRD,2023,HEPB_ADULT,2,HW,Health workers,NATIONAL,+M1,"high risk groups, health workers and sanitation workers"
GRD,2023,HEPB_ADULT,3,HW,Health workers,NATIONAL,+M6,"high risk groups, health workers and sanitation workers"
GRD,2023,HEPB_ADULT,3,RISKGROUPS,Risk group(s),NATIONAL,+M6,"high risk groups, health workers and sanitation workers"
GRD,2023,HEPB_ADULT,2,RISKGROUPS,Risk group(s),NATIONAL,+M1,"high risk groups, health workers and sanitation workers"
GRD,2023,HEPB_ADULT,1,RISKGROUPS,Risk group(s),NATIONAL,1st contact,"high risk groups, health workers and sanitation workers"
GRD,2023,HEPB_PEDIATRIC,1,,General/routine,NATIONAL,B,Live birth
GRD,2023,HPV9,2,FEMALE,HPV for females only,NATIONAL,+M6,Target-9-10 years girls/ Grades 4-6 Doses- 1 (1 dose commenced in 2023)
GRD,2023,HPV9,1,FEMALE,HPV for females only,NATIONAL,Y9,Target-9-10 years girls/ Grades 4-6 Doses- 1 (1 dose commenced in 2023)
GRD,2023,INFLUENZA_ADULT,1,ADULTS,Adults,NATIONAL,>Y18,and older persons
GRD,2023,INFLUENZA_ADULT,1,HW,Health workers,NATIONAL,,Health and care workers
GRD,2023,INFLUENZA_ADULT,1,PW,Pregnant women,NATIONAL,,Pregnant women
GRD,2023,INFLUENZA_ADULT,1,RISKGROUPS,Risk group(s),NATIONAL,,"Adults with chronic conditions, residents living in long-term care facilities, other groups"
GRD,2023,INFLUENZA_PEDIATRIC,2,,General/routine,NATIONAL,>=M6,
GRD,2023,INFLUENZA_PEDIATRIC,1,,General/routine,NATIONAL,>=M6,
GRD,2023,INFLUENZA_PEDIATRIC,1,RISKGROUPS,Risk group(s),NATIONAL,,Children with chronic conditions
GRD,2023,IPV,1,,General/routine,NATIONAL,W6,"6wk, 6mths"
GRD,2023,IPV,3,,General/routine,NATIONAL,M6,"6wk, 6mths"
GRD,2023,MMR,1,,General/routine,NATIONAL,M12,1yr old and 18 month old
GRD,2023,MMR,2,,General/routine,NATIONAL,M18,1yr old and 18 month old
GRD,2023,OPV,2,,General/routine,NATIONAL,M4,M4 to 14yrs old
GRD,2023,OPV,4,,General/routine,NATIONAL,M18,M4 to 14yrs old
GRD,2023,OPV,5,,General/routine,NATIONAL,Y4-Y5,M4 to 14yrs old
GRD,2023,OPV,6,,General/routine,NATIONAL,Y14-Y15,M4 to 14yrs old
GRD,2023,TD_S,6,B_ADO_W,General/routine,NATIONAL,Y14-Y15,14yrs old
GRD,2023,TD_S,3,PW,Pregnant women,NATIONAL,+M6,Given to adults and pregnant women as needed based on vaccination history
GRD,2023,TD_S,1,PW,Pregnant women,NATIONAL,1st contact,Given to adults and pregnant women as needed based on vaccination history
GRD,2023,TD_S,2,PW,Pregnant women,NATIONAL,+M1,Given to adults and pregnant women as needed based on vaccination history
GRD,2023,TD_S,2,RISKGROUPS,Risk group(s),NATIONAL,+M1,Given to adults and pregnant women as needed based on vaccination history
GRD,2023,TD_S,1,RISKGROUPS,Risk group(s),NATIONAL,1st contact,Given to adults and pregnant women as needed based on vaccination history
GRD,2023,TD_S,3,RISKGROUPS,Risk group(s),NATIONAL,+M6,Given to adults and pregnant women as needed based on vaccination history
GRD,2023,VARICELLA,1,RISKGROUPS,Risk group(s),NATIONAL,1st contact,Contacts to cases/ in outbreaks
GRD,2023,VARICELLA,2,RISKGROUPS,Risk group(s),NATIONAL,+M1,Contacts to cases/ in outbreaks
GRD,2023,VARICELLA,3,RISKGROUPS,Risk group(s),NATIONAL,+M6,Contacts to cases/ in outbreaks
GRD,2023,YF,1,TRAVELLERS,Travellers,NATIONAL,>Y1,Travellers >1 yr of age going to endemic countries
GTM,2023,BCG,1,,General/routine,NATIONAL,B,
GTM,2023,DTWP,4,B_2YL_W,General/routine,NATIONAL,M18,
GTM,2023,DTWP,5,B_CHILD_W,General/routine,NATIONAL,Y4,
GTM,2023,DTWPHIBHEPB,1,,General/routine,NATIONAL,M2,
GTM,2023,DTWPHIBHEPB,2,,General/routine,NATIONAL,M4,
GTM,2023,DTWPHIBHEPB,3,,General/routine,NATIONAL,M6,
GTM,2023,HEPB_ADULT,2,HW,Health workers,NATIONAL,+W4,"Personal de salud con mayor riesgo laboral, Personal de salud en contacto con secreciones corporales, Personal de salud con accidente laboral, Estudiantes de medicina, Estudiantes de odontologa, Estudiante Qumico-Bilogo/Tcnico de alboratorio, Estudiante de enfermera, estudiante de Bachillerato en medicina, Personal que traslada pacientes a hospitales (cuerpo de socorro), Enfermos sometidos a hemodilisis, Pacientes con trastornos hemorrgicos, Pacientes VIH positivo, Pacientes vctimas de violencia sexual a partir de los 18 aos, otros grupos de riesgo (contacto con fluidos potencialmente infecciosos).  En ao 2022-23 se priorizaron a las embarazadas con factores de riesgo para hepatitis."
GTM,2023,HEPB_ADULT,1,HW,Health workers,NATIONAL,1st contact,"Personal de salud con mayor riesgo laboral, Personal de salud en contacto con secreciones corporales, Personal de salud con accidente laboral, Estudiantes de medicina, Estudiantes de odontologa, Estudiante Qumico-Bilogo/Tcnico de alboratorio, Estudiante de enfermera, estudiante de Bachillerato en medicina, Personal que traslada pacientes a hospitales (cuerpo de socorro), Enfermos sometidos a hemodilisis, Pacientes con trastornos hemorrgicos, Pacientes VIH positivo, Pacientes vctimas de violencia sexual a partir de los 18 aos, otros grupos de riesgo (contacto con fluidos potencialmente infecciosos).  En ao 2022-23 se priorizaron a las embarazadas con factores de riesgo para hepatitis."
GTM,2023,HEPB_ADULT,3,HW,Health workers,NATIONAL,+M6,"Personal de salud con mayor riesgo laboral, Personal de salud en contacto con secreciones corporales, Personal de salud con accidente laboral, Estudiantes de medicina, Estudiantes de odontologa, Estudiante Qumico-Bilogo/Tcnico de alboratorio, Estudiante de enfermera, estudiante de Bachillerato en medicina, Personal que traslada pacientes a hospitales (cuerpo de socorro), Enfermos sometidos a hemodilisis, Pacientes con trastornos hemorrgicos, Pacientes VIH positivo, Pacientes vctimas de violencia sexual a partir de los 18 aos, otros grupos de riesgo (contacto con fluidos potencialmente infecciosos).  En ao 2022-23 se priorizaron a las embarazadas con factores de riesgo para hepatitis."
GTM,2023,HEPB_ADULT,1,PW,Pregnant women,NATIONAL,1st contact,"Personal de salud con mayor riesgo laboral, Personal de salud en contacto con secreciones corporales, Personal de salud con accidente laboral, Estudiantes de medicina, Estudiantes de odontologa, Estudiante Qumico-Bilogo/Tcnico de alboratorio, Estudiante de enfermera, estudiante de Bachillerato en medicina, Personal que traslada pacientes a hospitales (cuerpo de socorro), Enfermos sometidos a hemodilisis, Pacientes con trastornos hemorrgicos, Pacientes VIH positivo, Pacientes vctimas de violencia sexual a partir de los 18 aos, otros grupos de riesgo (contacto con fluidos potencialmente infecciosos).  En ao 2022-23 se priorizaron a las embarazadas con factores de riesgo para hepatitis."
GTM,2023,HEPB_ADULT,2,RISKGROUPS,Risk group(s),NATIONAL,+W4,"Personal de salud con mayor riesgo laboral, Personal de salud en contacto con secreciones corporales, Personal de salud con accidente laboral, Estudiantes de medicina, Estudiantes de odontologa, Estudiante Qumico-Bilogo/Tcnico de alboratorio, Estudiante de enfermera, estudiante de Bachillerato en medicina, Personal que traslada pacientes a hospitales (cuerpo de socorro), Enfermos sometidos a hemodilisis, Pacientes con trastornos hemorrgicos, Pacientes VIH positivo, Pacientes vctimas de violencia sexual a partir de los 18 aos, otros grupos de riesgo (contacto con fluidos potencialmente infecciosos).  En ao 2022-23 se priorizaron a las embarazadas con factores de riesgo para hepatitis."
GTM,2023,HEPB_ADULT,1,RISKGROUPS,Risk group(s),NATIONAL,1st contact,"Personal de salud con mayor riesgo laboral, Personal de salud en contacto con secreciones corporales, Personal de salud con accidente laboral, Estudiantes de medicina, Estudiantes de odontologa, Estudiante Qumico-Bilogo/Tcnico de alboratorio, Estudiante de enfermera, estudiante de Bachillerato en medicina, Personal que traslada pacientes a hospitales (cuerpo de socorro), Enfermos sometidos a hemodilisis, Pacientes con trastornos hemorrgicos, Pacientes VIH positivo, Pacientes vctimas de violencia sexual a partir de los 18 aos, otros grupos de riesgo (contacto con fluidos potencialmente infecciosos).  En ao 2022-23 se priorizaron a las embarazadas con factores de riesgo para hepatitis."
GTM,2023,HEPB_ADULT,3,RISKGROUPS,Risk group(s),NATIONAL,+M6,"Personal de salud con mayor riesgo laboral, Personal de salud en contacto con secreciones corporales, Personal de salud con accidente laboral, Estudiantes de medicina, Estudiantes de odontologa, Estudiante Qumico-Bilogo/Tcnico de alboratorio, Estudiante de enfermera, estudiante de Bachillerato en medicina, Personal que traslada pacientes a hospitales (cuerpo de socorro), Enfermos sometidos a hemodilisis, Pacientes con trastornos hemorrgicos, Pacientes VIH positivo, Pacientes vctimas de violencia sexual a partir de los 18 aos, otros grupos de riesgo (contacto con fluidos potencialmente infecciosos).  En ao 2022-23 se priorizaron a las embarazadas con factores de riesgo para hepatitis."
GTM,2023,HEPB_PEDIATRIC,1,,General/routine,NATIONAL,B,"Hepatitis B peditrica se administra a los RN antes de cumplir el 1er. Mes de vida lo ms cercano al nacimiento,"
GTM,2023,HPV4,1,FEMALE,HPV for females only,NATIONAL,Y9,"El AO 2023, fue un ao de transicin para cambiar el esquema de 2 dosis a esquema de 1 dosis (nica)adems se increment el grupo objetivo de esta vacunacin para: Nias de 9 a 16 aos de edad, incluyendo a las nias de 17 aos cumplidos siempre y cuando hubieran nacido en el ao 2006, Solamente se administr 2da. dosis a todas aquellas nias que presentarn su carn de vacunacin con cita para esa segunda dosis, pero que haba sido escrita previamente al ao 2023. En el 2018 se inici con 2 cohortes de nias  en el ao 2019 se incremento a 3 cohortes de nias en el ao 2020 se incremento a 5 cohortes de nias Por lo que en el ao 2023, el cambio de esquema permiti que la vacuna alcanzar iniciar a cubrir 9 cohortes nias nacidas desde ao 2006 hasta el ao 2014"
GTM,2023,INFLUENZA_ADULT,1,ADULTS,Adults,NATIONAL,>=Y60,
GTM,2023,INFLUENZA_ADULT,1,HW,Health workers,NATIONAL,,Health and care workers
GTM,2023,INFLUENZA_ADULT,1,PW,Pregnant women,NATIONAL,,Pregnant women
GTM,2023,INFLUENZA_ADULT,1,RISKGROUPS,Risk group(s),NATIONAL,,"Adults with chronic conditions, residents living in long-term care facilities, other risk groups"
GTM,2023,INFLUENZA_PEDIATRIC,1,,General/routine,NATIONAL,M6-M11,
GTM,2023,INFLUENZA_PEDIATRIC,2,,General/routine,NATIONAL,M12-M35,
GTM,2023,INFLUENZA_PEDIATRIC,1,RISKGROUPS,Risk group(s),NATIONAL,,Children with chronic conditions
GTM,2023,IPV,1,CATCHUP_C,Catch-up children,NATIONAL,Y7-Y15,"Recuperacin de esquema entre 7 a 15 aos, si nunca a sido vacunada la persona"
GTM,2023,IPV,2,,General/routine,NATIONAL,M4,
GTM,2023,IPV,1,,General/routine,NATIONAL,M2,
GTM,2023,MMR,1,CATCHUP_C,Catch-up children,NATIONAL,Y7-Y10,Recuperacin de esquema entre 7 a 10 aos
GTM,2023,MMR,2,,General/routine,NATIONAL,M18,
GTM,2023,MMR,1,,General/routine,NATIONAL,M12,
GTM,2023,MR,1,HW,Health workers,NATIONAL,1st contact,"Estudiantes de escuelas formadoras en salud previo prctica hospitalaria, personal del ministerio en accciones operativas de supervisin y/o monitoreo, personal del sector turstico y red hotelera, comadronas, brigadas de salud militar, poblacin migrante, cuerpos de socorro y personal de medios/instituciones que realiza visitas a centros de salud."
GTM,2023,MR,1,RISKGROUPS,Risk group(s),NATIONAL,1st contact,"Estudiantes de escuelas formadoras en salud previo prctica hospitalaria, personal del ministerio en accciones operativas de supervisin y/o monitoreo, personal del sector turstico y red hotelera, comadronas, brigadas de salud militar, poblacin migrante, cuerpos de socorro y personal de medios/instituciones que realiza visitas a centros de salud."
GTM,2023,OPV,3,,General/routine,NATIONAL,M6,
GTM,2023,OPV,4,,General/routine,NATIONAL,M18,
GTM,2023,OPV,5,,General/routine,NATIONAL,Y4,
GTM,2023,PCV13,3,,General/routine,NATIONAL,M12,
GTM,2023,PCV13,1,,General/routine,NATIONAL,M2,
GTM,2023,PCV13,2,,General/routine,NATIONAL,M4,
GTM,2023,PCV13,1,RISKGROUPS,Risk group(s),NATIONAL,>=Y2,"Enfermos crnicos de 2 aos de edad en adelante, diciembre 2022 capacitaciones, , los datos adjuntos son de las dosis administradas durante todo el ao 2023, se continuarn vacunando siempre"
GTM,2023,PPV23,1,RISKGROUPS,Risk group(s),NATIONAL,>=Y2,"Enfermos crnicos de 2 aos, a partir de 2 aos de edad, diciembre 2022 capacitaciones, los datos adjuntos son de las dosis administradas durante todo el ao 2023, se continuarn vacunando siempre"
GTM,2023,ROTAVIRUS_1,1,,General/routine,NATIONAL,M2,
GTM,2023,ROTAVIRUS_1,2,,General/routine,NATIONAL,M4,
GTM,2023,TD_S,6,B_ADO_W,General/routine,NATIONAL,Y10,"Vacuna Td en nios mayores de 7 aos como esquema atrasado, segn dosis pendiente: pentavalente (3 dosis)o DPT(2 refuerzos), por lo cual: 1ra. Dosis en el primer contacto,  2da. Dosis  4 semanas despus (1 mes)  3ra. Dosis 6 meses despus de la segunda Primer Refuerzo; 6 meses despues de la 3ra. dosis SegundoRefuerzo; 6 meses despues del  primer refuerzo Tercer refuerzo; a los 10 aos de edad si tienen esquema completo con pentavalente (3 dosis ) y DPT (dos refuerzos).   Ademas Td se administra como profilaxis antitetnica en: embarazadas (las dosis de Td se intercalan con la dosis vacuna Tdap durante el embarazo segn semanas de gestacin en el que sea captada y antecedente vacunal) por heridas contaminadas (cantidad de dosis segun antecedente vacunal) por mordedura de perro   (cantidad de dosis segun antecedente vacunal) de forma preventiva a personas que laboran en oficios que les puede genera riesgo a sufrir heridas (recolectores de basura, chatarreros etc)"
GTM,2023,TD_S,1,PW,Pregnant women,NATIONAL,,"Vacuna Td en nios mayores de 7 aos como esquema atrasado, segn dosis pendiente: pentavalente (3 dosis)o DPT(2 refuerzos), por lo cual: 1ra. Dosis en el primer contacto,  2da. Dosis  4 semanas despus (1 mes)  3ra. Dosis 6 meses despus de la segunda Primer Refuerzo; 6 meses despues de la 3ra. dosis SegundoRefuerzo; 6 meses despues del  primer refuerzo Tercer refuerzo; a los 10 aos de edad si tienen esquema completo con pentavalente (3 dosis ) y DPT (dos refuerzos).   Ademas Td se administra como profilaxis antitetnica en: embarazadas (las dosis de Td se intercalan con la dosis vacuna Tdap durante el embarazo segn semanas de gestacin en el que sea captada y antecedente vacunal) por heridas contaminadas (cantidad de dosis segun antecedente vacunal) por mordedura de perro   (cantidad de dosis segun antecedente vacunal) de forma preventiva a personas que laboran en oficios que les puede genera riesgo a sufrir heridas (recolectores de basura, chatarreros etc)"
GTM,2023,TD_S,1,RISKGROUPS,Risk group(s),NATIONAL,1st contact,"Vacuna Td en nios mayores de 7 aos como esquema atrasado, segn dosis pendiente: pentavalente (3 dosis)o DPT(2 refuerzos), por lo cual: 1ra. Dosis en el primer contacto,  2da. Dosis  4 semanas despus (1 mes)  3ra. Dosis 6 meses despus de la segunda Primer Refuerzo; 6 meses despus de la 3ra. dosis, Segundo Refuerzo; 6 meses despus del  primer refuerzo Tercer refuerzo; a los 10 aos de edad si tienen esquema completo con pentavalente (3 dosis ) y DPT (dos refuerzos).   Adems  vacuna Td se administra como profilaxis antitetnica en: embarazadas (las dosis de Td se intercalan con la dosis vacuna Tdap durante el embarazo segn semanas de gestacin en el que sea captada y antecedente vacunal) por heridas contaminadas (cantidad de dosis segn antecedente vacunal) por mordedura de perro   (cantidad de dosis segn antecedente vacunal) de forma preventiva a personas que laboran en oficios que les puede genera riesgo a sufrir heridas (recolectores de basura, chatarreros etc)"
GTM,2023,TD_S,2,RISKGROUPS,Risk group(s),NATIONAL,+M1,"Vacuna Td en nios mayores de 7 aos como esquema atrasado, segn dosis pendiente: pentavalente (3 dosis)o DPT(2 refuerzos), por lo cual: 1ra. Dosis en el primer contacto,  2da. Dosis  4 semanas despus (1 mes)  3ra. Dosis 6 meses despus de la segunda Primer Refuerzo; 6 meses despus de la 3ra. dosis, Segundo Refuerzo; 6 meses despus del  primer refuerzo Tercer refuerzo; a los 10 aos de edad si tienen esquema completo con pentavalente (3 dosis ) y DPT (dos refuerzos).   Adems  vacuna Td se administra como profilaxis antitetnica en: embarazadas (las dosis de Td se intercalan con la dosis vacuna Tdap durante el embarazo segn semanas de gestacin en el que sea captada y antecedente vacunal) por heridas contaminadas (cantidad de dosis segn antecedente vacunal) por mordedura de perro   (cantidad de dosis segn antecedente vacunal) de forma preventiva a personas que laboran en oficios que les puede genera riesgo a sufrir heridas (recolectores de basura, chatarreros etc)"
GTM,2023,TD_S,3,RISKGROUPS,Risk group(s),NATIONAL,+M6,"Vacuna Td en nios mayores de 7 aos como esquema atrasado, segn dosis pendiente: pentavalente (3 dosis)o DPT(2 refuerzos), por lo cual: 1ra. Dosis en el primer contacto,  2da. Dosis  4 semanas despus (1 mes)  3ra. Dosis 6 meses despus de la segunda Primer Refuerzo; 6 meses despus de la 3ra. dosis, Segundo Refuerzo; 6 meses despus del  primer refuerzo Tercer refuerzo; a los 10 aos de edad si tienen esquema completo con pentavalente (3 dosis ) y DPT (dos refuerzos).   Adems  vacuna Td se administra como profilaxis antitetnica en: embarazadas (las dosis de Td se intercalan con la dosis vacuna Tdap durante el embarazo segn semanas de gestacin en el que sea captada y antecedente vacunal) por heridas contaminadas (cantidad de dosis segn antecedente vacunal) por mordedura de perro   (cantidad de dosis segn antecedente vacunal) de forma preventiva a personas que laboran en oficios que les puede genera riesgo a sufrir heridas (recolectores de basura, chatarreros etc)"
GTM,2023,TDAP_S,1,HW,Health workers,NATIONAL,1st contact,"Embarazadas (en cada embarazo), Personal de salud (dosis nica)"
GTM,2023,TDAP_S,1,PW,Pregnant women,NATIONAL,1st contact,"Embarazadas (en cada embarazo), Personal de salud (dosis nica)"
GTM,2023,VITAMINA,1,,General/routine,NATIONAL,M6,Nias y nios de 6 meses a menores de 1 ao
GTM,2023,YF,1,TRAVELLERS,Travellers,NATIONAL,M6-Y59,Viajeros entre 9 meses a 59 aos que su destino son pases endemicos o con brotes de FA
GUM,2023,DTAP,1,,General/routine,NATIONAL,M2,
GUM,2023,DTAP,2,,General/routine,NATIONAL,M4,
GUM,2023,DTAP,3,,General/routine,NATIONAL,M6,
GUM,2023,DTAP,4,B_2YL_W,General/routine,NATIONAL,M15-M18,
GUM,2023,DTAP,5,B_CHILD_W,General/routine,NATIONAL,Y4-Y6,
GUM,2023,DTAPHIBIPV,1,,General/routine,NATIONAL,M2,
GUM,2023,DTAPHIBIPV,2,,General/routine,NATIONAL,M4,
GUM,2023,DTAPHIBIPV,3,,General/routine,NATIONAL,M6,
GUM,2023,DTAPHIBIPV,4,B_2YL_W,General/routine,NATIONAL,M12-M15,
GUM,2023,HEPA_ADULT,1,ADULTS,Adults,NATIONAL,Y19,
GUM,2023,HEPA_HEPB,1,ADULTS,Adults,NATIONAL,Y19,
GUM,2023,HEPA_PEDIATRIC,1,,General/routine,NATIONAL,M12,
GUM,2023,HEPA_PEDIATRIC,2,,General/routine,NATIONAL,M18,
GUM,2023,HEPB_ADULT,1,ADULTS,Adults,NATIONAL,Y19,
GUM,2023,HEPB_ADULT,2,ADULTS,Adults,NATIONAL,+W4,
GUM,2023,HEPB_ADULT,3,ADULTS,Adults,NATIONAL,+M6,
GUM,2023,HEPB_ADULT,1,RISKGROUPS,Risk group(s),NATIONAL,,Diabetics 60Y with shared clinical decision
GUM,2023,HEPB_PEDIATRIC,1,,General/routine,NATIONAL,B,
GUM,2023,HEPB_PEDIATRIC,2,,General/routine,NATIONAL,M1-M2,
GUM,2023,HEPB_PEDIATRIC,3,,General/routine,NATIONAL,M6-M18,
GUM,2023,HIB,1,,General/routine,NATIONAL,M2,
GUM,2023,HIB,2,,General/routine,NATIONAL,M4,
GUM,2023,HIB,3,,General/routine,NATIONAL,M6,
GUM,2023,HIB,4,,General/routine,NATIONAL,M12-M15,
GUM,2023,HPV9,1,ADULTS,Adults,NATIONAL,Y19-Y26,
GUM,2023,HPV9,2,ADULTS,Adults,NATIONAL,+M1-M2,
GUM,2023,HPV9,3,ADULTS,Adults,NATIONAL,+M6,
GUM,2023,HPV9,2,,General/routine,NATIONAL,+M6,"1st dose can start at age 9 yrs, 2nd dose is at M6 if 2 dose series or M2 if 3 dose series, 3rd dose is at M6 if 3 dose series"
GUM,2023,HPV9,1,,General/routine,NATIONAL,Y11-Y12,"1st dose can start at age 9 yrs, 2nd dose is at M6 if 2 dose series or M2 if 3 dose series, 3rd dose is at M6 if 3 dose series"
GUM,2023,INFLUENZA_ADULT,1,ADULTS,Adults,NATIONAL,>Y18,
GUM,2023,INFLUENZA_PEDIATRIC,1,,General/routine,NATIONAL,>=M6,
GUM,2023,IPV,1,,General/routine,NATIONAL,M2,
GUM,2023,IPV,2,,General/routine,NATIONAL,M4,
GUM,2023,IPV,3,,General/routine,NATIONAL,M6-M18,
GUM,2023,IPV,4,,General/routine,NATIONAL,Y4-Y6,
GUM,2023,MEN_ACYW_135CONJ,1,,General/routine,NATIONAL,Y11-Y12,
GUM,2023,MEN_ACYW_135CONJ,2,,General/routine,NATIONAL,Y16,
GUM,2023,MMR,1,ADULTS,Adults,NATIONAL,Y19,
GUM,2023,MMR,2,ADULTS,Adults,NATIONAL,+M1,
GUM,2023,MMR,2,,General/routine,NATIONAL,Y4-Y6,
GUM,2023,MMR,1,,General/routine,NATIONAL,M12-M15,
GUM,2023,PCV13,1,ADULTS,Adults,NATIONAL,Y65,Adults 19-64 Y
GUM,2023,PCV13,2,,General/routine,NATIONAL,M4,
GUM,2023,PCV13,1,,General/routine,NATIONAL,M2,
GUM,2023,PCV13,3,,General/routine,NATIONAL,M6,
GUM,2023,PCV13,4,,General/routine,NATIONAL,M12-M15,
GUM,2023,PPV23,1,ADULTS,Adults,NATIONAL,Y65,
GUM,2023,ROTAVIRUS_5,1,,General/routine,NATIONAL,M2,
GUM,2023,ROTAVIRUS_5,2,,General/routine,NATIONAL,M4,
GUM,2023,ROTAVIRUS_5,3,,General/routine,NATIONAL,M6,
GUM,2023,TD_S,1,ADULTS,Adults,NATIONAL,Y19,Td or Tdap booster every 10 yrs
GUM,2023,TD_S,2,ADULTS,Adults,NATIONAL,+Y10,Td or Tdap booster every 10 yrs
GUM,2023,TD_S,1,B_CHILD_W,General/routine,NATIONAL,Y7,
GUM,2023,TDAP_S,1,ADULTS,Adults,NATIONAL,Y19,Td or Tdap booster every 10 yrs
GUM,2023,TDAP_S,2,ADULTS,Adults,NATIONAL,+Y10,Td or Tdap booster every 10 yrs
GUM,2023,TDAP_S,5,B_ADO_W,General/routine,NATIONAL,Y11,
GUM,2023,TDAP_S,1,PW,Pregnant women,NATIONAL,,Pregnant adults and adolescent at every pregnancy 27-36 weeks gestation
GUM,2023,ZOSTER,1,ADULTS,Adults,NATIONAL,Y50,"and at 50 years, +M6 for high risk groups/adults"
GUM,2023,ZOSTER,2,RISKGROUPS,Risk group(s),NATIONAL,+M6,"and at 50 years, +M6 for high risk groups/adults"
GUY,2023,BCG,1,,General/routine,NATIONAL,B-W6,
GUY,2023,DTWPHIBHEPB,1,,General/routine,NATIONAL,M2,
GUY,2023,DTWPHIBHEPB,2,,General/routine,NATIONAL,M4,
GUY,2023,DTWPHIBHEPB,3,,General/routine,NATIONAL,M6,
GUY,2023,HEPB_ADULT,3,HW,Health workers,SUBNATIONAL,+M6,"High risk groups, health care and allied workers"
GUY,2023,HEPB_ADULT,1,HW,Health workers,SUBNATIONAL,1st contact,"High risk groups, health care and allied workers"
GUY,2023,HEPB_ADULT,2,HW,Health workers,SUBNATIONAL,+M1,"High risk groups, health care and allied workers"
GUY,2023,HEPB_ADULT,3,RISKGROUPS,Risk group(s),SUBNATIONAL,+M6,"High risk groups, health care and allied workers"
GUY,2023,HEPB_ADULT,2,RISKGROUPS,Risk group(s),SUBNATIONAL,+M1,"High risk groups, health care and allied workers"
GUY,2023,HEPB_ADULT,1,RISKGROUPS,Risk group(s),SUBNATIONAL,1st contact,"High risk groups, health care and allied workers"
GUY,2023,HEPB_PEDIATRIC,1,,General/routine,NATIONAL,B,At birth. Began administering from June 2019
GUY,2023,HPV4,1,BOTH,HPV administered to females and males,NATIONAL,Y9-Y16,"Vaccine is given to both sexes 9-16 years, at 2 doses for 9-14 years and 3 doses for ages 15-16 years (at 15 years it is given at D0, M1 and M6)"
GUY,2023,HPV4,2,BOTH,HPV administered to females and males,NATIONAL,+M6,"Vaccine is given to both sexes 9-16 years, at 2 doses for 9-14 years and 3 doses for ages 15-16 years (at 15 years it is given at D0, M1 and M6)"
GUY,2023,IPV,1,,General/routine,NATIONAL,M2,given nationally as first Polio vaccine to all persons and subnationally to HIV exposed groups
GUY,2023,IPV,2,,General/routine,NATIONAL,M4,given nationally as first Polio vaccine to all persons and subnationally to HIV exposed groups
GUY,2023,IPV,3,RISKGROUPS,Risk group(s),NATIONAL,M6,HIV exposed infants
GUY,2023,IPV,4,RISKGROUPS,Risk group(s),NATIONAL,M18,HIV exposed infants
GUY,2023,MEN_ACYW_135CONJ,1,RISKGROUPS,Risk group(s),NATIONAL,>=Y19,Vaccines given to Muslim clients for Hajj and special groups like sicklers
GUY,2023,MMR,1,,General/routine,NATIONAL,M12,
GUY,2023,MMR,2,,General/routine,NATIONAL,M18,
GUY,2023,OPV,3,,General/routine,NATIONAL,M6,
GUY,2023,OPV,4,,General/routine,NATIONAL,M18,
GUY,2023,OPV,5,,General/routine,NATIONAL,M45,
GUY,2023,PCV13,1,,General/routine,NATIONAL,M2,
GUY,2023,PCV13,2,,General/routine,NATIONAL,M4,
GUY,2023,PCV13,3,,General/routine,NATIONAL,M6,
GUY,2023,PPV23,1,RISKGROUPS,Risk group(s),NATIONAL,>=Y19,"Risk groups, chronic disease clients, post op clients"
GUY,2023,PPV23,2,RISKGROUPS,Risk group(s),NATIONAL,+M6,"Risk groups, chronic disease clients, post op clients"
GUY,2023,ROTAVIRUS_1,1,,General/routine,NATIONAL,M2,
GUY,2023,ROTAVIRUS_1,2,,General/routine,NATIONAL,M4,
GUY,2023,TD_S,1,PW,Pregnant women,NATIONAL,1st contact,Pregnant women depending on their primary series
GUY,2023,TD_S,2,PW,Pregnant women,NATIONAL,+W4,Pregnant women depending on their primary series
GUY,2023,VARICELLA,1,ADULTS,Adults,SUBNATIONAL,Y18,"Risk groups; living in orphanages, and adults"
GUY,2023,VARICELLA,2,ADULTS,Adults,SUBNATIONAL,+M1,"Risk groups; living in orphanages, and adults"
GUY,2023,VARICELLA,2,RISKGROUPS,Risk group(s),SUBNATIONAL,+M1,"Risk groups; living in orphanages, and adults"
GUY,2023,VARICELLA,1,RISKGROUPS,Risk group(s),SUBNATIONAL,1st contact,"Risk groups; living in orphanages, and adults"
GUY,2023,YF,1,,General/routine,NATIONAL,M12,
HKG,2023,BCG,1,,General/routine,NATIONAL,B,
HKG,2023,DTAPIPV,1,,General/routine,NATIONAL,M2,
HKG,2023,DTAPIPV,2,,General/routine,NATIONAL,M4,
HKG,2023,DTAPIPV,3,,General/routine,NATIONAL,M6,
HKG,2023,DTAPIPV,4,B_2YL_W,General/routine,NATIONAL,M18,
HKG,2023,DTAPIPV,5,B_CHILD_W,General/routine,NATIONAL,Y6,
HKG,2023,HEPB_ADULT,1,,General/routine,NATIONAL,>=Y16,School Immunisation Teams provide Hepatitis B Vaccine mop-up to Primary 6 students who have not received 3 doses of Hepatitis B Vaccine on schedule.  Adult Hepatitis B vaccine would be provided for school children who are aged 16 and above (mostly studying at special schools).
HKG,2023,HEPB_ADULT,1,HW,Health workers,NATIONAL,,"Health care workers, people living with HIV, methadone clinic attendees, indicated patients in Social Hygiene Clinics and clients of Elderly Health Service, Women Health Service and Families Clinics who are family members/ sexual partners of people with known HBV infection"
HKG,2023,HEPB_ADULT,1,RISKGROUPS,Risk group(s),NATIONAL,,"Health care workers, people living with HIV, methadone clinic attendees, indicated patients in Social Hygiene Clinics and clients of Elderly Health Service, Women Health Service and Families Clinics who are family members/ sexual partners of people with known HBV infection"
HKG,2023,HEPB_PEDIATRIC,1,,General/routine,NATIONAL,B,
HKG,2023,HEPB_PEDIATRIC,2,,General/routine,NATIONAL,M1,
HKG,2023,HEPB_PEDIATRIC,3,,General/routine,NATIONAL,M6,
HKG,2023,HPV9,1,FEMALE,HPV for females only,NATIONAL,Y10,female only
HKG,2023,HPV9,2,FEMALE,HPV for females only,NATIONAL,Y11,female only
HKG,2023,INFLUENZA_ADULT,1,ADULTS,Adults,NATIONAL,>=Y50,
HKG,2023,INFLUENZA_ADULT,1,HW,Health workers,NATIONAL,,Health and care workers
HKG,2023,INFLUENZA_ADULT,1,PW,Pregnant women,NATIONAL,,Pregnant women
HKG,2023,INFLUENZA_ADULT,1,RISKGROUPS,Risk group(s),NATIONAL,,"Adults with chronic conditions, residents living in long-term care facilities, other groups"
HKG,2023,INFLUENZA_PEDIATRIC,1,,General/routine,NATIONAL,M6-Y17,Aged 6 months to 17 years (including children aged 18 years or above but still studying at secondary school)
HKG,2023,INFLUENZA_PEDIATRIC,1,RISKGROUPS,Risk group(s),NATIONAL,,Children with chronic conditions
HKG,2023,MMR,1,,General/routine,NATIONAL,M12,
HKG,2023,MMRV,2,,General/routine,NATIONAL,M18-Y6,"Children born on or after 1 Jul 2018 receive MMRV vaccine at 18 months old, and children born between 1 Jan 2013 and 30 Jun 2018 receive MMRV vaccine in Primary 1"
HKG,2023,MPOX,1,HW,Health workers,NATIONAL,,"Individuals with high risk sexual practices, e.g. men who have sex with men (MSM), having multiple sexual partners, sex workers, history of sexually transmitted infection within the past 12 months; Healthcare workers responsible for caring of patients with confirmed Mpox; Laboratory personnel working with zoonotic pox viruses; and Animal care personnel with high risk of exposure in case of Mpox occurrence in animals in Hong Kong"
HKG,2023,MPOX,1,RISKGROUPS,Risk group(s),NATIONAL,,"Individuals with high risk sexual practices, e.g. men who have sex with men (MSM), having multiple sexual partners, sex workers, history of sexually transmitted infection within the past 12 months; Healthcare workers responsible for caring of patients with confirmed Mpox; Laboratory personnel working with zoonotic pox viruses; and Animal care personnel with high risk of exposure in case of Mpox occurrence in animals in Hong Kong"
HKG,2023,PCV13,2,,General/routine,NATIONAL,M4,
HKG,2023,PCV13,3,,General/routine,NATIONAL,M12,
HKG,2023,PCV13,1,,General/routine,NATIONAL,M2,
HKG,2023,PCV13,1,RISKGROUPS,Risk group(s),NATIONAL,>=Y65,Individuals with high risk conditions who have received 23vPPV or who have not received any pneumococcal vaccines before
HKG,2023,PPV23,1,RISKGROUPS,Risk group(s),NATIONAL,>=Y65,Individuals with high risk conditions who have received PCV13 or who have not received any pneumococcal vaccines before / Individuals without high risk conditions who have not received any pneumococcal vaccines before
HKG,2023,TDAP_S,1,PW,Pregnant women,NATIONAL,,Pregnant women
HKG,2023,TDAP_S_IPV,6,B_ADO_W,General/routine,NATIONAL,Y11,
HKG,2023,TDAP_S_IPV,1,PW,Pregnant women,NATIONAL,,Pregnant women
HKG,2023,VARICELLA,1,,General/routine,NATIONAL,M12,
HND,2023,BCG,1,,General/routine,NATIONAL,B,"Recien Nacidos con peso mayor de 2,500 gramos y menores de 1 ao"
HND,2023,DT,2,RISKGROUPS,Risk group(s),NATIONAL,M4,Poblacin de 4 meses a 4 aos alergicos al componente pertussis de Pentavalente
HND,2023,DT,3,RISKGROUPS,Risk group(s),NATIONAL,M6,Poblacin de 4 meses a 4 aos alergicos al componente pertussis de Pentavalente
HND,2023,DT,4,RISKGROUPS,Risk group(s),NATIONAL,M18,Poblacin de 4 meses a 4 aos alergicos al componente pertussis de Pentavalente
HND,2023,DT,5,RISKGROUPS,Risk group(s),NATIONAL,Y4,Poblacin de 4 meses a 4 aos alergicos al componente pertussis de Pentavalente
HND,2023,DTWP,4,B_2YL_W,General/routine,NATIONAL,M18,1 Ao
HND,2023,DTWP,5,B_CHILD_W,General/routine,NATIONAL,Y4,1 Ao
HND,2023,DTWPHIBHEPB,1,,General/routine,NATIONAL,M2,Menor de 1 ao hasta menores de 5 aos
HND,2023,DTWPHIBHEPB,2,,General/routine,NATIONAL,M4,Menor de 1 ao hasta menores de 5 aos
HND,2023,DTWPHIBHEPB,3,,General/routine,NATIONAL,M6,Menor de 1 ao hasta menores de 5 aos
HND,2023,HEPA_ADULT,1,HW,Health workers,NATIONAL,1st contact,Tradbajadores de Salud
HND,2023,HEPA_ADULT,2,HW,Health workers,NATIONAL,+M6,Tradbajadores de Salud
HND,2023,HEPA_PEDIATRIC,1,,General/routine,NATIONAL,Y1,Poblacin de 1 ao
HND,2023,HEPB_ADULT,3,HW,Health workers,NATIONAL,+M6,"Grupos en riesgo: personal de salud, pacientes en dialisis, victimas de agresion sexual (21 das de la primera vctimas de agresin sexual), diversidad sexual, etcÉ"
HND,2023,HEPB_ADULT,1,HW,Health workers,NATIONAL,1st contact,"Grupos en riesgo: personal de salud, pacientes en dialisis, victimas de agresion sexual (21 das de la primera vctimas de agresin sexual), diversidad sexual, etcÉ"
HND,2023,HEPB_ADULT,2,HW,Health workers,NATIONAL,+M1,"Grupos en riesgo: personal de salud, pacientes en dialisis, victimas de agresion sexual (21 das de la primera vctimas de agresin sexual), diversidad sexual, etcÉ"
HND,2023,HEPB_ADULT,4,HW,Health workers,NATIONAL,+Y1,"Grupos en riesgo: personal de salud, pacientes en dialisis, victimas de agresion sexual (21 das de la primera vctimas de agresin sexual), diversidad sexual, etcÉ"
HND,2023,HEPB_ADULT,3,RISKGROUPS,Risk group(s),NATIONAL,+M6,"Grupos en riesgo: personal de salud, pacientes en dialisis, victimas de agresion sexual (21 das de la primera vctimas de agresin sexual), diversidad sexual, etcÉ"
HND,2023,HEPB_ADULT,2,RISKGROUPS,Risk group(s),NATIONAL,+M1,"Grupos en riesgo: personal de salud, pacientes en dialisis, victimas de agresion sexual (21 das de la primera vctimas de agresin sexual), diversidad sexual, etcÉ"
HND,2023,HEPB_ADULT,4,RISKGROUPS,Risk group(s),NATIONAL,+Y1,"Grupos en riesgo: personal de salud, pacientes en dialisis, victimas de agresion sexual (21 das de la primera vctimas de agresin sexual), diversidad sexual, etcÉ"
HND,2023,HEPB_ADULT,1,RISKGROUPS,Risk group(s),NATIONAL,1st contact,"Grupos en riesgo: personal de salud, pacientes en dialisis, victimas de agresion sexual (21 das de la primera vctimas de agresin sexual), diversidad sexual, etcÉ"
HND,2023,HEPB_PEDIATRIC,1,,General/routine,NATIONAL,B,Primeras 24 horas de nacido
HND,2023,HPV4,1,FEMALE,HPV for females only,NATIONAL,Y11,Nias de 11 y 12 aos
HND,2023,HPV4,2,FEMALE,HPV for females only,NATIONAL,+M6,Nias de 11 y 12 aos
HND,2023,INFLUENZA_ADULT,1,ADULTS,Adults,NATIONAL,,Older persons
HND,2023,INFLUENZA_ADULT,1,HW,Health workers,NATIONAL,,Health and care workers
HND,2023,INFLUENZA_ADULT,1,PW,Pregnant women,NATIONAL,,Pregnant women
HND,2023,INFLUENZA_ADULT,1,RISKGROUPS,Risk group(s),NATIONAL,,"Adults with chronic conditions, residents living in long-term care facilities, other groups"
HND,2023,INFLUENZA_PEDIATRIC,1,,General/routine,NATIONAL,,
HND,2023,INFLUENZA_PEDIATRIC,2,,General/routine,NATIONAL,M12-M23,
HND,2023,INFLUENZA_PEDIATRIC,1,RISKGROUPS,Risk group(s),NATIONAL,,Children with chronic conditions
HND,2023,IPV,1,,General/routine,NATIONAL,M2,Menor de 1 ao
HND,2023,IPV,2,,General/routine,NATIONAL,M4,Menor de 1 ao
HND,2023,IPV,3,RISKGROUPS,Risk group(s),NATIONAL,M6,Nios con madres con VIH y nios con diagnostico de VIH
HND,2023,IPV,4,RISKGROUPS,Risk group(s),NATIONAL,M18,Nios con madres con VIH y nios con diagnostico de VIH
HND,2023,MMR,1,,General/routine,NATIONAL,M12,Poblacin de 1 ao y menor de 5 aos
HND,2023,MMR,2,,General/routine,NATIONAL,M18,Poblacin de 1 ao y menor de 5 aos
HND,2023,MMR,1,RISKGROUPS,Risk group(s),NATIONAL,>Y5,"Vacuna contra Sarampin, Rubola y Parotiditis(Cepa Jeryl Lynn)  - Grupos en riesgo mayores de 5 aos sin antecedente de haber padecido la enfermedad o de no haber sido vacunado."
HND,2023,OPV,3,,General/routine,NATIONAL,M6,Menor de 2 aos
HND,2023,OPV,4,,General/routine,NATIONAL,M18,Menor de 2 aos
HND,2023,PCV13,1,,General/routine,NATIONAL,M2,Menor de 1 ao
HND,2023,PCV13,2,,General/routine,NATIONAL,M4,Menor de 1 ao
HND,2023,PCV13,3,,General/routine,NATIONAL,M6,Menor de 1 ao
HND,2023,ROTAVIRUS_1,1,,General/routine,NATIONAL,M2,Menor de 1 ao
HND,2023,ROTAVIRUS_1,2,,General/routine,NATIONAL,M4,Menor de 1 ao
HND,2023,TD_S,1,B_ADO_W,General/routine,NATIONAL,Y11,"11 aos 1 refuerzo, Grupos en riesgo embarazadas no vacunadas completar esquema 5 dosis, otros grupos esquema de 3 dosis y un refuerzo a los 10 aos"
HND,2023,TD_S,2,PW,Pregnant women,NATIONAL,+M1,"11 aos 1 refuerzo, Grupos en riesgo embarazadas no vacunadas completar esquema 5 dosis, otros grupos esquema de 3 dosis y un refuerzo a los 10 aos"
HND,2023,TD_S,1,PW,Pregnant women,NATIONAL,1st contact,"11 aos 1 refuerzo, Grupos en riesgo embarazadas no vacunadas completar esquema 5 dosis, otros grupos esquema de 3 dosis y un refuerzo a los 10 aos"
HND,2023,TD_S,3,PW,Pregnant women,NATIONAL,+M6,"11 aos 1 refuerzo, Grupos en riesgo embarazadas no vacunadas completar esquema 5 dosis, otros grupos esquema de 3 dosis y un refuerzo a los 10 aos"
HND,2023,TD_S,4,PW,Pregnant women,NATIONAL,+M24,"11 aos 1 refuerzo, Grupos en riesgo embarazadas no vacunadas completar esquema 5 dosis, otros grupos esquema de 3 dosis y un refuerzo a los 10 aos"
HND,2023,TD_S,5,PW,Pregnant women,NATIONAL,+M36,"11 aos 1 refuerzo, Grupos en riesgo embarazadas no vacunadas completar esquema 5 dosis, otros grupos esquema de 3 dosis y un refuerzo a los 10 aos"
HND,2023,TD_S,2,RISKGROUPS,Risk group(s),NATIONAL,+Y10,"11 aos 1 refuerzo, Grupos en riesgo embarazadas no vacunadas completar esquema 5 dosis, otros grupos esquema de 3 dosis y un refuerzo a los 10 aos"
HND,2023,TD_S,1,RISKGROUPS,Risk group(s),NATIONAL,1st contact,"11 aos 1 refuerzo, Grupos en riesgo embarazadas no vacunadas completar esquema 5 dosis, otros grupos esquema de 3 dosis y un refuerzo a los 10 aos"
HND,2023,TDAP_S,1,HW,Health workers,SUBNATIONAL,1st contact,Embarazadas 26 a 37 SG y personal de salud durante brotes y a embarazadas en una regin
HND,2023,TDAP_S,1,PW,Pregnant women,SUBNATIONAL,1st contact,Embarazadas 26 a 37 SG y personal de salud durante brotes y a embarazadas en una regin
HND,2023,TDAP_S,1,RISKGROUPS,Risk group(s),SUBNATIONAL,1st contact,Embarazadas 26 a 37 SG y personal de salud durante brotes y a embarazadas en una regin
HND,2023,VITAMINA,1,,General/routine,NATIONAL,M6,"Se suplementa a menores de 5 aos. Primera dosis es a los 6 meses, las siguientes dosis son cada 6 meses"
HND,2023,VITAMINA,2,,General/routine,NATIONAL,M12,"Se suplementa a menores de 5 aos. Primera dosis es a los 6 meses, las siguientes dosis son cada 6 meses"
HND,2023,VITAMINA,3,,General/routine,NATIONAL,M18,"Se suplementa a menores de 5 aos. Primera dosis es a los 6 meses, las siguientes dosis son cada 6 meses"
HND,2023,VITAMINA,4,,General/routine,NATIONAL,M24,"Se suplementa a menores de 5 aos. Primera dosis es a los 6 meses, las siguientes dosis son cada 6 meses"
HND,2023,VITAMINA,5,,General/routine,NATIONAL,M30,"Se suplementa a menores de 5 aos. Primera dosis es a los 6 meses, las siguientes dosis son cada 6 meses"
HND,2023,VITAMINA,6,,General/routine,NATIONAL,M36,"Se suplementa a menores de 5 aos. Primera dosis es a los 6 meses, las siguientes dosis son cada 6 meses"
HND,2023,YF,1,TRAVELLERS,Travellers,NATIONAL,Y1,Viajeros de 1 ao que viajan a zonas en riesgo de transmisin de Fiebre Amarilla
HRV,2023,BCG,1,,General/routine,NATIONAL,D2,
HRV,2023,DTAP,5,B_CHILD_W,General/routine,NATIONAL,Y6,
HRV,2023,DTAPHIBHEPBIPV,1,,General/routine,NATIONAL,M2,
HRV,2023,DTAPHIBHEPBIPV,2,,General/routine,NATIONAL,M4,
HRV,2023,DTAPHIBHEPBIPV,4,B_2YL_W,General/routine,NATIONAL,M18,
HRV,2023,DTAPHIBIPV,3,,General/routine,NATIONAL,M6,
HRV,2023,HPV9,1,BOTH,HPV administered to females and males,NATIONAL,Y14,Females and males; in 8th grade of primary school
HRV,2023,HPV9,2,BOTH,HPV administered to females and males,NATIONAL,+M6-M12,Females and males; in 8th grade of primary school
HRV,2023,INFLUENZA_ADULT,1,ADULTS,Adults,NATIONAL,>=Y65,
HRV,2023,INFLUENZA_ADULT,1,HW,Health workers,NATIONAL,,Health and care workers
HRV,2023,INFLUENZA_ADULT,1,PW,Pregnant women,NATIONAL,,Pregnant women
HRV,2023,INFLUENZA_ADULT,1,RISKGROUPS,Risk group(s),NATIONAL,,"Adults with chronic conditions, residents living in long-term care-facilities"
HRV,2023,INFLUENZA_PEDIATRIC,1,RISKGROUPS,Risk group(s),NATIONAL,,Children with chronic conditions
HRV,2023,IPV,1,,General/routine,NATIONAL,Y7,
HRV,2023,MMR,1,,General/routine,NATIONAL,M12,
HRV,2023,MMR,2,,General/routine,NATIONAL,Y7,
HRV,2023,PCV10,1,,General/routine,NATIONAL,M2,
HRV,2023,PCV10,2,,General/routine,NATIONAL,M4,
HRV,2023,PCV10,3,,General/routine,NATIONAL,M12,
HRV,2023,TD_S,1,ADULTS,Adults,NATIONAL,Y24,
HRV,2023,TD_S,2,ADULTS,Adults,NATIONAL,Y60,
HRV,2023,TDIPV_S,6,B_ADO_W,General/routine,NATIONAL,Y14,
HTI,2023,BCG,1,,General/routine,NATIONAL,B,naissances vivantes
HTI,2023,DTWP,4,B_2YL_W,General/routine,NATIONAL,M15,12-23 mois
HTI,2023,DTWPHIBHEPB,1,,General/routine,NATIONAL,W6,0-11 mois
HTI,2023,DTWPHIBHEPB,2,,General/routine,NATIONAL,W10,0-11 mois
HTI,2023,DTWPHIBHEPB,3,,General/routine,NATIONAL,W14,0-11 mois
HTI,2023,IPV,1,,General/routine,NATIONAL,W6,0-11 mois
HTI,2023,MR,1,,General/routine,NATIONAL,M9,9-11 mois
HTI,2023,MR,2,,General/routine,NATIONAL,M12-M23,9-11 mois
HTI,2023,OPV,1,,General/routine,NATIONAL,W0,0-11 mois
HTI,2023,OPV,2,,General/routine,NATIONAL,W10,0-11 mois
HTI,2023,OPV,3,,General/routine,NATIONAL,W14,0-11 mois
HTI,2023,OPV,4,,General/routine,NATIONAL,M9,0-11 mois
HTI,2023,PCV13,1,,General/routine,NATIONAL,W6,
HTI,2023,PCV13,2,,General/routine,NATIONAL,W10,
HTI,2023,PCV13,3,,General/routine,NATIONAL,W14,
HTI,2023,ROTAVIRUS_1,1,,General/routine,NATIONAL,W6,0-11 mois
HTI,2023,ROTAVIRUS_1,2,,General/routine,NATIONAL,W10,0-11 mois
HTI,2023,TD_S,1,PW,Pregnant women,NATIONAL,1st contact,femmes enceintes
HTI,2023,TD_S,2,PW,Pregnant women,NATIONAL,+M1,femmes enceintes
HTI,2023,TD_S,3,PW,Pregnant women,NATIONAL,+M6,femmes enceintes
HTI,2023,TD_S,4,PW,Pregnant women,NATIONAL,+Y1,femmes enceintes
HTI,2023,TD_S,5,PW,Pregnant women,NATIONAL,+Y1,femmes enceintes
HUN,2023,BCG,1,,General/routine,NATIONAL,B,
HUN,2023,DTAPHIBIPV,1,,General/routine,NATIONAL,M2,
HUN,2023,DTAPHIBIPV,2,,General/routine,NATIONAL,M3,
HUN,2023,DTAPHIBIPV,3,,General/routine,NATIONAL,M4,
HUN,2023,DTAPHIBIPV,4,B_2YL_W,General/routine,NATIONAL,M18,
HUN,2023,DTAPIPV,5,B_CHILD_W,General/routine,NATIONAL,Y6,
HUN,2023,HEPB_ADULT,1,,General/routine,NATIONAL,Y12,7th grade school campaign
HUN,2023,HEPB_ADULT,2,,General/routine,NATIONAL,+M6,7th grade school campaign
HUN,2023,HPV9,1,BOTH,HPV administered to females and males,NATIONAL,Y12,Boys and girls; 7th grade school campaign
HUN,2023,HPV9,2,BOTH,HPV administered to females and males,NATIONAL,+M6,Boys and girls; 7th grade school campaign
HUN,2023,INFLUENZA_ADULT,1,ADULTS,Adults,NATIONAL,>Y60,
HUN,2023,INFLUENZA_ADULT,1,HW,Health workers,NATIONAL,,Health and care workers
HUN,2023,INFLUENZA_ADULT,1,PW,Pregnant women,NATIONAL,,Pregnant women
HUN,2023,INFLUENZA_ADULT,1,RISKGROUPS,Risk group(s),NATIONAL,,"Adults with chronic conditions, residents living in long-term care facilities, other groups"
HUN,2023,INFLUENZA_PEDIATRIC,1,RISKGROUPS,Risk group(s),NATIONAL,,Children with chronic conditions
HUN,2023,MMR,1,,General/routine,NATIONAL,M15,6th grade school campaign
HUN,2023,MMR,2,,General/routine,NATIONAL,Y11,6th grade school campaign
HUN,2023,PCV13,1,,General/routine,NATIONAL,M2,
HUN,2023,PCV13,2,,General/routine,NATIONAL,M4,
HUN,2023,PCV13,3,,General/routine,NATIONAL,M12,
HUN,2023,TDAP_S,6,B_ADO_W,General/routine,NATIONAL,Y11,6th grade school campaign
HUN,2023,VARICELLA,1,,General/routine,NATIONAL,M13,
HUN,2023,VARICELLA,2,,General/routine,NATIONAL,M16,
IDN,2023,BCG,1,,General/routine,NATIONAL,B-M1,live birth infant until first month
IDN,2023,DT,5,B_CHILD_W,General/routine,NATIONAL,Y7,DT will given to children Y7 equal specific target 1st grade in elementary school. Td 1st dose will given to children Y8 equal specific target 2nd grade in elementary school. Td 2nd dose will given to children Y10 equal specific target 5th grade in elementary school
IDN,2023,DTWPHIBHEPB,1,,General/routine,NATIONAL,M2,Surviving infants and Children under 2 years
IDN,2023,DTWPHIBHEPB,2,,General/routine,NATIONAL,M3,Surviving infants and Children under 2 years
IDN,2023,DTWPHIBHEPB,3,,General/routine,NATIONAL,M4,Surviving infants and Children under 2 years
IDN,2023,DTWPHIBHEPB,4,B_2YL_W,General/routine,NATIONAL,M18,Surviving infants and Children under 2 years
IDN,2023,HEPB_PEDIATRIC,1,,General/routine,NATIONAL,B,Live birth infant - given <H24
IDN,2023,HPV4,1,FEMALE,HPV for females only,NATIONAL,Y11,"The nationwide introduction commenced in August 2023, 5th grade elementary school or 11 years of female in all provinces; meanwhile for the 2nd dose targeted 6th grade elementary school or 12 years of female for 132 districts"
IDN,2023,HPV4,2,FEMALE,HPV for females only,NATIONAL,Y12,"The nationwide introduction commenced in August 2023, 5th grade elementary school or 11 years of female in all provinces; meanwhile for the 2nd dose targeted 6th grade elementary school or 12 years of female for 132 districts"
IDN,2023,IPV,1,,General/routine,NATIONAL,M4,"1st dose IPV is for surviving infants; meanwhile 2nd dose IPV the nationwide introduction commenced in June 2023, denominator calculation: surviving infants in Jakarta,Banten,Jawa Barat and Yogyakarta) + 7/12 months of surviving infants in remaining 34 provinces"
IDN,2023,IPV,2,,General/routine,NATIONAL,M9,"1st dose IPV is for surviving infants; meanwhile 2nd dose IPV the nationwide introduction commenced in June 2023, denominator calculation: surviving infants in Jakarta,Banten,Jawa Barat and Yogyakarta) + 7/12 months of surviving infants in remaining 34 provinces"
IDN,2023,JE_LIVEATD,1,,General/routine,SUBNATIONAL,M10,Only 9 districts at Bali Province and 14 districts in West Kalimantan province
IDN,2023,MR,1,,General/routine,NATIONAL,M9,"Surviving Infant, toddler & 1st grade of elementary school"
IDN,2023,MR,2,,General/routine,NATIONAL,M18,"Surviving Infant, toddler & 1st grade of elementary school"
IDN,2023,MR,3,,General/routine,NATIONAL,Y7,"Surviving Infant, toddler & 1st grade of elementary school"
IDN,2023,OPV,1,,General/routine,NATIONAL,M1,Surviving infants
IDN,2023,OPV,2,,General/routine,NATIONAL,M2,Surviving infants
IDN,2023,OPV,3,,General/routine,NATIONAL,M3,Surviving infants
IDN,2023,OPV,4,,General/routine,NATIONAL,M4,Surviving infants
IDN,2023,PCV13,1,,General/routine,NATIONAL,M2,Surviving infants (1st and 2nd dose) and children under 2 years (3rd dose)
IDN,2023,PCV13,2,,General/routine,NATIONAL,M3,Surviving infants (1st and 2nd dose) and children under 2 years (3rd dose)
IDN,2023,PCV13,3,,General/routine,NATIONAL,M12,Surviving infants (1st and 2nd dose) and children under 2 years (3rd dose)
IDN,2023,ROTAVIRUS_1,1,,General/routine,NATIONAL,M2,The nationwide introduction commenced in August 2023. Denominator calculation: surviving infants in 21 districts (2022 introduction) + 5/12 months of surviving infants in remaining 493 districts.
IDN,2023,ROTAVIRUS_1,2,,General/routine,NATIONAL,M3,The nationwide introduction commenced in August 2023. Denominator calculation: surviving infants in 21 districts (2022 introduction) + 5/12 months of surviving infants in remaining 493 districts.
IDN,2023,ROTAVIRUS_1,3,,General/routine,NATIONAL,M4,The nationwide introduction commenced in August 2023. Denominator calculation: surviving infants in 21 districts (2022 introduction) + 5/12 months of surviving infants in remaining 493 districts.
IDN,2023,TD_S,1,ADULTS,Adults,NATIONAL,Y15-Y39,Child-bearing women (15Y-39Y)
IDN,2023,TD_S,2,ADULTS,Adults,NATIONAL,Y15-Y39,Child-bearing women (15Y-39Y)
IDN,2023,TD_S,3,ADULTS,Adults,NATIONAL,Y15-Y39,Child-bearing women (15Y-39Y)
IDN,2023,TD_S,4,ADULTS,Adults,NATIONAL,Y15-Y39,Child-bearing women (15Y-39Y)
IDN,2023,TD_S,5,ADULTS,Adults,NATIONAL,Y15-Y39,Child-bearing women (15Y-39Y)
IDN,2023,TD_S,5,,General/routine,NATIONAL,Y15-Y39,Child-bearing women (15Y-39Y)
IDN,2023,TD_S,4,,General/routine,NATIONAL,Y15-Y39,Child-bearing women (15Y-39Y)
IDN,2023,TD_S,3,,General/routine,NATIONAL,Y15-Y39,Child-bearing women (15Y-39Y)
IDN,2023,TD_S,2,B_ADO_W,General/routine,NATIONAL,Y9-Y10,DT will given to children Y7 equal specific target 1st  grade in elementary school. Td 1st dose will given to children Y8 equal specific target 2nd grade in elementary school. Td 2nd dose will given to children Y10 equal specific target 5th grade in elementary school
IDN,2023,TD_S,2,,General/routine,NATIONAL,Y15-Y39,Child-bearing women (15Y-39Y)
IDN,2023,TD_S,1,B_CHILD_W,General/routine,NATIONAL,Y7-Y8,DT will given to children Y7 equal specific target 1st  grade in elementary school. Td 1st dose will given to children Y8 equal specific target 2nd grade in elementary school. Td 2nd dose will given to children Y10 equal specific target 5th grade in elementary school
IDN,2023,TD_S,1,,General/routine,NATIONAL,Y15-Y39,Child-bearing women (15Y-39Y)
IDN,2023,VITAMINA,1,,General/routine,NATIONAL,M6-M11,Under 5 years
IDN,2023,VITAMINA,2,,General/routine,NATIONAL,M12-M59,Under 5 years
IND,2023,BCG,1,,General/routine,NATIONAL,B,0-1 year
IND,2023,DTWP,4,B_2YL_W,General/routine,NATIONAL,M16-M24,1.5 months-7 years
IND,2023,DTWP,5,B_CHILD_W,General/routine,NATIONAL,Y5-Y6,1.5 months-7 years
IND,2023,DTWPHIBHEPB,1,,General/routine,NATIONAL,W6,up to 1 year
IND,2023,DTWPHIBHEPB,2,,General/routine,NATIONAL,W10,up to 1 year
IND,2023,DTWPHIBHEPB,3,,General/routine,NATIONAL,W14,up to 1 year
IND,2023,HEPB_PEDIATRIC,1,,General/routine,NATIONAL,B,
IND,2023,IPV_FRAC,1,,General/routine,NATIONAL,W6,fractional dose
IND,2023,IPV_FRAC,2,,General/routine,NATIONAL,W14,fractional dose
IND,2023,IPV_FRAC,3,,General/routine,NATIONAL,M9,fractional dose
IND,2023,JE_INACTD,1,,General/routine,SUBNATIONAL,M9-M12,"9 months - 2 years (JE vaccine is given in the National Immunization schedule from 9 months to 2 years. The  JE vaccination is given in campaign mode before introduction in routine immunization, in identified districts. This campaign is done in target group of 1-15 years)"
IND,2023,JE_INACTD,2,,General/routine,SUBNATIONAL,M16-M24,"9 months - 2 years (JE vaccine is given in the National Immunization schedule from 9 months to 2 years. The  JE vaccination is given in campaign mode before introduction in routine immunization, in identified districts. This campaign is done in target group of 1-15 years)"
IND,2023,MR,1,,General/routine,NATIONAL,M9-M12,0-5 years
IND,2023,MR,2,,General/routine,NATIONAL,M16-M24,0-5 years
IND,2023,OPV,1,,General/routine,NATIONAL,B,0-5 years
IND,2023,OPV,2,,General/routine,NATIONAL,W6,0-5 years
IND,2023,OPV,3,,General/routine,NATIONAL,W10,0-5 years
IND,2023,OPV,4,,General/routine,NATIONAL,W14,0-5 years
IND,2023,OPV,5,,General/routine,NATIONAL,M16-M24,0-5 years
IND,2023,PCV10,1,,General/routine,NATIONAL,W6,up to 1 year
IND,2023,PCV10,2,,General/routine,NATIONAL,W14,up to 1 year
IND,2023,PCV10,3,,General/routine,NATIONAL,M9,up to 1 year
IND,2023,ROTAVIRUS_1,1,,General/routine,NATIONAL,W6,"up to 1 year, both RV1 and RV5 administered"
IND,2023,ROTAVIRUS_1,2,,General/routine,NATIONAL,W10,"up to 1 year, both RV1 and RV5 administered"
IND,2023,ROTAVIRUS_1,3,,General/routine,NATIONAL,W14,"up to 1 year, both RV1 and RV5 administered"
IND,2023,ROTAVIRUS_5,3,,General/routine,NATIONAL,W14,"up to 1 year, both RV1 and RV5 administered"
IND,2023,ROTAVIRUS_5,1,,General/routine,NATIONAL,W6,"up to 1 year, both RV1 and RV5 administered"
IND,2023,ROTAVIRUS_5,2,,General/routine,NATIONAL,W10,"up to 1 year, both RV1 and RV5 administered"
IND,2023,TD_S,1,B_ADO_W,General/routine,NATIONAL,Y10,"10Y, 16Y, and 2 Td doses for pregnant women"
IND,2023,TD_S,2,,General/routine,NATIONAL,Y16,"10Y, 16Y, and 2 Td doses for pregnant women"
IND,2023,TD_S,1,PW,Pregnant women,NATIONAL,1st contact,"Pregnant women 2nd dose of Td vaccine is administered after 4 weeks of 1st dose, at least 4 weeks before delivery"
IND,2023,TD_S,2,PW,Pregnant women,NATIONAL,+W4,"Pregnant women 2nd dose of Td vaccine is administered after 4 weeks of 1st dose, at least 4 weeks before delivery"
IND,2023,VITAMINA,1,,General/routine,NATIONAL,M9,0-5 years
IND,2023,VITAMINA,2,,General/routine,NATIONAL,M18,0-5 years
IND,2023,VITAMINA,3,,General/routine,NATIONAL,M24,0-5 years
IND,2023,VITAMINA,4,,General/routine,NATIONAL,M30,0-5 years
IND,2023,VITAMINA,5,,General/routine,NATIONAL,M36,0-5 years
IND,2023,VITAMINA,6,,General/routine,NATIONAL,M42,0-5 years
IRL,2023,BCG,1,RISKGROUPS,Risk group(s),NATIONAL,,"Child and adult risk groups. In 2015, the National Immunisation Advisory Committee (NIAC) and the Health Information and Quality Authority (HIQA) both recommended that BCG vaccine does not need to be given to all children in Ireland"
IRL,2023,DTAPHIBHEPBIPV,1,,General/routine,NATIONAL,M2,
IRL,2023,DTAPHIBHEPBIPV,2,,General/routine,NATIONAL,M4,
IRL,2023,DTAPHIBHEPBIPV,3,,General/routine,NATIONAL,M6,
IRL,2023,DTAPIPV,4,B_CHILD_W,General/routine,NATIONAL,Y4,
IRL,2023,HEPB_ADULT,3,HW,Health workers,NATIONAL,+M5,Healthcare workers
IRL,2023,HEPB_ADULT,2,HW,Health workers,NATIONAL,+M1,Healthcare workers
IRL,2023,HEPB_ADULT,1,HW,Health workers,NATIONAL,1st contact,Healthcare workers
IRL,2023,HEPB_ADULT,1,RISKGROUPS,Risk group(s),NATIONAL,1st contact,Risk groups
IRL,2023,HEPB_ADULT,2,RISKGROUPS,Risk group(s),NATIONAL,+M1,Risk groups
IRL,2023,HEPB_ADULT,3,RISKGROUPS,Risk group(s),NATIONAL,+M5,Risk groups
IRL,2023,HEPB_PEDIATRIC,1,RISKGROUPS,Risk group(s),NATIONAL,1st contact,Risk groups
IRL,2023,HEPB_PEDIATRIC,2,RISKGROUPS,Risk group(s),NATIONAL,+M1,Risk groups
IRL,2023,HEPB_PEDIATRIC,3,RISKGROUPS,Risk group(s),NATIONAL,+M5,Risk groups
IRL,2023,HIB,4,,General/routine,NATIONAL,M13,
IRL,2023,HIB,1,RISKGROUPS,Risk group(s),NATIONAL,,Risk groups
IRL,2023,HPV9,1,BOTH,HPV administered to females and males,NATIONAL,Y12,"From 2019, switched to HPV9 and to females and males in first year of secondary school.  Since November 2022 a single dose of HPV vaccine is recommended in Ireland for those aged 9-24 years who are immunocompetent as there is now sufficient evidence that there is no significant difference in vaccine effectiveness between those aged nine to 24 years of age who are immunocompetent who receive one, two, or three vaccine doses."
IRL,2023,INFLUENZA_ADULT,1,ADULTS,Adults,NATIONAL,>=Y65,
IRL,2023,INFLUENZA_ADULT,1,HW,Health workers,NATIONAL,,Health and care workers
IRL,2023,INFLUENZA_ADULT,1,PW,Pregnant women,NATIONAL,,Pregnant women
IRL,2023,INFLUENZA_ADULT,1,RISKGROUPS,Risk group(s),NATIONAL,,"Adults with chronic conditions, residents living in long-term care facilities, other groups"
IRL,2023,INFLUENZA_PEDIATRIC,1,,General/routine,NATIONAL,Y2-Y17,
IRL,2023,INFLUENZA_PEDIATRIC,1,RISKGROUPS,Risk group(s),NATIONAL,,Children with chronic conditions
IRL,2023,MEN_ACYW_135CONJ,1,,General/routine,NATIONAL,Y12,Men ACWY-135 conjugate to replace MenC at Y12 from February 2020
IRL,2023,MEN_B,1,,General/routine,NATIONAL,M2,
IRL,2023,MEN_B,2,,General/routine,NATIONAL,M4,
IRL,2023,MEN_B,3,,General/routine,NATIONAL,M12,
IRL,2023,MEN_C_CONJ,1,,General/routine,NATIONAL,M6,Men ACWY-135 conjugate to replace MenC at Y12 from February 2020
IRL,2023,MEN_C_CONJ,2,,General/routine,NATIONAL,M13,Men ACWY-135 conjugate to replace MenC at Y12 from February 2020
IRL,2023,MMR,2,,General/routine,NATIONAL,Y4-Y5,
IRL,2023,MMR,1,,General/routine,NATIONAL,M12,
IRL,2023,MMR,1,HW,Health workers,NATIONAL,,Health care workers
IRL,2023,MMR,1,RISKGROUPS,Risk group(s),NATIONAL,,"Risk groups, outbreaks"
IRL,2023,PCV13,1,,General/routine,NATIONAL,M2,
IRL,2023,PCV13,2,,General/routine,NATIONAL,M6,
IRL,2023,PCV13,3,,General/routine,NATIONAL,M13,
IRL,2023,PPV23,1,ADULTS,Adults,NATIONAL,>=Y65,and child risk groups >2 years and adult risk groups
IRL,2023,PPV23,1,RISKGROUPS,Risk group(s),NATIONAL,>=Y2,Child risk groups >2 years and adult risk groups
IRL,2023,ROTAVIRUS_1,1,,General/routine,NATIONAL,M2,
IRL,2023,ROTAVIRUS_1,2,,General/routine,NATIONAL,M4,
IRL,2023,TDAP_S,5,B_ADO_W,General/routine,NATIONAL,Y12-Y13,
IRL,2023,TDAP_S,1,PW,Pregnant women,NATIONAL,,Pregnant women from 16 weeks gestation
IRL,2023,TDAP_S,1,RISKGROUPS,Risk group(s),NATIONAL,,Risk groups as per recommendations
IRN,2023,BCG,1,,General/routine,NATIONAL,B,
IRN,2023,DT,1,RISKGROUPS,Risk group(s),NATIONAL,M2,children with contraindication of pertussis vaccine
IRN,2023,DT,2,RISKGROUPS,Risk group(s),NATIONAL,M4,children with contraindication of pertussis vaccine
IRN,2023,DT,3,RISKGROUPS,Risk group(s),NATIONAL,M6,children with contraindication of pertussis vaccine
IRN,2023,DT,5,RISKGROUPS,Risk group(s),NATIONAL,M18,children with contraindication of pertussis vaccine
IRN,2023,DT,6,RISKGROUPS,Risk group(s),NATIONAL,Y6,children with contraindication of pertussis vaccine
IRN,2023,DTWP,4,B_2YL_W,General/routine,NATIONAL,M18,
IRN,2023,DTWP,5,B_CHILD_W,General/routine,NATIONAL,Y6,
IRN,2023,DTWPHIBHEPB,1,,General/routine,NATIONAL,M2,
IRN,2023,DTWPHIBHEPB,2,,General/routine,NATIONAL,M4,
IRN,2023,DTWPHIBHEPB,3,,General/routine,NATIONAL,M6,
IRN,2023,HEPB_PEDIATRIC,1,,General/routine,NATIONAL,B,
IRN,2023,HEPB_PEDIATRIC,2,RISKGROUPS,Risk group(s),NATIONAL,M2,doses at 2 and 6 months for children with contraindication of pertussis vaccine
IRN,2023,HEPB_PEDIATRIC,3,RISKGROUPS,Risk group(s),NATIONAL,M6,doses at 2 and 6 months for children with contraindication of pertussis vaccine
IRN,2023,HIB,1,RISKGROUPS,Risk group(s),NATIONAL,M2,children with contraindication of pertussis vaccine
IRN,2023,HIB,2,RISKGROUPS,Risk group(s),NATIONAL,M4,children with contraindication of pertussis vaccine
IRN,2023,HIB,3,RISKGROUPS,Risk group(s),NATIONAL,M6,children with contraindication of pertussis vaccine
IRN,2023,HPV2,2,RISKGROUPS,Risk group(s),NATIONAL,<Y25,"No specific target group, however this vaccine is distributed by the private sector"
IRN,2023,HPV2,1,RISKGROUPS,Risk group(s),NATIONAL,<Y25,"No specific target group, however this vaccine is distributed by the private sector"
IRN,2023,HPV4,1,RISKGROUPS,Risk group(s),NATIONAL,<Y25,No specific target group however this vaccine is distributed by the private sector
IRN,2023,HPV4,2,RISKGROUPS,Risk group(s),NATIONAL,<Y25,No specific target group however this vaccine is distributed by the private sector
IRN,2023,INFLUENZA_ADULT,1,ADULTS,Adults,NATIONAL,>Y65,
IRN,2023,INFLUENZA_ADULT,1,HW,Health workers,NATIONAL,,Health and care workers
IRN,2023,INFLUENZA_ADULT,1,PW,Pregnant women,NATIONAL,,Pregnant women
IRN,2023,INFLUENZA_ADULT,1,RISKGROUPS,Risk group(s),NATIONAL,,"Adults with chronic conditions, residents living in long-term care facilities"
IRN,2023,INFLUENZA_PEDIATRIC,1,,General/routine,NATIONAL,M6-M59,
IRN,2023,INFLUENZA_PEDIATRIC,1,RISKGROUPS,Risk group(s),NATIONAL,,Children with chronic conditions
IRN,2023,IPV,1,,General/routine,NATIONAL,M4,
IRN,2023,IPV,2,,General/routine,NATIONAL,M6,
IRN,2023,MEN_ACYW_135CONJ,1,RISKGROUPS,Risk group(s),NATIONAL,,"outbreak response in dormitories or prisons, military and for Haj pilgrims"
IRN,2023,MMR,1,,General/routine,NATIONAL,M12,
IRN,2023,MMR,2,,General/routine,NATIONAL,M18,
IRN,2023,MR,1,RISKGROUPS,Risk group(s),NATIONAL,,outbreak response
IRN,2023,OPV,1,,General/routine,NATIONAL,B,
IRN,2023,OPV,2,,General/routine,NATIONAL,M2,
IRN,2023,OPV,3,,General/routine,NATIONAL,M4,
IRN,2023,OPV,4,,General/routine,NATIONAL,M6,
IRN,2023,OPV,5,,General/routine,NATIONAL,M18,
IRN,2023,OPV,6,,General/routine,NATIONAL,Y6,
IRN,2023,PCV13,1,RISKGROUPS,Risk group(s),NATIONAL,,"high risk groups, this vaccine is distributed by private sector"
IRN,2023,PPV23,1,RISKGROUPS,Risk group(s),NATIONAL,,"High risk groups for pneumococcal infections, this vaccine distributed by private sector"
IRN,2023,RABIES,1,RISKGROUPS,Risk group(s),NATIONAL,,animal bite cases and high-risk groups
IRN,2023,TD_S,2,ADULTS,Adults,NATIONAL,Y25,The booster dose of Td vaccine is recommended at 15 Y/O and repeated every 10 years later
IRN,2023,TD_S,3,ADULTS,Adults,NATIONAL,+Y10,The booster dose of Td vaccine is recommended at 15 Y/O and repeated every 10 years later
IRN,2023,TD_S,1,B_ADO_W,General/routine,NATIONAL,Y15,Recommended at 15 Y/O and repeated every 10 years later
IRN,2023,VARICELLA,1,RISKGROUPS,Risk group(s),NATIONAL,,"children with lymphatic and hematologic malignancies and their siblings, multiple sclerosis patients who have negative serology test for varicella"
IRN,2023,YF,1,TRAVELLERS,Travellers,NATIONAL,,travellers to endemic countries
IRQ,2023,BCG,1,,General/routine,NATIONAL,B,
IRQ,2023,DT,1,RISKGROUPS,Risk group(s),NATIONAL,,High risk groups
IRQ,2023,DTWP,4,B_2YL_W,General/routine,NATIONAL,M18,
IRQ,2023,DTWP,5,B_CHILD_W,General/routine,NATIONAL,Y4-Y6,
IRQ,2023,DTWPHIBHEPB,1,,General/routine,NATIONAL,M2,
IRQ,2023,DTWPHIBHEPB,2,,General/routine,NATIONAL,M4,
IRQ,2023,DTWPHIBHEPB,3,,General/routine,NATIONAL,M6,
IRQ,2023,HEPA_ADULT,1,RISKGROUPS,Risk group(s),NATIONAL,,High risk groups
IRQ,2023,HEPA_PEDIATRIC,1,RISKGROUPS,Risk group(s),NATIONAL,,High risk groups
IRQ,2023,HEPB_ADULT,1,RISKGROUPS,Risk group(s),NATIONAL,,High risk groups
IRQ,2023,HEPB_PEDIATRIC,1,,General/routine,NATIONAL,B,
IRQ,2023,INFLUENZA_ADULT,1,ADULTS,Adults,NATIONAL,>Y18,and older persons >60 years
IRQ,2023,INFLUENZA_ADULT,1,HW,Health workers,NATIONAL,,Health and care workers
IRQ,2023,INFLUENZA_ADULT,1,PW,Pregnant women,NATIONAL,,Pregnant women
IRQ,2023,INFLUENZA_ADULT,1,RISKGROUPS,Risk group(s),NATIONAL,,"Adults with chronic conditons, residents living in long-term care facilities, other groups"
IRQ,2023,INFLUENZA_PEDIATRIC,1,,General/routine,NATIONAL,>=M6,
IRQ,2023,INFLUENZA_PEDIATRIC,2,,General/routine,NATIONAL,>=M6,
IRQ,2023,INFLUENZA_PEDIATRIC,1,RISKGROUPS,Risk group(s),NATIONAL,,Children with chronic conditions
IRQ,2023,IPV,1,,General/routine,NATIONAL,M4,
IRQ,2023,IPV,2,,General/routine,NATIONAL,M6,
IRQ,2023,MEASLES,1,,General/routine,NATIONAL,M9,
IRQ,2023,MEN_ACYW_135CONJ,1,RISKGROUPS,Risk group(s),NATIONAL,,High risk groups
IRQ,2023,MMR,1,,General/routine,NATIONAL,M12,
IRQ,2023,MMR,2,,General/routine,NATIONAL,M18,
IRQ,2023,OPV,1,,General/routine,NATIONAL,B,
IRQ,2023,OPV,2,,General/routine,NATIONAL,M2,
IRQ,2023,OPV,3,,General/routine,NATIONAL,M4,
IRQ,2023,OPV,4,,General/routine,NATIONAL,M6,
IRQ,2023,OPV,5,,General/routine,NATIONAL,M18,
IRQ,2023,OPV,6,,General/routine,NATIONAL,Y4-Y6,
IRQ,2023,PCV13,1,,General/routine,NATIONAL,M2,
IRQ,2023,PCV13,2,,General/routine,NATIONAL,M4,
IRQ,2023,PCV13,3,,General/routine,NATIONAL,M6,
IRQ,2023,PPV23,1,RISKGROUPS,Risk group(s),NATIONAL,,High risk groups
IRQ,2023,RABIES,1,RISKGROUPS,Risk group(s),NATIONAL,,High risk groups
IRQ,2023,ROTAVIRUS_1,1,,General/routine,NATIONAL,M2,
IRQ,2023,ROTAVIRUS_1,2,,General/routine,NATIONAL,M4,
IRQ,2023,TD_S,1,ADULTS,Adults,NATIONAL,1st contact,
IRQ,2023,TD_S,2,ADULTS,Adults,NATIONAL,+M1,
IRQ,2023,TD_S,3,ADULTS,Adults,NATIONAL,+M6,
IRQ,2023,TD_S,4,ADULTS,Adults,NATIONAL,+Y1,
IRQ,2023,TD_S,5,ADULTS,Adults,NATIONAL,+Y1,
IRQ,2023,TD_S,1,,General/routine,NATIONAL,>Y7,
IRQ,2023,VITAMINA,1,,General/routine,NATIONAL,M9,
IRQ,2023,VITAMINA,2,,General/routine,NATIONAL,M18,
IRQ,2023,VITAMINA,3,,General/routine,NATIONAL,Y4-Y6,
IRQ,2023,YF,1,RISKGROUPS,Risk group(s),NATIONAL,,High risk groups
ISL,2023,DTAPHIBIPV,1,,General/routine,NATIONAL,M3,
ISL,2023,DTAPHIBIPV,2,,General/routine,NATIONAL,M5,
ISL,2023,DTAPHIBIPV,3,,General/routine,NATIONAL,M12,
ISL,2023,HEPB_ADULT,1,HW,Health workers,NATIONAL,,"Risk groups: Persons in households with a hepatitis B infected person, healthcare workers whose duties expose them to blood or blood products, patients who require frequent transfusions of blood products or undergo haemodialysis, IV drug users, MSM"
ISL,2023,HEPB_ADULT,1,RISKGROUPS,Risk group(s),NATIONAL,,"Risk groups: Persons in households with a hepatitis B infected person, healthcare workers whose duties expose them to blood or blood products, patients who require frequent transfusions of blood products or undergo haemodialysis, IV drug users, MSM"
ISL,2023,HPV9,1,BOTH,HPV administered to females and males,NATIONAL,Y12,Gender neutral and switch to HPV9 from birth cohort 2011
ISL,2023,HPV9,2,BOTH,HPV administered to females and males,NATIONAL,+M6,Gender neutral and switch to HPV9 from birth cohort 2011
ISL,2023,INFLUENZA_ADULT,1,ADULTS,Adults,NATIONAL,>=Y60,
ISL,2023,INFLUENZA_ADULT,1,HW,Health workers,NATIONAL,,Health and care workers
ISL,2023,INFLUENZA_ADULT,1,PW,Pregnant women,NATIONAL,,Pregnant women
ISL,2023,INFLUENZA_ADULT,1,RISKGROUPS,Risk group(s),NATIONAL,,"Adults with chronic conditions, residents living in long-term care facilities"
ISL,2023,INFLUENZA_PEDIATRIC,1,,General/routine,NATIONAL,M6-M36,
ISL,2023,INFLUENZA_PEDIATRIC,2,,General/routine,NATIONAL,Y3-Y17,
ISL,2023,INFLUENZA_PEDIATRIC,1,RISKGROUPS,Risk group(s),NATIONAL,,Children with chronic conditions
ISL,2023,MEN_ACYW_135CONJ,1,,General/routine,NATIONAL,M12,Change from menC M6 and M8 TO menACYW M12 ~April 2023
ISL,2023,MEN_C_CONJ,1,,General/routine,NATIONAL,M6,Change from menC M6 and M8 TO menACYW M12 ~April 2023
ISL,2023,MEN_C_CONJ,2,,General/routine,NATIONAL,M8,Change from menC M6 and M8 TO menACYW M12 ~April 2023
ISL,2023,MMR,1,,General/routine,NATIONAL,M18,
ISL,2023,MMR,2,,General/routine,NATIONAL,Y12,
ISL,2023,MPOX,1,HW,Health workers,,,Target groups are those eligible for HIV PrEP as assessed by the ID department at Landspitali University Hospital and HCWs in certain departments where exposure without knowledge of MPOX diagnosis is possible (if unlikely). Two dose dose-sparing regime used.
ISL,2023,MPOX,2,HW,Health workers,,,Target groups are those eligible for HIV PrEP as assessed by the ID department at Landspitali University Hospital and HCWs in certain departments where exposure without knowledge of MPOX diagnosis is possible (if unlikely). Two dose dose-sparing regime used.
ISL,2023,MPOX,1,RISKGROUPS,Risk group(s),,,Target groups are those eligible for HIV PrEP as assessed by the ID department at Landspitali University Hospital and HCWs in certain departments where exposure without knowledge of MPOX diagnosis is possible (if unlikely). Two dose dose-sparing regime used.
ISL,2023,MPOX,2,RISKGROUPS,Risk group(s),,,Target groups are those eligible for HIV PrEP as assessed by the ID department at Landspitali University Hospital and HCWs in certain departments where exposure without knowledge of MPOX diagnosis is possible (if unlikely). Two dose dose-sparing regime used.
ISL,2023,PCV_15_VALENT,1,,General/routine,NATIONAL,M3,
ISL,2023,PCV_15_VALENT,2,,General/routine,NATIONAL,M5,
ISL,2023,PCV_15_VALENT,3,,General/routine,NATIONAL,M12,
ISL,2023,TDAP_S,4,B_CHILD_W,General/routine,NATIONAL,Y4,
ISL,2023,TDAP_S,1,PW,Pregnant women,NATIONAL,,Pregnant women in 3rd trimester from May 2019
ISL,2023,TDAP_S_IPV,5,B_ADO_W,General/routine,NATIONAL,Y14,
ISL,2023,TDAP_S_IPV,1,PW,Pregnant women,NATIONAL,,May be used for pregnant women in 3rd trimester if IPV indicated or Tdap shortage as of May 2019
ISL,2023,VARICELLA,1,,General/routine,NATIONAL,M18,Birth cohort 2019 and later
ISL,2023,VARICELLA,2,,General/routine,NATIONAL,M30,Birth cohort 2019 and later
ISR,2022,BCG,1,RISKGROUPS,Risk group(s),NATIONAL,,Risk groups
ISR,2022,DT,1,RISKGROUPS,Risk group(s),NATIONAL,M2,if pertussis contraindicated
ISR,2022,DT,2,RISKGROUPS,Risk group(s),NATIONAL,M4,if pertussis contraindicated
ISR,2022,DT,3,RISKGROUPS,Risk group(s),NATIONAL,M6,if pertussis contraindicated
ISR,2022,DT,4,RISKGROUPS,Risk group(s),NATIONAL,M12,if pertussis contraindicated
ISR,2022,DTAPHIBIPV,1,,General/routine,NATIONAL,M2,
ISR,2022,DTAPHIBIPV,2,,General/routine,NATIONAL,M4,
ISR,2022,DTAPHIBIPV,3,,General/routine,NATIONAL,M6,
ISR,2022,DTAPHIBIPV,4,B_2YL_W,General/routine,NATIONAL,M12,
ISR,2022,HEPA_ADULT,1,RISKGROUPS,Risk group(s),NATIONAL,,Risk groups
ISR,2022,HEPA_ADULT,1,TRAVELLERS,Travellers,NATIONAL,,Travellers
ISR,2022,HEPA_PEDIATRIC,1,,General/routine,NATIONAL,M18,
ISR,2022,HEPA_PEDIATRIC,2,,General/routine,NATIONAL,M24,
ISR,2022,HEPB_ADULT,1,RISKGROUPS,Risk group(s),NATIONAL,,Risk groups
ISR,2022,HEPB_ADULT,1,TRAVELLERS,Travellers,NATIONAL,,Travellers
ISR,2022,HEPB_PEDIATRIC,1,,General/routine,NATIONAL,B,
ISR,2022,HEPB_PEDIATRIC,2,,General/routine,NATIONAL,M1,
ISR,2022,HEPB_PEDIATRIC,3,,General/routine,NATIONAL,M6,
ISR,2022,HEPB_PEDIATRIC,1,RISKGROUPS,Risk group(s),NATIONAL,,Risk groups
ISR,2022,HPV9,1,BOTH,HPV administered to females and males,NATIONAL,Y13,females and males
ISR,2022,HPV9,2,BOTH,HPV administered to females and males,NATIONAL,+M6,females and males
ISR,2022,INFLUENZA_ADULT,1,ADULTS,Adults,NATIONAL,>Y18,and older persons 65+
ISR,2022,INFLUENZA_ADULT,1,HW,Health workers,NATIONAL,,Health and care workers
ISR,2022,INFLUENZA_ADULT,1,PW,Pregnant women,NATIONAL,,Pregnant women
ISR,2022,INFLUENZA_ADULT,1,RISKGROUPS,Risk group(s),NATIONAL,,"Adults with chronic conditions, residents living in long-term care facilities, travellers (i.e. Hajj), other groups"
ISR,2022,INFLUENZA_PEDIATRIC,2,,General/routine,NATIONAL,Y5-Y18,
ISR,2022,INFLUENZA_PEDIATRIC,1,,General/routine,NATIONAL,M6-M59,
ISR,2022,INFLUENZA_PEDIATRIC,1,RISKGROUPS,Risk group(s),NATIONAL,,Children with chronic conditions
ISR,2022,IPV,1,CATCHUP_A,Catch-up adults,NATIONAL,,Adult catch-up
ISR,2022,IPV,1,CATCHUP_C,Catch-up children,NATIONAL,,Catch-up
ISR,2022,IPV,1,RISKGROUPS,Risk group(s),NATIONAL,,Risk groups
ISR,2022,JE_INACTD,1,TRAVELLERS,Travellers,NATIONAL,,Travellers
ISR,2022,MEN_ACYW_135CONJ,1,RISKGROUPS,Risk group(s),NATIONAL,,Risk groups
ISR,2022,MEN_B,1,RISKGROUPS,Risk group(s),NATIONAL,,Risk groups
ISR,2022,MMRV,1,,General/routine,NATIONAL,M12,
ISR,2022,MMRV,2,,General/routine,NATIONAL,Y6,
ISR,2022,OPV,1,,General/routine,NATIONAL,M6,
ISR,2022,OPV,2,,General/routine,NATIONAL,M18,
ISR,2022,PCV13,1,,General/routine,NATIONAL,M2,
ISR,2022,PCV13,2,,General/routine,NATIONAL,M4,
ISR,2022,PCV13,3,,General/routine,NATIONAL,M12,
ISR,2022,PCV13,3,RISKGROUPS,Risk group(s),NATIONAL,M6,"M2, M4, M6, M12 for risk groups"
ISR,2022,PPV23,1,ADULTS,Adults,NATIONAL,>=Y65,
ISR,2022,PPV23,1,RISKGROUPS,Risk group(s),NATIONAL,,At-risk groups
ISR,2022,ROTAVIRUS_5,1,,General/routine,NATIONAL,M2,
ISR,2022,ROTAVIRUS_5,2,,General/routine,NATIONAL,M4,
ISR,2022,ROTAVIRUS_5,3,,General/routine,NATIONAL,M6,
ISR,2022,TBE_ADULT,1,TRAVELLERS,Travellers,NATIONAL,,Travellers (paediatric and adult)
ISR,2022,TBE_PEDIATRIC,1,TRAVELLERS,Travellers,NATIONAL,,Travellers (paediatric and adult)
ISR,2022,TD_S,1,ADULTS,Adults,NATIONAL,,Every ten years to adult population
ISR,2022,TD_S,1,RISKGROUPS,Risk group(s),NATIONAL,1st contact,"Wound management, +Y5 if the wound is deep"
ISR,2022,TD_S,2,RISKGROUPS,Risk group(s),NATIONAL,+Y5,"Wound management, +Y5 if the wound is deep"
ISR,2022,TDAP_S,6,B_ADO_W,General/routine,NATIONAL,Y13,Booster dose in school children
ISR,2022,TDAP_S,1,PW,Pregnant women,NATIONAL,,Pregnant women
ISR,2022,TDAP_S,1,RISKGROUPS,Risk group(s),NATIONAL,,Risk groups
ISR,2022,TDAP_S_IPV,5,B_CHILD_W,General/routine,NATIONAL,Y7,Booster dose in school children
ISR,2022,TDAP_S_IPV,1,RISKGROUPS,Risk group(s),NATIONAL,,At-risk adults
ISR,2022,TT,1,RISKGROUPS,Risk group(s),NATIONAL,,Tetanus prophilaxis in wound management
ISR,2022,TYPHOID_CONJ,1,TRAVELLERS,Travellers,NATIONAL,,Travellers
ISR,2022,TYPHOID_PS,1,TRAVELLERS,Travellers,NATIONAL,,Travellers
ISR,2022,TYPHOIDHEPA,1,TRAVELLERS,Travellers,NATIONAL,,Travellers
ISR,2022,VARICELLA,1,CATCHUP_A,Catch-up adults,NATIONAL,,Catch-up adults
ISR,2022,VARICELLA,1,CATCHUP_C,Catch-up children,NATIONAL,,Catch-up children
ISR,2022,VARICELLA,1,RISKGROUPS,Risk group(s),NATIONAL,,Risk groups
ISR,2022,YF,1,TRAVELLERS,Travellers,NATIONAL,,Travellers
ISR,2022,ZOSTER,1,ADULTS,Adults,NATIONAL,>=Y60,>=Y60 all population + >=18 for risk group
ISR,2022,ZOSTER,1,RISKGROUPS,Risk group(s),NATIONAL,>=Y18,>=Y60 all population + >=18 for risk group
ITA,2023,BCG,1,HW,Health workers,NATIONAL,,Health workers at high risk
ITA,2023,DTAPHIBHEPBIPV,1,,General/routine,NATIONAL,M3,
ITA,2023,DTAPHIBHEPBIPV,2,,General/routine,NATIONAL,M5,
ITA,2023,DTAPHIBHEPBIPV,3,,General/routine,NATIONAL,M11,
ITA,2023,DTAPIPV,4,B_CHILD_W,General/routine,NATIONAL,Y6,
ITA,2023,HEPA_ADULT,1,RISKGROUPS,Risk group(s),NATIONAL,,"Recommended for persons with clinical, behavioral or occupational risks"
ITA,2023,HEPA_PEDIATRIC,1,,General/routine,SUBNATIONAL,M13-M14,Endemic region
ITA,2023,HEPA_PEDIATRIC,2,,General/routine,SUBNATIONAL,M24,Endemic region
ITA,2023,HEPB_ADULT,1,RISKGROUPS,Risk group(s),NATIONAL,,"Recommended for persons with clinical, behavioral or occupational risks"
ITA,2023,HPV9,1,BOTH,HPV administered to females and males,NATIONAL,Y11,"females and males x2 doses, and MSM x3 doses"
ITA,2023,HPV9,2,BOTH,HPV administered to females and males,NATIONAL,+M6,"females and males x2 doses, and MSM x3 doses"
ITA,2023,HPV9,1,RISKGROUPS,Risk group(s),NATIONAL,,MSM x3 doses
ITA,2023,MEN_ACYW_135CONJ,1,,General/routine,NATIONAL,M13-M15,Recommended since august 2023 instead of monovalent C
ITA,2023,MEN_ACYW_135CONJ,2,,General/routine,NATIONAL,Y12-Y18,
ITA,2023,MEN_B,1,,General/routine,NATIONAL,M3,
ITA,2023,MEN_B,2,,General/routine,NATIONAL,M5-M6,
ITA,2023,MEN_B,3,,General/routine,NATIONAL,M12-M15,
ITA,2023,MEN_C_CONJ,1,,General/routine,NATIONAL,M13-M15,as of august 2023 replaced with MEN ACWY
ITA,2023,MEN_C_CONJ,1,RISKGROUPS,Risk group(s),NATIONAL,,Subjects of all ages with clinical indications
ITA,2023,MMR,1,,General/routine,NATIONAL,M13-M15,
ITA,2023,MMR,2,,General/routine,NATIONAL,Y5-Y6,
ITA,2023,MMR,1,HW,Health workers,NATIONAL,,Health workers
ITA,2023,MMR,1,RISKGROUPS,Risk group(s),NATIONAL,,Risk groups
ITA,2023,MMRV,2,,General/routine,NATIONAL,Y5-Y6,
ITA,2023,MMRV,1,,General/routine,NATIONAL,M13-M15,
ITA,2023,MMRV,1,HW,Health workers,NATIONAL,,Health workers
ITA,2023,MMRV,1,RISKGROUPS,Risk group(s),NATIONAL,,Risk groups
ITA,2023,PCV13,1,ADULTS,Adults,NATIONAL,>=Y65,
ITA,2023,PCV13,2,,General/routine,NATIONAL,M5,
ITA,2023,PCV13,3,,General/routine,NATIONAL,M11,
ITA,2023,PCV13,1,,General/routine,NATIONAL,M3,
ITA,2023,PCV13,1,RISKGROUPS,Risk group(s),NATIONAL,,Subjects of all ages with clinical indications
ITA,2023,PPV23,1,ADULTS,Adults,NATIONAL,>=Y65,
ITA,2023,ROTAVIRUS_1,1,,General/routine,NATIONAL,M3,RV1 or RV5 vaccine administered; 3rd dose depends on vaccine presentation
ITA,2023,ROTAVIRUS_1,2,,General/routine,NATIONAL,M5,RV1 or RV5 vaccine administered; 3rd dose depends on vaccine presentation
ITA,2023,ROTAVIRUS_5,1,,General/routine,NATIONAL,M3,RV1 or RV5 vaccine administered; 3rd dose depends on vaccine presentation
ITA,2023,ROTAVIRUS_5,2,,General/routine,NATIONAL,M5,RV1 or RV5 vaccine administered; 3rd dose depends on vaccine presentation
ITA,2023,ROTAVIRUS_5,3,,General/routine,NATIONAL,M7,RV1 or RV5 vaccine administered; 3rd dose depends on vaccine presentation
ITA,2023,TDAP_S,1,ADULTS,Adults,NATIONAL,1st contact,Every 10 years
ITA,2023,TDAP_S,2,ADULTS,Adults,NATIONAL,+Y10,Every 10 years
ITA,2023,TDAP_S,3,ADULTS,Adults,NATIONAL,+Y10,Every 10 years
ITA,2023,TDAP_S,4,ADULTS,Adults,NATIONAL,+Y10,Every 10 years
ITA,2023,TDAP_S,5,ADULTS,Adults,NATIONAL,+Y10,Every 10 years
ITA,2023,TDAP_S,6,ADULTS,Adults,NATIONAL,+Y10,Every 10 years
ITA,2023,TDAP_S,1,PW,Pregnant women,NATIONAL,,Pregnant women
ITA,2023,TDAP_S_IPV,5,B_ADO_W,General/routine,NATIONAL,Y12-Y18,
ITA,2023,VARICELLA,2,,General/routine,NATIONAL,Y5-Y6,
ITA,2023,VARICELLA,1,,General/routine,NATIONAL,M13-M15,
ITA,2023,VARICELLA,1,HW,Health workers,NATIONAL,,Health workers
ITA,2023,VARICELLA,1,RISKGROUPS,Risk group(s),NATIONAL,,Risk groups
ITA,2023,ZOSTER,1,ADULTS,Adults,NATIONAL,Y65,
JAM,2023,BCG,1,,General/routine,NATIONAL,B,Birth cohort
JAM,2023,DT,1,RISKGROUPS,Risk group(s),NATIONAL,W6,Children <7Y with pertussis contraindication
JAM,2023,DT,2,RISKGROUPS,Risk group(s),NATIONAL,M3,Children <7Y with pertussis contraindication
JAM,2023,DT,3,RISKGROUPS,Risk group(s),NATIONAL,M6,Children <7Y with pertussis contraindication
JAM,2023,DT,4,RISKGROUPS,Risk group(s),NATIONAL,M18,Children <7Y with pertussis contraindication
JAM,2023,DT,5,RISKGROUPS,Risk group(s),NATIONAL,Y4-Y6,Children <7Y with pertussis contraindication
JAM,2023,DTWP,4,B_2YL_W,General/routine,NATIONAL,M18,Children <7 yrs
JAM,2023,DTWP,5,B_CHILD_W,General/routine,NATIONAL,Y4-Y6,Children <7 yrs
JAM,2023,DTWPHIBHEPB,1,,General/routine,NATIONAL,W6,Routine
JAM,2023,DTWPHIBHEPB,2,,General/routine,NATIONAL,M3,Routine
JAM,2023,DTWPHIBHEPB,3,,General/routine,NATIONAL,M6,Routine
JAM,2023,HEPB_ADULT,1,HW,Health workers,NATIONAL,1st contact,HCWs
JAM,2023,HEPB_ADULT,2,HW,Health workers,NATIONAL,+W4,HCWs
JAM,2023,HEPB_ADULT,3,HW,Health workers,NATIONAL,+M6,HCWs
JAM,2023,HEPB_ADULT,3,RISKGROUPS,Risk group(s),NATIONAL,+M6,Contacts of HepB positive cases
JAM,2023,HEPB_ADULT,2,RISKGROUPS,Risk group(s),NATIONAL,+W4,Contacts of HepB positive cases
JAM,2023,HEPB_ADULT,1,RISKGROUPS,Risk group(s),NATIONAL,1st contact,Contacts of HepB positive cases
JAM,2023,HEPB_PEDIATRIC,1,,General/routine,NATIONAL,B,Birth cohort
JAM,2023,HEPB_PEDIATRIC,2,RISKGROUPS,Risk group(s),NATIONAL,M3,Children <1 year who are not eligible to receive the pentavalent vaccine with whole cell pertussis
JAM,2023,HEPB_PEDIATRIC,3,RISKGROUPS,Risk group(s),NATIONAL,M6,Children <1 year who are not eligible to receive the pentavalent vaccine with whole cell pertussis
JAM,2023,HEPB_PEDIATRIC,1,RISKGROUPS,Risk group(s),NATIONAL,W6,Children <1 year who are not eligible to receive the pentavalent vaccine with whole cell pertussis
JAM,2023,HIB,1,RISKGROUPS,Risk group(s),NATIONAL,W6,Children <1 year who are not eligible to receive the pentavalent vaccine with whole cell pertussis
JAM,2023,HIB,2,RISKGROUPS,Risk group(s),NATIONAL,M3,Children <1 year who are not eligible to receive the pentavalent vaccine with whole cell pertussis
JAM,2023,HIB,3,RISKGROUPS,Risk group(s),NATIONAL,M6,Children <1 year who are not eligible to receive the pentavalent vaccine with whole cell pertussis
JAM,2023,HPV4,1,BOTH,HPV administered to females and males,NATIONAL,Y11-Y12,"Females 9-26 years, Males 9-14 years (Main target is secondary school entry (grade 7) which is children Y11-12)"
JAM,2023,HPV4,2,BOTH,HPV administered to females and males,NATIONAL,+M6,"Females 9-26 years, Males 9-14 years (Main target is secondary school entry (grade 7) which is children Y11-12)"
JAM,2023,HPV4,1,RISKGROUPS,Risk group(s),NATIONAL,1st contact,Persons who are immunocompromised receive the 2nd dose at +M1 and the 3rd dose at +M6
JAM,2023,HPV4,2,RISKGROUPS,Risk group(s),NATIONAL,+M1,Persons who are immunocompromised receive the 2nd dose at +M1 and the 3rd dose at +M6
JAM,2023,HPV4,3,RISKGROUPS,Risk group(s),NATIONAL,+M6,Persons who are immunocompromised receive the 2nd dose at +M1 and the 3rd dose at +M6
JAM,2023,INFLUENZA_ADULT,1,ADULTS,Adults,NATIONAL,>=Y65,
JAM,2023,INFLUENZA_ADULT,1,HW,Health workers,NATIONAL,,Health and care workers
JAM,2023,INFLUENZA_ADULT,1,PW,Pregnant women,NATIONAL,,Pregnant women
JAM,2023,INFLUENZA_ADULT,1,RISKGROUPS,Risk group(s),NATIONAL,,"Adults with chronic conditions, residents living in long-term care facilities, other groups"
JAM,2023,INFLUENZA_PEDIATRIC,2,,General/routine,NATIONAL,M36-Y17,
JAM,2023,INFLUENZA_PEDIATRIC,1,,General/routine,NATIONAL,M6-M35,
JAM,2023,INFLUENZA_PEDIATRIC,1,RISKGROUPS,Risk group(s),NATIONAL,,Children with chronic conditions
JAM,2023,IPV,1,,General/routine,NATIONAL,W6,Routine
JAM,2023,IPV,3,,General/routine,NATIONAL,M6,Routine
JAM,2023,MMR,1,,General/routine,NATIONAL,M12,Routine
JAM,2023,MMR,2,,General/routine,NATIONAL,M18,Routine
JAM,2023,OPV,2,,General/routine,NATIONAL,M3,Routine
JAM,2023,OPV,4,,General/routine,NATIONAL,M18,Routine
JAM,2023,OPV,5,,General/routine,NATIONAL,Y4-Y6,Routine
JAM,2023,PCV13,1,RISKGROUPS,Risk group(s),NATIONAL,W6,Persons with Downs Syndrome and Sickle Cell Disease
JAM,2023,PCV13,2,RISKGROUPS,Risk group(s),NATIONAL,M3,Persons with Downs Syndrome and Sickle Cell Disease
JAM,2023,PCV13,3,RISKGROUPS,Risk group(s),NATIONAL,M6,Persons with Downs Syndrome and Sickle Cell Disease
JAM,2023,PCV13,4,RISKGROUPS,Risk group(s),NATIONAL,M15,Persons with Downs Syndrome and Sickle Cell Disease
JAM,2023,PPV23,1,RISKGROUPS,Risk group(s),NATIONAL,Y4,Persons with Sickle Cell Disease
JAM,2023,TD_S,1,ADULTS,Adults,NATIONAL,1st contact,"pregnant women and adults, 10 year booster given to risk groups"
JAM,2023,TD_S,2,ADULTS,Adults,NATIONAL,+M1,"pregnant women and adults, 10 year booster given to risk groups"
JAM,2023,TD_S,3,ADULTS,Adults,NATIONAL,+M6,"pregnant women and adults, 10 year booster given to risk groups"
JAM,2023,TD_S,4,ADULTS,Adults,NATIONAL,+Y1,"pregnant women and adults, 10 year booster given to risk groups"
JAM,2023,TD_S,5,ADULTS,Adults,NATIONAL,+Y1,"pregnant women and adults, 10 year booster given to risk groups"
JAM,2023,TD_S,6,B_ADO_W,General/routine,NATIONAL,Y11-Y12,Routine
JAM,2023,TD_S,2,PW,Pregnant women,NATIONAL,+M1,"pregnant women and adults, 10 year booster given to risk groups"
JAM,2023,TD_S,1,PW,Pregnant women,NATIONAL,1st contact,"pregnant women and adults, 10 year booster given to risk groups"
JAM,2023,TD_S,5,PW,Pregnant women,NATIONAL,+Y1,"pregnant women and adults, 10 year booster given to risk groups"
JAM,2023,TD_S,4,PW,Pregnant women,NATIONAL,+Y1,"pregnant women and adults, 10 year booster given to risk groups"
JAM,2023,TD_S,3,PW,Pregnant women,NATIONAL,+M6,"pregnant women and adults, 10 year booster given to risk groups"
JAM,2023,TD_S,6,RISKGROUPS,Risk group(s),NATIONAL,+Y10,"pregnant women and adults, 10 year booster given to risk groups"
JAM,2023,YF,1,TRAVELLERS,Travellers,NATIONAL,>M12,Travellers to endemic countries
JOR,2023,BCG,1,,General/routine,NATIONAL,B,
JOR,2023,DTAPHIBHEPBIPV,1,,General/routine,NATIONAL,M3,
JOR,2023,DTAPHIBHEPBIPV,2,,General/routine,NATIONAL,M4,
JOR,2023,DTAPHIBHEPBIPV,3,,General/routine,NATIONAL,M5,
JOR,2023,DTWP,4,B_2YL_W,General/routine,NATIONAL,M18,
JOR,2023,HEPB_ADULT,1,,General/routine,NATIONAL,Y15,
JOR,2023,HEPB_ADULT,3,,General/routine,NATIONAL,+M6,
JOR,2023,HEPB_ADULT,2,,General/routine,NATIONAL,+M1,
JOR,2023,HEPB_ADULT,2,HW,Health workers,NATIONAL,+M1,Healthcare workers before clinical work
JOR,2023,HEPB_ADULT,3,HW,Health workers,NATIONAL,+M6,Healthcare workers before clinical work
JOR,2023,HEPB_ADULT,1,HW,Health workers,NATIONAL,1st contact,Healthcare workers before clinical work
JOR,2023,INFLUENZA_ADULT,1,ADULTS,Adults,NATIONAL,>Y18,and older persons
JOR,2023,INFLUENZA_ADULT,1,HW,Health workers,NATIONAL,,Health and care workers
JOR,2023,INFLUENZA_ADULT,1,PW,Pregnant women,NATIONAL,,pregnant women
JOR,2023,INFLUENZA_ADULT,1,RISKGROUPS,Risk group(s),NATIONAL,,"Adults with chronic conditions, residents living in long-term care facilities"
JOR,2023,INFLUENZA_PEDIATRIC,2,,General/routine,NATIONAL,>=M6,
JOR,2023,INFLUENZA_PEDIATRIC,1,,General/routine,NATIONAL,>=M6,
JOR,2023,INFLUENZA_PEDIATRIC,1,RISKGROUPS,Risk group(s),NATIONAL,,Children with chronic conditions
JOR,2023,MEASLES,1,,General/routine,NATIONAL,M9,
JOR,2023,MMR,1,,General/routine,NATIONAL,M12,
JOR,2023,MMR,2,,General/routine,NATIONAL,M18,
JOR,2023,OPV,1,,General/routine,NATIONAL,M4,
JOR,2023,OPV,2,,General/routine,NATIONAL,M5,
JOR,2023,OPV,3,,General/routine,NATIONAL,M9,
JOR,2023,OPV,4,,General/routine,NATIONAL,M18,
JOR,2023,OPV,5,,General/routine,NATIONAL,Y6,
JOR,2023,ROTAVIRUS_5,1,,General/routine,NATIONAL,M3,
JOR,2023,ROTAVIRUS_5,2,,General/routine,NATIONAL,M4,
JOR,2023,ROTAVIRUS_5,3,,General/routine,NATIONAL,M5,
JOR,2023,TD_S,1,B_CHILD_W,General/routine,NATIONAL,Y6,
JOR,2023,TD_S,2,B_ADO_F,General/routine,NATIONAL,Y16,
JOR,2023,TT,1,PW,Pregnant women,NATIONAL,1st contact,pregnant women
JOR,2023,TT,2,PW,Pregnant women,NATIONAL,+M1,pregnant women
JOR,2023,TT,3,PW,Pregnant women,NATIONAL,+M6,pregnant women
JOR,2023,TT,4,PW,Pregnant women,NATIONAL,+Y1,pregnant women
JOR,2023,TT,5,PW,Pregnant women,NATIONAL,+Y1,pregnant women
JOR,2023,VITAMINA,1,,General/routine,NATIONAL,M9,
JOR,2023,VITAMINA,2,,General/routine,NATIONAL,M18,
JPN,2023,BCG,1,,General/routine,NATIONAL,Y1,between M5-M8
JPN,2023,DT,5,,General/routine,NATIONAL,Y11,
JPN,2023,DTAPIPV,1,,General/routine,NATIONAL,M3,
JPN,2023,DTAPIPV,2,,General/routine,NATIONAL,M4.5,
JPN,2023,DTAPIPV,3,,General/routine,NATIONAL,M6,
JPN,2023,DTAPIPV,4,B_2YL_W,General/routine,NATIONAL,M18,
JPN,2023,HEPB_PEDIATRIC,1,,General/routine,NATIONAL,M2,
JPN,2023,HEPB_PEDIATRIC,2,,General/routine,NATIONAL,M3,
JPN,2023,HEPB_PEDIATRIC,3,,General/routine,NATIONAL,M7,
JPN,2023,HIB,1,,General/routine,NATIONAL,M2,
JPN,2023,HIB,2,,General/routine,NATIONAL,M3,
JPN,2023,HIB,3,,General/routine,NATIONAL,M4,
JPN,2023,HIB,4,,General/routine,NATIONAL,Y1,
JPN,2023,HPV2,1,FEMALE,HPV for females only,NATIONAL,Y13,
JPN,2023,HPV2,2,FEMALE,HPV for females only,NATIONAL,Y13,
JPN,2023,HPV2,3,FEMALE,HPV for females only,NATIONAL,Y13,
JPN,2023,HPV4,1,FEMALE,HPV for females only,NATIONAL,Y13,
JPN,2023,HPV4,2,FEMALE,HPV for females only,NATIONAL,Y13,
JPN,2023,HPV4,3,FEMALE,HPV for females only,NATIONAL,Y13,
JPN,2023,JE_INACTD,1,,General/routine,NATIONAL,M36,
JPN,2023,JE_INACTD,2,,General/routine,NATIONAL,M37,
JPN,2023,JE_INACTD,3,,General/routine,NATIONAL,Y4,
JPN,2023,JE_INACTD,4,,General/routine,NATIONAL,Y9,
JPN,2023,MR,1,,General/routine,NATIONAL,Y1,
JPN,2023,MR,2,,General/routine,NATIONAL,Y5,
JPN,2023,PCV13,1,,General/routine,NATIONAL,M2,
JPN,2023,PCV13,2,,General/routine,NATIONAL,M3,
JPN,2023,PCV13,3,,General/routine,NATIONAL,M4,
JPN,2023,PCV13,4,,General/routine,NATIONAL,Y1,
JPN,2023,PPV23,1,ADULTS,Adults,NATIONAL,Y65,
JPN,2023,ROTAVIRUS_1,1,,General/routine,NATIONAL,M2,
JPN,2023,ROTAVIRUS_1,2,,General/routine,NATIONAL,M3,
JPN,2023,ROTAVIRUS_5,1,,General/routine,NATIONAL,M2,
JPN,2023,ROTAVIRUS_5,2,,General/routine,NATIONAL,M3,
JPN,2023,ROTAVIRUS_5,3,,General/routine,NATIONAL,M4,
JPN,2023,VARICELLA,1,,General/routine,NATIONAL,M12,
JPN,2023,VARICELLA,2,,General/routine,NATIONAL,M18,
KAZ,2023,ANTHRAX,1,RISKGROUPS,Risk group(s),NATIONAL,,? ??????????? ??????????????? ??????? ? ?????? ????? ?? ????????????????
KAZ,2023,BCG,1,,General/routine,NATIONAL,B,
KAZ,2023,DTAP,5,B_CHILD_W,General/routine,NATIONAL,Y6,
KAZ,2023,DTAPHIBHEPBIPV,1,,General/routine,NATIONAL,M2,
KAZ,2023,DTAPHIBHEPBIPV,3,,General/routine,NATIONAL,M4,
KAZ,2023,DTAPHIBIPV,2,,General/routine,NATIONAL,M3,
KAZ,2023,DTAPHIBIPV,4,B_2YL_W,General/routine,NATIONAL,M18,
KAZ,2023,HEPA_PEDIATRIC,1,,General/routine,NATIONAL,Y2,
KAZ,2023,HEPA_PEDIATRIC,2,,General/routine,NATIONAL,Y2.5,
KAZ,2023,HEPB_ADULT,1,HW,Health workers,NATIONAL,,"?????????? ????????????, ?????????? ? ??????"
KAZ,2023,HEPB_ADULT,1,RISKGROUPS,Risk group(s),NATIONAL,,"?????????? ????????????, ?????????? ? ??????"
KAZ,2023,HEPB_PEDIATRIC,1,,General/routine,NATIONAL,B,
KAZ,2023,INFLUENZA_ADULT,1,ADULTS,Adults,NATIONAL,>Y18,and older persons
KAZ,2023,INFLUENZA_ADULT,1,HW,Health workers,NATIONAL,,Health and care workers
KAZ,2023,INFLUENZA_ADULT,1,PW,Pregnant women,NATIONAL,,Pregnant women
KAZ,2023,INFLUENZA_ADULT,1,RISKGROUPS,Risk group(s),NATIONAL,,"Adults with chronic conditions, residents living in long-term care facilities"
KAZ,2023,INFLUENZA_PEDIATRIC,1,,General/routine,NATIONAL,>=M6,
KAZ,2023,INFLUENZA_PEDIATRIC,2,,General/routine,NATIONAL,>=M6,
KAZ,2023,INFLUENZA_PEDIATRIC,1,RISKGROUPS,Risk group(s),NATIONAL,,Children with chronic conditions
KAZ,2023,MMR,1,,General/routine,NATIONAL,Y1,
KAZ,2023,MMR,2,,General/routine,NATIONAL,Y6,
KAZ,2023,OPV,1,,General/routine,NATIONAL,Y1,
KAZ,2023,PCV13,1,,General/routine,NATIONAL,M2,
KAZ,2023,PCV13,2,,General/routine,NATIONAL,M4,
KAZ,2023,PCV13,3,,General/routine,NATIONAL,M12,
KAZ,2023,RABIES,1,RISKGROUPS,Risk group(s),NATIONAL,,?? ??????????? ??????????
KAZ,2023,TBE_PEDIATRIC,1,,General/routine,SUBNATIONAL,,?????? ?????????? ??????????
KAZ,2023,TD_S,1,ADULTS,Adults,NATIONAL,Y26,
KAZ,2023,TD_S,2,ADULTS,Adults,NATIONAL,Y36,
KAZ,2023,TD_S,3,ADULTS,Adults,NATIONAL,Y46,
KAZ,2023,TD_S,4,ADULTS,Adults,NATIONAL,Y56,
KAZ,2023,TD_S,5,ADULTS,Adults,NATIONAL,Y66,
KAZ,2023,TD_S,6,B_ADO_F,General/routine,NATIONAL,Y16,
KAZ,2023,TULAREMIA,1,RISKGROUPS,Risk group(s),SUBNATIONAL,,? ????????? ?????? ?????????
KAZ,2023,TYPHOID_PS,1,RISKGROUPS,Risk group(s),NATIONAL,,?????? ????? ?? ???? ??????????????? ????????????
KEN,2023,BCG,1,,General/routine,NATIONAL,B,
KEN,2023,DTWPHIBHEPB,1,,General/routine,NATIONAL,W6,
KEN,2023,DTWPHIBHEPB,2,,General/routine,NATIONAL,W10,
KEN,2023,DTWPHIBHEPB,3,,General/routine,NATIONAL,W14,
KEN,2023,HPV4,1,FEMALE,HPV for females only,NATIONAL,Y10-Y14,from October 2019; females
KEN,2023,HPV4,2,FEMALE,HPV for females only,NATIONAL,+M6,from October 2019; females
KEN,2023,INFLUENZA_ADULT,1,ADULTS,Adults,NATIONAL,>Y18,and older persons
KEN,2023,INFLUENZA_ADULT,1,HW,Health workers,NATIONAL,,Health and care workers
KEN,2023,INFLUENZA_ADULT,1,PW,Pregnant women,NATIONAL,,Pregnant women
KEN,2023,INFLUENZA_ADULT,1,RISKGROUPS,Risk group(s),NATIONAL,,"Adults with chronic conditions, residents living in long-term care facilities, other groups"
KEN,2023,INFLUENZA_PEDIATRIC,1,,General/routine,NATIONAL,>=M6,
KEN,2023,INFLUENZA_PEDIATRIC,2,,General/routine,NATIONAL,>=M6,
KEN,2023,INFLUENZA_PEDIATRIC,1,RISKGROUPS,Risk group(s),NATIONAL,,Children with chronic conditions
KEN,2023,IPV,1,,General/routine,NATIONAL,W14,
KEN,2023,MR,1,,General/routine,NATIONAL,M9,
KEN,2023,MR,2,,General/routine,NATIONAL,M18,
KEN,2023,OPV,1,,General/routine,NATIONAL,B,
KEN,2023,OPV,2,,General/routine,NATIONAL,W6,
KEN,2023,OPV,3,,General/routine,NATIONAL,W10,
KEN,2023,OPV,4,,General/routine,NATIONAL,W14,
KEN,2023,PCV10,1,,General/routine,NATIONAL,W6,
KEN,2023,PCV10,2,,General/routine,NATIONAL,W10,
KEN,2023,PCV10,3,,General/routine,NATIONAL,W14,
KEN,2023,ROTAVIRUS_1,1,,General/routine,NATIONAL,W6,
KEN,2023,ROTAVIRUS_1,2,,General/routine,NATIONAL,W10,
KEN,2023,ROTAVIRUS_1,3,,General/routine,NATIONAL,W14,
KEN,2023,RTS_S,1,,General/routine,SUBNATIONAL,M6,pilot targeting areas with high prevalence of malaria under the malaria vaccine implementation programme
KEN,2023,RTS_S,2,,General/routine,SUBNATIONAL,M7,pilot targeting areas with high prevalence of malaria under the malaria vaccine implementation programme
KEN,2023,RTS_S,3,,General/routine,SUBNATIONAL,M9,pilot targeting areas with high prevalence of malaria under the malaria vaccine implementation programme
KEN,2023,RTS_S,4,,General/routine,SUBNATIONAL,M24,pilot targeting areas with high prevalence of malaria under the malaria vaccine implementation programme
KEN,2023,TD_S,1,PW,Pregnant women,NATIONAL,1st contact,Pregnant women
KEN,2023,TD_S,2,PW,Pregnant women,NATIONAL,+M1,Pregnant women
KEN,2023,TD_S,3,PW,Pregnant women,NATIONAL,+M6,Pregnant women
KEN,2023,TD_S,4,PW,Pregnant women,NATIONAL,+Y1,Pregnant women
KEN,2023,TD_S,5,PW,Pregnant women,NATIONAL,+Y1,Pregnant women
KEN,2023,VITAMINA,1,,General/routine,NATIONAL,M6,
KEN,2023,VITAMINA,2,,General/routine,NATIONAL,M12,
KEN,2023,VITAMINA,3,,General/routine,NATIONAL,M18,
KEN,2023,VITAMINA,4,,General/routine,NATIONAL,M24,
KEN,2023,VITAMINA,5,,General/routine,NATIONAL,M30,
KEN,2023,VITAMINA,6,,General/routine,NATIONAL,M36,
KEN,2023,YF,1,,General/routine,SUBNATIONAL,M9,
KGZ,2023,BCG,1,,General/routine,NATIONAL,B,
KGZ,2023,DT,1,B_CHILD_W,General/routine,NATIONAL,Y6,
KGZ,2023,DTWP,4,B_2YL_F,General/routine,NATIONAL,Y2,
KGZ,2023,DTWPHIBHEPB,1,,General/routine,NATIONAL,M2,???? ?? 1 ????
KGZ,2023,DTWPHIBHEPB,2,,General/routine,NATIONAL,M3.5,???? ?? 1 ????
KGZ,2023,DTWPHIBHEPB,3,,General/routine,NATIONAL,M5,???? ?? 1 ????
KGZ,2023,HEPB_PEDIATRIC,1,,General/routine,NATIONAL,B,
KGZ,2023,HPV4,1,FEMALE,HPV for females only,NATIONAL,Y11,11 ???
KGZ,2023,HPV4,2,FEMALE,HPV for females only,NATIONAL,Y11,11 ???
KGZ,2023,INFLUENZA_ADULT,1,ADULTS,Adults,NATIONAL,,Older persons
KGZ,2023,INFLUENZA_ADULT,1,HW,Health workers,NATIONAL,,Health and care workers
KGZ,2023,INFLUENZA_ADULT,1,PW,Pregnant women,NATIONAL,,Pregnant women
KGZ,2023,INFLUENZA_ADULT,1,RISKGROUPS,Risk group(s),NATIONAL,,"Adults with chronic conditions, residents living in long-term care facilities, other groups"
KGZ,2023,INFLUENZA_PEDIATRIC,2,,General/routine,NATIONAL,,
KGZ,2023,INFLUENZA_PEDIATRIC,1,,General/routine,NATIONAL,,
KGZ,2023,INFLUENZA_PEDIATRIC,1,RISKGROUPS,Risk group(s),NATIONAL,,Children with chronic conditions
KGZ,2023,IPV,1,,General/routine,NATIONAL,M3.5,
KGZ,2023,IPV,2,,General/routine,NATIONAL,M9,
KGZ,2023,MMR,1,,General/routine,NATIONAL,M12,
KGZ,2023,MMR,2,,General/routine,NATIONAL,Y6,
KGZ,2023,OPV,1,,General/routine,NATIONAL,M2,???? ?? 1 ????
KGZ,2023,OPV,2,,General/routine,NATIONAL,M3.5,???? ?? 1 ????
KGZ,2023,OPV,3,,General/routine,NATIONAL,M5,???? ?? 1 ????
KGZ,2023,PCV10,1,,General/routine,NATIONAL,M2,
KGZ,2023,PCV10,2,,General/routine,NATIONAL,M5,
KGZ,2023,PCV10,3,,General/routine,NATIONAL,M12,
KGZ,2023,ROTAVIRUS_5,1,,General/routine,NATIONAL,M2,???? ?? 1 ????
KGZ,2023,ROTAVIRUS_5,2,,General/routine,NATIONAL,M3.5,???? ?? 1 ????
KGZ,2023,ROTAVIRUS_5,3,,General/routine,NATIONAL,M5,???? ?? 1 ????
KGZ,2023,TD_S,1,B_ADO_W,General/routine,NATIONAL,Y11,
KGZ,2023,TD_S,2,,General/routine,NATIONAL,Y16,
KHM,2023,BCG,1,,General/routine,NATIONAL,B,
KHM,2023,DTWPHIBHEPB,1,,General/routine,NATIONAL,W6,
KHM,2023,DTWPHIBHEPB,2,,General/routine,NATIONAL,W10,
KHM,2023,DTWPHIBHEPB,3,,General/routine,NATIONAL,W14,
KHM,2023,HEPB_PEDIATRIC,1,,General/routine,NATIONAL,B,
KHM,2023,HPV2,1,FEMALE,HPV for females only,NATIONAL,Y9,9y
KHM,2023,IPV,1,,General/routine,NATIONAL,W14,
KHM,2023,JE_LIVEATD,1,,General/routine,NATIONAL,M9,
KHM,2023,MR,1,,General/routine,NATIONAL,M9,
KHM,2023,MR,2,,General/routine,NATIONAL,M18,
KHM,2023,MR,1,RISKGROUPS,Risk group(s),NATIONAL,M6,For responding to outbreaks temporarily
KHM,2023,OPV,1,,General/routine,NATIONAL,W6,
KHM,2023,OPV,2,,General/routine,NATIONAL,W10,
KHM,2023,OPV,3,,General/routine,NATIONAL,W14,
KHM,2023,PCV13,1,,General/routine,NATIONAL,W6,
KHM,2023,PCV13,2,,General/routine,NATIONAL,W10,
KHM,2023,PCV13,3,,General/routine,NATIONAL,W14,
KHM,2023,TD_S,1,PW,Pregnant women,NATIONAL,1st contact,Pregnant women
KHM,2023,TD_S,2,PW,Pregnant women,NATIONAL,+M1,Pregnant women
KHM,2023,TD_S,3,PW,Pregnant women,NATIONAL,+M6,Pregnant women
KHM,2023,TD_S,4,PW,Pregnant women,NATIONAL,+Y1,Pregnant women
KHM,2023,TD_S,5,PW,Pregnant women,NATIONAL,+Y1,Pregnant women
KHM,2023,VITAMINA,1,,General/routine,NATIONAL,M6-M59,Twice a year (May & November)
KHM,2023,VITAMINA,2,,General/routine,NATIONAL,M6-M59,Twice a year (May & November)
KIR,2023,BCG,1,,General/routine,NATIONAL,B-Y1,
KIR,2023,DTWP,4,B_CHILD_W,General/routine,NATIONAL,Y6,
KIR,2023,DTWPHIBHEPB,1,,General/routine,NATIONAL,W6,
KIR,2023,DTWPHIBHEPB,2,,General/routine,NATIONAL,W10,
KIR,2023,DTWPHIBHEPB,3,,General/routine,NATIONAL,W14,
KIR,2023,HEPB_PEDIATRIC,1,,General/routine,NATIONAL,B-W2,
KIR,2023,HPV4,1,FEMALE,HPV for females only,NATIONAL,Y9,Female
KIR,2023,IPV,1,,General/routine,NATIONAL,W14,
KIR,2023,MR,1,,General/routine,NATIONAL,M12,
KIR,2023,MR,2,,General/routine,NATIONAL,Y6,
KIR,2023,OPV,1,,General/routine,NATIONAL,W6,15 years and above womens
KIR,2023,OPV,2,,General/routine,NATIONAL,W10,15 years and above womens
KIR,2023,OPV,3,,General/routine,NATIONAL,W14,15 years and above womens
KIR,2023,PCV13,1,,General/routine,NATIONAL,W6,1 year
KIR,2023,PCV13,2,,General/routine,NATIONAL,W10,1 year
KIR,2023,PCV13,3,,General/routine,NATIONAL,W14,1 year
KIR,2023,ROTAVIRUS_1,1,,General/routine,NATIONAL,W6,1 year
KIR,2023,ROTAVIRUS_1,2,,General/routine,NATIONAL,W10,1 year
KIR,2023,TD_S,1,ADULTS,Adults,NATIONAL,1st contact,15 years and above womens
KIR,2023,TD_S,2,ADULTS,Adults,NATIONAL,+W4,15 years and above womens
KIR,2023,TD_S,3,ADULTS,Adults,NATIONAL,+M6,15 years and above womens
KIR,2023,TD_S,4,ADULTS,Adults,NATIONAL,+Y1,15 years and above womens
KIR,2023,TD_S,5,ADULTS,Adults,NATIONAL,+Y1,15 years and above womens
KIR,2023,TD_S,4,,General/routine,NATIONAL,+Y1,15 years and above womens
KIR,2023,TD_S,3,,General/routine,NATIONAL,+M6,15 years and above womens
KIR,2023,TD_S,2,,General/routine,NATIONAL,+W4,15 years and above womens
KIR,2023,TD_S,1,,General/routine,NATIONAL,Y15,15 years and above womens
KIR,2023,TD_S,5,,General/routine,NATIONAL,+Y1,15 years and above womens
KIR,2023,VITAMINA,1,,General/routine,NATIONAL,M6,
KIR,2023,VITAMINA,2,,General/routine,NATIONAL,M12,
KNA,2023,BCG,1,,General/routine,NATIONAL,B-M11,
KNA,2023,DT,5,B_CHILD_W,General/routine,NATIONAL,Y6,
KNA,2023,DT,6,,General/routine,NATIONAL,Y16,
KNA,2023,DTWP,4,B_2YL_W,General/routine,NATIONAL,M18,
KNA,2023,DTWP,5,B_CHILD_W,General/routine,NATIONAL,Y4.5-Y5,
KNA,2023,DTWPHIBHEPB,1,,General/routine,NATIONAL,M2,
KNA,2023,DTWPHIBHEPB,2,,General/routine,NATIONAL,M4,
KNA,2023,DTWPHIBHEPB,3,,General/routine,NATIONAL,M6,
KNA,2023,HEPB_ADULT,1,RISKGROUPS,Risk group(s),NATIONAL,,3 doses given to adults as required
KNA,2023,HEPB_PEDIATRIC,1,,General/routine,NATIONAL,B,
KNA,2023,HPV4,1,BOTH,HPV administered to females and males,NATIONAL,Y11,Given to boys and girls in grade 6 (Primary school) at 1st dose and 2nd dose six months later
KNA,2023,INFLUENZA_ADULT,1,ADULTS,Adults,NATIONAL,,Older persons
KNA,2023,INFLUENZA_ADULT,1,HW,Health workers,NATIONAL,,Health and care workers
KNA,2023,INFLUENZA_ADULT,1,PW,Pregnant women,NATIONAL,,Pregnant women
KNA,2023,INFLUENZA_ADULT,1,RISKGROUPS,Risk group(s),NATIONAL,,"Adults with chronic conditions, residents living in long-term care facilities"
KNA,2023,IPV,1,,General/routine,NATIONAL,M2,
KNA,2023,IPV,3,,General/routine,NATIONAL,M6,
KNA,2023,MMR,1,,General/routine,NATIONAL,M12,
KNA,2023,MMR,2,,General/routine,NATIONAL,M18,
KNA,2023,OPV,2,,General/routine,NATIONAL,M4,
KNA,2023,OPV,4,,General/routine,NATIONAL,M18,
KNA,2023,OPV,5,,General/routine,NATIONAL,Y4.5-Y5,
KNA,2023,OPV,6,,General/routine,NATIONAL,Y16,
KNA,2023,TD_S,6,B_ADO_F,General/routine,NATIONAL,Y16,
KNA,2023,YF,1,TRAVELLERS,Travellers,NATIONAL,,Required for travellers to endemic countries
KOR,2023,BCG,1,,General/routine,NATIONAL,B-M1,
KOR,2023,DTAP,1,,General/routine,NATIONAL,M2,
KOR,2023,DTAP,2,,General/routine,NATIONAL,M4,
KOR,2023,DTAP,3,,General/routine,NATIONAL,M6,
KOR,2023,DTAP,4,B_2YL_W,General/routine,NATIONAL,M15-M18,
KOR,2023,DTAP,5,B_CHILD_W,General/routine,NATIONAL,Y4-Y6,
KOR,2023,DTAPHIBIPV,1,,General/routine,NATIONAL,M2,
KOR,2023,DTAPHIBIPV,2,,General/routine,NATIONAL,M4,
KOR,2023,DTAPHIBIPV,3,,General/routine,NATIONAL,M6,
KOR,2023,DTAPIPV,1,,General/routine,NATIONAL,M2,
KOR,2023,DTAPIPV,2,,General/routine,NATIONAL,M4,
KOR,2023,DTAPIPV,3,,General/routine,NATIONAL,M6,
KOR,2023,DTAPIPV,4,B_CHILD_W,General/routine,NATIONAL,Y4-Y6,
KOR,2023,HEPA_PEDIATRIC,1,,General/routine,NATIONAL,M12-M23,
KOR,2023,HEPA_PEDIATRIC,2,,General/routine,NATIONAL,+M6-M18,
KOR,2023,HEPB_ADULT,1,ADULTS,Adults,NATIONAL,,older children
KOR,2023,HEPB_ADULT,1,,General/routine,NATIONAL,,older children
KOR,2023,HEPB_PEDIATRIC,1,,General/routine,NATIONAL,B-M1,
KOR,2023,HEPB_PEDIATRIC,2,,General/routine,NATIONAL,M1,
KOR,2023,HEPB_PEDIATRIC,3,,General/routine,NATIONAL,M6,
KOR,2023,HFRS,1,RISKGROUPS,Risk group(s),NATIONAL,1st contact,high risk groups
KOR,2023,HFRS,2,RISKGROUPS,Risk group(s),NATIONAL,+M1,high risk groups
KOR,2023,HFRS,3,RISKGROUPS,Risk group(s),NATIONAL,+M12,high risk groups
KOR,2023,HIB,1,,General/routine,NATIONAL,M2,
KOR,2023,HIB,2,,General/routine,NATIONAL,M4,
KOR,2023,HIB,3,,General/routine,NATIONAL,M6,
KOR,2023,HIB,4,,General/routine,NATIONAL,M12-M15,
KOR,2023,HPV4,1,FEMALE,HPV for females only,NATIONAL,Y12,females
KOR,2023,HPV4,2,FEMALE,HPV for females only,NATIONAL,+M6,females
KOR,2023,INFLUENZA_ADULT,1,ADULTS,Adults,NATIONAL,>Y65,
KOR,2023,INFLUENZA_ADULT,1,HW,Health workers,NATIONAL,,Health and care workers
KOR,2023,INFLUENZA_ADULT,1,PW,Pregnant women,NATIONAL,,Pregnant women
KOR,2023,INFLUENZA_ADULT,1,RISKGROUPS,Risk group(s),NATIONAL,,"Adults with chronic conditions, residents living in long-term care facilities, other groups"
KOR,2023,INFLUENZA_PEDIATRIC,1,,General/routine,NATIONAL,M6-Y9,
KOR,2023,INFLUENZA_PEDIATRIC,2,,General/routine,NATIONAL,M6-Y13,
KOR,2023,INFLUENZA_PEDIATRIC,1,RISKGROUPS,Risk group(s),NATIONAL,,Children with chronic conditions
KOR,2023,IPV,1,,General/routine,NATIONAL,M2,
KOR,2023,IPV,2,,General/routine,NATIONAL,M4,
KOR,2023,IPV,3,,General/routine,NATIONAL,M6-M18,
KOR,2023,IPV,4,,General/routine,NATIONAL,Y4-Y6,
KOR,2023,JE_INACTD,1,,General/routine,NATIONAL,M12-M23,
KOR,2023,JE_INACTD,2,,General/routine,NATIONAL,+D7-D30,
KOR,2023,JE_INACTD,3,,General/routine,NATIONAL,+M12,
KOR,2023,JE_INACTD,4,,General/routine,NATIONAL,Y6,
KOR,2023,JE_INACTD,5,,General/routine,NATIONAL,Y12,
KOR,2023,JE_LIVEATD,1,,General/routine,NATIONAL,M12-M23,
KOR,2023,JE_LIVEATD,2,,General/routine,NATIONAL,+M12,
KOR,2023,MMR,1,,General/routine,NATIONAL,M12-M15,
KOR,2023,MMR,2,,General/routine,NATIONAL,Y4-Y6,
KOR,2023,MPOX,1,RISKGROUPS,Risk group(s),NATIONAL,>=Y18,"High risk groups (they are not managed by vaccination rate just check the number of vaccination, unknown denominator)"
KOR,2023,MPOX,2,RISKGROUPS,Risk group(s),NATIONAL,>=Y18,"High risk groups (they are not managed by vaccination rate just check the number of vaccination, unknown denominator)"
KOR,2023,PCV13,1,,General/routine,NATIONAL,M2,
KOR,2023,PCV13,2,,General/routine,NATIONAL,M4,
KOR,2023,PCV13,3,,General/routine,NATIONAL,M6,
KOR,2023,PCV13,4,,General/routine,NATIONAL,M12-M15,
KOR,2023,PPV23,1,ADULTS,Adults,NATIONAL,>=Y65,Adults and risk groups less than 65 years upon 1st contact and +5 months
KOR,2023,PPV23,1,RISKGROUPS,Risk group(s),NATIONAL,1st contact,Adults and risk groups less than 65 years upon 1st contact and +5 months
KOR,2023,PPV23,2,RISKGROUPS,Risk group(s),NATIONAL,+Y5,Adults and risk groups less than 65 years upon 1st contact and +5 months
KOR,2023,TD_S,6,B_ADO_W,General/routine,NATIONAL,Y11-Y12,
KOR,2023,TDAP_S,6,B_ADO_W,General/routine,NATIONAL,Y11-Y12,
KOR,2023,TYPHOID_PS,1,RISKGROUPS,Risk group(s),NATIONAL,1st contact,high risk groups only
KOR,2023,VARICELLA,1,,General/routine,NATIONAL,M12-M15,
KWT,2023,BCG,1,,General/routine,NATIONAL,M3,
KWT,2023,DT,1,RISKGROUPS,Risk group(s),SUBNATIONAL,,where pertussis is contraindicated
KWT,2023,DTWP,5,B_CHILD_F,General/routine,NATIONAL,Y3.6,
KWT,2023,DTWPHIBHEPB,1,,General/routine,NATIONAL,M2,
KWT,2023,DTWPHIBHEPB,2,,General/routine,NATIONAL,M4,
KWT,2023,DTWPHIBHEPB,3,,General/routine,NATIONAL,M6,
KWT,2023,DTWPHIBHEPB,4,B_2YL_W,General/routine,NATIONAL,M18,
KWT,2023,HEPA_ADULT,1,ADULTS,Adults,NATIONAL,,for citizen born before 1990 and health care personnel
KWT,2023,HEPA_ADULT,1,HW,Health workers,NATIONAL,,for citizen born before 1990 and health care personnel
KWT,2023,HEPB_ADULT,1,ADULTS,Adults,SUBNATIONAL,,for citizens born before 1990 and health care personnel
KWT,2023,HEPB_ADULT,1,HW,Health workers,SUBNATIONAL,,for citizens born before 1990 and health care personnel
KWT,2023,HEPB_PEDIATRIC,1,,General/routine,NATIONAL,B,
KWT,2023,HPV9,1,RISKGROUPS,Risk group(s),NATIONAL,Y9-Y45,Y9-Y45 males and females
KWT,2023,INFLUENZA_ADULT,1,ADULTS,Adults,NATIONAL,>Y18,and older persons at 65
KWT,2023,INFLUENZA_ADULT,1,HW,Health workers,NATIONAL,,Health and care workers
KWT,2023,INFLUENZA_ADULT,1,PW,Pregnant women,NATIONAL,,Pregnant women
KWT,2023,INFLUENZA_ADULT,1,RISKGROUPS,Risk group(s),NATIONAL,,"Adults with chronic conditions, residents living in long-term care facilities, travellers (i.e. Hajj), other groups"
KWT,2023,INFLUENZA_PEDIATRIC,1,,General/routine,NATIONAL,M6-Y5,
KWT,2023,INFLUENZA_PEDIATRIC,2,,General/routine,NATIONAL,Y5-Y18,
KWT,2023,INFLUENZA_PEDIATRIC,1,RISKGROUPS,Risk group(s),NATIONAL,,Children with chronic conditions
KWT,2023,IPV,1,,General/routine,NATIONAL,M2,
KWT,2023,IPV,2,,General/routine,NATIONAL,M4,
KWT,2023,IPV,3,,General/routine,NATIONAL,M6,
KWT,2023,MEN_AC_CONJ,1,RISKGROUPS,Risk group(s),SUBNATIONAL,,for special expatriate working groups
KWT,2023,MEN_ACYW_135PS,1,,General/routine,NATIONAL,Y2,
KWT,2023,MMR,1,,General/routine,NATIONAL,M12,
KWT,2023,MMR,2,,General/routine,NATIONAL,M24,
KWT,2023,MMR,3,,General/routine,NATIONAL,Y10-Y12,3rd dose at Y10-Y12 is for females
KWT,2023,OPV,1,,General/routine,NATIONAL,M12,
KWT,2023,OPV,2,,General/routine,NATIONAL,M18,
KWT,2023,OPV,3,,General/routine,NATIONAL,Y3.5,
KWT,2023,PCV13,2,,General/routine,NATIONAL,M4,
KWT,2023,PCV13,3,,General/routine,NATIONAL,M6,
KWT,2023,PCV13,4,,General/routine,NATIONAL,M18,
KWT,2023,PCV13,1,,General/routine,NATIONAL,M2,
KWT,2023,PCV13,1,RISKGROUPS,Risk group(s),NATIONAL,,"pilgrims, high risk groups"
KWT,2023,PPV23,1,RISKGROUPS,Risk group(s),SUBNATIONAL,,high risk adults
KWT,2023,ROTAVIRUS_5,1,,General/routine,NATIONAL,M2,
KWT,2023,ROTAVIRUS_5,2,,General/routine,NATIONAL,M4,
KWT,2023,ROTAVIRUS_5,3,,General/routine,NATIONAL,M6,
KWT,2023,TD_S,6,B_ADO_W,General/routine,NATIONAL,Y10-Y12,
KWT,2023,TD_S,7,,General/routine,NATIONAL,Y16-Y18,
KWT,2023,TD_S,1,PW,Pregnant women,NATIONAL,,Pregnant women
KWT,2023,TT,1,HW,Health workers,SUBNATIONAL,,"people exposed to accidents, healthcare workers"
KWT,2023,TT,1,RISKGROUPS,Risk group(s),SUBNATIONAL,,"people exposed to accidents, healthcare workers"
KWT,2023,TYPHOID_PS,1,RISKGROUPS,Risk group(s),SUBNATIONAL,,food handlers
KWT,2023,VARICELLA,2,,General/routine,NATIONAL,Y2,
KWT,2023,VARICELLA,1,,General/routine,NATIONAL,Y1,
KWT,2023,VARICELLA,1,HW,Health workers,NATIONAL,,HCWs at risk
KWT,2023,YF,1,TRAVELLERS,Travellers,SUBNATIONAL,,travellers to at risk areas
LAO,2023,BCG,1,,General/routine,NATIONAL,B,
LAO,2023,DTWPHIBHEPB,1,,General/routine,NATIONAL,W6,
LAO,2023,DTWPHIBHEPB,2,,General/routine,NATIONAL,W10,
LAO,2023,DTWPHIBHEPB,3,,General/routine,NATIONAL,W14,
LAO,2023,HEPB_PEDIATRIC,1,,General/routine,NATIONAL,B,
LAO,2023,HPV4,1,FEMALE,HPV for females only,NATIONAL,Y10,from March 2020; females
LAO,2023,HPV4,2,FEMALE,HPV for females only,NATIONAL,Y11-Y15,from March 2020; females
LAO,2023,INFLUENZA_ADULT,1,ADULTS,Adults,NATIONAL,,Older persons
LAO,2023,INFLUENZA_ADULT,1,HW,Health workers,NATIONAL,,Health and care workers
LAO,2023,INFLUENZA_ADULT,1,PW,Pregnant women,NATIONAL,,Pregnant women
LAO,2023,INFLUENZA_ADULT,1,RISKGROUPS,Risk group(s),NATIONAL,,"Adults with chronic conditions, residents living in long-term care facilities."
LAO,2023,IPV,3,,General/routine,NATIONAL,W14,
LAO,2023,JE_LIVEATD,1,,General/routine,NATIONAL,M9,
LAO,2023,MR,1,,General/routine,NATIONAL,M9,
LAO,2023,MR,2,,General/routine,NATIONAL,M12,
LAO,2023,OPV,1,,General/routine,NATIONAL,W6,
LAO,2023,OPV,2,,General/routine,NATIONAL,W10,
LAO,2023,OPV,3,,General/routine,NATIONAL,W14,
LAO,2023,PCV13,1,,General/routine,NATIONAL,W6,
LAO,2023,PCV13,2,,General/routine,NATIONAL,W10,
LAO,2023,PCV13,3,,General/routine,NATIONAL,W14,
LAO,2023,TD_S,4,ADULTS,Adults,NATIONAL,+Y1,"Pregnant women and Child Bearing Aged Women (up to 5 doses over lifetime), Health centres plan for up to 3 doses per pregnant women, but interval and frequency depends on previous Tetanus vaccination records."
LAO,2023,TD_S,5,ADULTS,Adults,NATIONAL,+Y1,"Pregnant women and Child Bearing Aged Women (up to 5 doses over lifetime), Health centres plan for up to 3 doses per pregnant women, but interval and frequency depends on previous Tetanus vaccination records."
LAO,2023,TD_S,1,ADULTS,Adults,NATIONAL,1st contact,"Pregnant women and Child Bearing Aged Women (up to 5 doses over lifetime), Health centres plan for up to 3 doses per pregnant women, but interval and frequency depends on previous Tetanus vaccination records."
LAO,2023,TD_S,2,ADULTS,Adults,NATIONAL,+M1,"Pregnant women and Child Bearing Aged Women (up to 5 doses over lifetime), Health centres plan for up to 3 doses per pregnant women, but interval and frequency depends on previous Tetanus vaccination records."
LAO,2023,TD_S,3,ADULTS,Adults,NATIONAL,+M6,"Pregnant women and Child Bearing Aged Women (up to 5 doses over lifetime), Health centres plan for up to 3 doses per pregnant women, but interval and frequency depends on previous Tetanus vaccination records."
LAO,2023,TD_S,3,,General/routine,NATIONAL,+M6,"Pregnant women and Child Bearing Aged Women (up to 5 doses over lifetime), Health centres plan for up to 3 doses per pregnant women, but interval and frequency depends on previous Tetanus vaccination records."
LAO,2023,TD_S,4,,General/routine,NATIONAL,+Y1,"Pregnant women and Child Bearing Aged Women (up to 5 doses over lifetime), Health centres plan for up to 3 doses per pregnant women, but interval and frequency depends on previous Tetanus vaccination records."
LAO,2023,TD_S,2,,General/routine,NATIONAL,+M1,"Pregnant women and Child Bearing Aged Women (up to 5 doses over lifetime), Health centres plan for up to 3 doses per pregnant women, but interval and frequency depends on previous Tetanus vaccination records."
LAO,2023,TD_S,1,,General/routine,NATIONAL,Y15,"Pregnant women and Child Bearing Aged Women (up to 5 doses over lifetime), Health centres plan for up to 3 doses per pregnant women, but interval and frequency depends on previous Tetanus vaccination records."
LAO,2023,TD_S,5,,General/routine,NATIONAL,+Y1,"Pregnant women and Child Bearing Aged Women (up to 5 doses over lifetime), Health centres plan for up to 3 doses per pregnant women, but interval and frequency depends on previous Tetanus vaccination records."
LAO,2023,TD_S,1,PW,Pregnant women,NATIONAL,1st contact,"Pregnant women and Child Bearing Aged Women (up to 5 doses over lifetime), Health centres plan for up to 3 doses per pregnant women, but interval and frequency depends on previous Tetanus vaccination records."
LAO,2023,TD_S,2,PW,Pregnant women,NATIONAL,+M1,"Pregnant women and Child Bearing Aged Women (up to 5 doses over lifetime), Health centres plan for up to 3 doses per pregnant women, but interval and frequency depends on previous Tetanus vaccination records."
LAO,2023,TD_S,3,PW,Pregnant women,NATIONAL,+M6,"Pregnant women and Child Bearing Aged Women (up to 5 doses over lifetime), Health centres plan for up to 3 doses per pregnant women, but interval and frequency depends on previous Tetanus vaccination records."
LAO,2023,TD_S,5,PW,Pregnant women,NATIONAL,+Y1,"Pregnant women and Child Bearing Aged Women (up to 5 doses over lifetime), Health centres plan for up to 3 doses per pregnant women, but interval and frequency depends on previous Tetanus vaccination records."
LAO,2023,TD_S,4,PW,Pregnant women,NATIONAL,+Y1,"Pregnant women and Child Bearing Aged Women (up to 5 doses over lifetime), Health centres plan for up to 3 doses per pregnant women, but interval and frequency depends on previous Tetanus vaccination records."
LAO,2023,TYPHOID_CONJ,1,RISKGROUPS,Risk group(s),SUBNATIONAL,,not routine
LAO,2023,VITAMINA,1,,General/routine,NATIONAL,M6-M59,x2/year
LBN,2023,DT,1,RISKGROUPS,Risk group(s),NATIONAL,,Exceptional dose for children with history of allergic reaction to Pertussis
LBN,2023,DTWP,5,B_CHILD_W,General/routine,NATIONAL,Y4-Y5,
LBN,2023,DTWPHIBHEPB,1,,General/routine,NATIONAL,M2,
LBN,2023,DTWPHIBHEPB,2,,General/routine,NATIONAL,M4,
LBN,2023,DTWPHIBHEPB,3,,General/routine,NATIONAL,M6,
LBN,2023,DTWPHIBHEPB,4,B_2YL_W,General/routine,NATIONAL,M18,
LBN,2023,HEPB_PEDIATRIC,1,,General/routine,NATIONAL,B,
LBN,2023,INFLUENZA_ADULT,1,ADULTS,Adults,NATIONAL,>=Y65,
LBN,2023,INFLUENZA_ADULT,1,HW,Health workers,NATIONAL,,Health and care workers
LBN,2023,INFLUENZA_ADULT,1,PW,Pregnant women,NATIONAL,,Pregnant women
LBN,2023,INFLUENZA_ADULT,1,RISKGROUPS,Risk group(s),NATIONAL,,Adults with chronic conditions
LBN,2023,INFLUENZA_PEDIATRIC,1,RISKGROUPS,Risk group(s),NATIONAL,,Children with chronic conditions.
LBN,2023,IPV,1,,General/routine,NATIONAL,M2,
LBN,2023,IPV,2,,General/routine,NATIONAL,M4,
LBN,2023,MEASLES,1,,General/routine,NATIONAL,M9,
LBN,2023,MMR,1,,General/routine,NATIONAL,M12,
LBN,2023,MMR,2,,General/routine,NATIONAL,M18,
LBN,2023,OPV,3,,General/routine,NATIONAL,M6,
LBN,2023,OPV,4,,General/routine,NATIONAL,Y4-Y5,
LBN,2023,OPV,5,,General/routine,NATIONAL,Y10-Y12,
LBN,2023,OPV,6,,General/routine,NATIONAL,Y16-Y18,
LBN,2023,PCV13,1,,General/routine,NATIONAL,M4,
LBN,2023,PCV13,2,,General/routine,NATIONAL,M6,
LBN,2023,PCV13,3,,General/routine,NATIONAL,M12,
LBN,2023,ROTAVIRUS_1,1,,General/routine,NATIONAL,M2,
LBN,2023,ROTAVIRUS_1,2,,General/routine,NATIONAL,M4,
LBN,2023,ROTAVIRUS_1,3,,General/routine,NATIONAL,M6,
LBN,2023,TD_S,1,B_ADO_W,General/routine,NATIONAL,Y10-Y12,
LBN,2023,TD_S,2,,General/routine,NATIONAL,Y16-Y18,
LBN,2023,VITAMINA,1,,General/routine,NATIONAL,M9,
LBN,2023,VITAMINA,2,,General/routine,NATIONAL,M12,
LBN,2023,VITAMINA,3,,General/routine,NATIONAL,M18,
LBR,2023,BCG,1,,General/routine,NATIONAL,B-M11,0-11 months
LBR,2023,DTWPHIBHEPB,1,,General/routine,NATIONAL,W6,0-23 months
LBR,2023,DTWPHIBHEPB,2,,General/routine,NATIONAL,W10,0-23 months
LBR,2023,DTWPHIBHEPB,3,,General/routine,NATIONAL,W14,0-23 months
LBR,2023,HPV4,1,FEMALE,HPV for females only,NATIONAL,Y9,9-14 years Female
LBR,2023,HPV4,2,FEMALE,HPV for females only,NATIONAL,+M6,9-14 years Female
LBR,2023,IPV,1,,General/routine,NATIONAL,W14,0-11 months
LBR,2023,MEASLES,1,,General/routine,NATIONAL,M9,9-23 months
LBR,2023,MEASLES,2,,General/routine,NATIONAL,M15,9-23 months
LBR,2023,OPV,1,,General/routine,NATIONAL,B,0-11 months
LBR,2023,OPV,2,,General/routine,NATIONAL,W6,0-11 months
LBR,2023,OPV,3,,General/routine,NATIONAL,W10,0-11 months
LBR,2023,OPV,4,,General/routine,NATIONAL,W14,0-11 months
LBR,2023,PCV13,1,,General/routine,NATIONAL,W6,0-23 months
LBR,2023,PCV13,2,,General/routine,NATIONAL,W10,0-23 months
LBR,2023,PCV13,3,,General/routine,NATIONAL,W14,0-23 months
LBR,2023,ROTAVIRUS_1,2,,General/routine,NATIONAL,W10,0-23 months
LBR,2023,ROTAVIRUS_1,1,,General/routine,NATIONAL,W6,0-23 months
LBR,2023,TD_S,1,ADULTS,Adults,NATIONAL,1st contact,15-49 Y
LBR,2023,TD_S,2,ADULTS,Adults,NATIONAL,+W4,15-49 Y
LBR,2023,TD_S,3,ADULTS,Adults,NATIONAL,+M6,15-49 Y
LBR,2023,TD_S,4,ADULTS,Adults,NATIONAL,+M12,15-49 Y
LBR,2023,TD_S,5,ADULTS,Adults,NATIONAL,+M12,15-49 Y
LBR,2023,TD_S,5,,General/routine,NATIONAL,+M12,15-49 Y
LBR,2023,TD_S,4,,General/routine,NATIONAL,+M12,15-49 Y
LBR,2023,TD_S,3,,General/routine,NATIONAL,+M6,15-49 Y
LBR,2023,TD_S,2,,General/routine,NATIONAL,+W4,15-49 Y
LBR,2023,TD_S,1,,General/routine,NATIONAL,1st contact,15-49 Y
LBR,2023,TYPHOID_CONJ,1,,General/routine,NATIONAL,M9,9-23 months
LBR,2023,VITAMINA,1,,General/routine,NATIONAL,M6-M11,6-23 months
LBR,2023,YF,1,,General/routine,NATIONAL,M9,9-23 months
LBY,2023,BCG,1,,General/routine,NATIONAL,B,
LBY,2023,DTAPHIBHEPBIPV,1,,General/routine,NATIONAL,M2,
LBY,2023,DTAPHIBHEPBIPV,2,,General/routine,NATIONAL,M4,
LBY,2023,DTAPHIBHEPBIPV,3,,General/routine,NATIONAL,M6,
LBY,2023,DTAPHIBIPV,4,B_2YL_W,General/routine,NATIONAL,M18,
LBY,2023,DTAPIPV,5,B_CHILD_W,General/routine,NATIONAL,Y6,
LBY,2023,HEPB_ADULT,1,RISKGROUPS,Risk group(s),NATIONAL,,high risk groups (non-vaccinated)
LBY,2023,HEPB_PEDIATRIC,1,,General/routine,NATIONAL,B,
LBY,2023,HPV4,1,FEMALE,HPV for females only,NATIONAL,Y12,females
LBY,2023,HPV4,2,FEMALE,HPV for females only,NATIONAL,+M2,females
LBY,2023,HPV4,3,FEMALE,HPV for females only,NATIONAL,+M4,females
LBY,2023,INFLUENZA_ADULT,1,ADULTS,Adults,NATIONAL,,Older persons
LBY,2023,INFLUENZA_ADULT,1,HW,Health workers,NATIONAL,,Health and care workers
LBY,2023,INFLUENZA_ADULT,1,PW,Pregnant women,NATIONAL,,Pregnant women
LBY,2023,INFLUENZA_ADULT,1,RISKGROUPS,Risk group(s),NATIONAL,,"Adults with chronic conditions, residents living in long-term care facilities, other groups"
LBY,2023,INFLUENZA_PEDIATRIC,1,RISKGROUPS,Risk group(s),NATIONAL,,Children with chronic conditions
LBY,2023,MEN_ACYW_135CONJ,1,,General/routine,NATIONAL,M9,
LBY,2023,MEN_ACYW_135CONJ,2,,General/routine,NATIONAL,M12,
LBY,2023,MEN_ACYW_135CONJ,3,,General/routine,NATIONAL,Y12,
LBY,2023,MMR,1,,General/routine,NATIONAL,M12,
LBY,2023,MMR,2,,General/routine,NATIONAL,M18,
LBY,2023,OPV,1,,General/routine,NATIONAL,B,
LBY,2023,OPV,2,,General/routine,NATIONAL,M9,
LBY,2023,PCV13,1,,General/routine,NATIONAL,M2,
LBY,2023,PCV13,2,,General/routine,NATIONAL,M4,
LBY,2023,PCV13,3,,General/routine,NATIONAL,M12,
LBY,2023,ROTAVIRUS_5,1,,General/routine,NATIONAL,M2,
LBY,2023,ROTAVIRUS_5,2,,General/routine,NATIONAL,M4,
LBY,2023,ROTAVIRUS_5,3,,General/routine,NATIONAL,M6,
LBY,2023,TDAP_S,6,B_ADO_W,General/routine,NATIONAL,Y15,
LBY,2023,YF,1,TRAVELLERS,Travellers,NATIONAL,,travellers
LCA,2023,BCG,1,,General/routine,NATIONAL,M2,
LCA,2023,DTWP,4,B_2YL_W,General/routine,NATIONAL,M18,
LCA,2023,DTWP,5,B_CHILD_W,General/routine,NATIONAL,Y5,
LCA,2023,DTWPHIBHEPB,1,,General/routine,NATIONAL,M2,
LCA,2023,DTWPHIBHEPB,2,,General/routine,NATIONAL,M4,
LCA,2023,DTWPHIBHEPB,3,,General/routine,NATIONAL,M6,
LCA,2023,HEPB_ADULT,1,ADULTS,Adults,NATIONAL,,Adults
LCA,2023,HEPB_PEDIATRIC,1,,General/routine,NATIONAL,B,
LCA,2023,HPV4,1,BOTH,HPV administered to females and males,NATIONAL,Y11-Y12,from February 2019; females and males; in grade 6
LCA,2023,INFLUENZA_ADULT,1,ADULTS,Adults,NATIONAL,>Y18,and older persons
LCA,2023,INFLUENZA_ADULT,1,HW,Health workers,NATIONAL,,Health and care workers
LCA,2023,INFLUENZA_ADULT,1,PW,Pregnant women,NATIONAL,,Pregnant women
LCA,2023,INFLUENZA_ADULT,1,RISKGROUPS,Risk group(s),NATIONAL,,"Adults with chronic conditions, residents living in long-term care facilities"
LCA,2023,INFLUENZA_PEDIATRIC,1,,General/routine,NATIONAL,>=M6,
LCA,2023,IPV,1,,General/routine,NATIONAL,M2,
LCA,2023,IPV,2,,General/routine,NATIONAL,M6,
LCA,2023,MMR,1,,General/routine,NATIONAL,M12,and to adolecents and adults with no evidence of vaccination history
LCA,2023,MMR,2,,General/routine,NATIONAL,M18,and to adolecents and adults with no evidence of vaccination history
LCA,2023,MMR,1,RISKGROUPS,Risk group(s),NATIONAL,,Adolecents and adults with no evidence of vaccination history
LCA,2023,OPV,1,,General/routine,NATIONAL,M4,
LCA,2023,OPV,3,,General/routine,NATIONAL,M18,
LCA,2023,OPV,4,,General/routine,NATIONAL,Y5,
LCA,2023,OPV,5,,General/routine,NATIONAL,Y11-Y12,
LCA,2023,PCV13,1,RISKGROUPS,Risk group(s),NATIONAL,M2,Infants with chronic diseases only
LCA,2023,PCV13,2,RISKGROUPS,Risk group(s),NATIONAL,M4,Infants with chronic diseases only
LCA,2023,PCV13,3,RISKGROUPS,Risk group(s),NATIONAL,M6,Infants with chronic diseases only
LCA,2023,PPV23,4,RISKGROUPS,Risk group(s),NATIONAL,Y2-Y18,Older children with chronic diseases
LCA,2023,TD_S,1,ADULTS,Adults,NATIONAL,,Adults
LCA,2023,TD_S,6,B_ADO_W,General/routine,NATIONAL,Y11-Y12,
LCA,2023,VARICELLA,1,RISKGROUPS,Risk group(s),NATIONAL,1st contact,Based on request
LCA,2023,VARICELLA,2,RISKGROUPS,Risk group(s),NATIONAL,+W6,Based on request
LCA,2023,YF,1,TRAVELLERS,Travellers,NATIONAL,1st contact,Adult travellers
LKA,2023,BCG,1,,General/routine,NATIONAL,B,
LKA,2023,DT,5,B_CHILD_W,General/routine,NATIONAL,Y5,
LKA,2023,DTWP,4,B_2YL_W,General/routine,NATIONAL,M18,
LKA,2023,DTWPHIBHEPB,1,,General/routine,NATIONAL,M2,
LKA,2023,DTWPHIBHEPB,2,,General/routine,NATIONAL,M4,
LKA,2023,DTWPHIBHEPB,3,,General/routine,NATIONAL,M6,
LKA,2023,HPV4,1,FEMALE,HPV for females only,NATIONAL,Y10-Y11,"10-11 year girls at schools in Grade 6 and field clinics if missed or if any drop outs, 2nd dose after 6 months"
LKA,2023,HPV4,2,FEMALE,HPV for females only,NATIONAL,+M6,"10-11 year girls at schools in Grade 6 and field clinics if missed or if any drop outs, 2nd dose after 6 months"
LKA,2023,IPV_FRAC,1,,General/routine,NATIONAL,M2,fractional dose
LKA,2023,IPV_FRAC,2,,General/routine,NATIONAL,M4,fractional dose
LKA,2023,JE_LIVEATD,1,,General/routine,NATIONAL,Y1,
LKA,2023,MMR,1,,General/routine,NATIONAL,M9,
LKA,2023,MMR,2,,General/routine,NATIONAL,Y3,
LKA,2023,OPV,1,,General/routine,NATIONAL,M2,
LKA,2023,OPV,2,,General/routine,NATIONAL,M4,
LKA,2023,OPV,3,,General/routine,NATIONAL,M6,
LKA,2023,OPV,4,,General/routine,NATIONAL,M18,
LKA,2023,OPV,5,,General/routine,NATIONAL,Y5,
LKA,2023,TD_S,6,B_ADO_W,General/routine,NATIONAL,Y12,
LKA,2023,TT,1,PW,Pregnant women,NATIONAL,1st contact,"x2 doses 6 weeks apart in 1st pregnancy, and x3 doses in subsequent pregnancies"
LKA,2023,TYPHOID_PS,1,RISKGROUPS,Risk group(s),NATIONAL,,"high risk categories, food handlers, based on transmission pattern and data, districts are selected to provide vaccination"
LKA,2023,VITAMINA,1,,General/routine,NATIONAL,M6,"<5 years, every 6 months"
LKA,2023,VITAMINA,2,,General/routine,NATIONAL,M12,"<5 years, every 6 months"
LKA,2023,VITAMINA,3,,General/routine,NATIONAL,M18,"<5 years, every 6 months"
LKA,2023,VITAMINA,4,,General/routine,NATIONAL,M24,"<5 years, every 6 months"
LKA,2023,VITAMINA,5,,General/routine,NATIONAL,M30,"<5 years, every 6 months"
LKA,2023,VITAMINA,6,,General/routine,NATIONAL,M36,"<5 years, every 6 months"
LKA,2023,YF,1,TRAVELLERS,Travellers,NATIONAL,,provided only for travellers to YF endemic countries
LSO,2023,BCG,1,,General/routine,NATIONAL,B,0-11 months
LSO,2023,DT,4,,General/routine,NATIONAL,M18,18 months
LSO,2023,DTWPHIBHEPB,1,,General/routine,NATIONAL,W6,0-11 months
LSO,2023,DTWPHIBHEPB,2,,General/routine,NATIONAL,W10,0-11 months
LSO,2023,DTWPHIBHEPB,3,,General/routine,NATIONAL,W14,0-11 months
LSO,2023,IPV,1,,General/routine,NATIONAL,W14,0-11 months
LSO,2023,MR,1,,General/routine,NATIONAL,M9,
LSO,2023,MR,2,,General/routine,NATIONAL,M18,
LSO,2023,OPV,1,,General/routine,NATIONAL,B,0-11 months
LSO,2023,OPV,2,,General/routine,NATIONAL,W6,0-11 months
LSO,2023,OPV,3,,General/routine,NATIONAL,W10,0-11 months
LSO,2023,OPV,4,,General/routine,NATIONAL,W14,0-11 months
LSO,2023,PCV13,1,,General/routine,NATIONAL,W6,0-11 months
LSO,2023,PCV13,2,,General/routine,NATIONAL,W10,0-11 months
LSO,2023,PCV13,3,,General/routine,NATIONAL,W14,0-11 months
LSO,2023,ROTAVIRUS_1,1,,General/routine,NATIONAL,W6,0-11 months
LSO,2023,ROTAVIRUS_1,2,,General/routine,NATIONAL,W10,0-11 months
LSO,2023,TD_S,5,B_CHILD_W,General/routine,NATIONAL,Y5,Children from the age of 5 to 9 years
LSO,2023,TD_S,6,B_ADO_W,General/routine,NATIONAL,Y9,Children from the age of 5 to 9 years
LSO,2023,TD_S,5,PW,Pregnant women,NATIONAL,+Y1,Expected pregnancies
LSO,2023,TD_S,1,PW,Pregnant women,NATIONAL,1st contact,Expected pregnancies
LSO,2023,TD_S,2,PW,Pregnant women,NATIONAL,+W4,Expected pregnancies
LSO,2023,TD_S,3,PW,Pregnant women,NATIONAL,+M6,Expected pregnancies
LSO,2023,TD_S,4,PW,Pregnant women,NATIONAL,+Y1,Expected pregnancies
LSO,2023,VITAMINA,1,,General/routine,NATIONAL,M6,6-59 months
LSO,2023,VITAMINA,2,,General/routine,NATIONAL,M12,6-59 months
LSO,2023,VITAMINA,3,,General/routine,NATIONAL,M18,6-59 months
LSO,2023,VITAMINA,4,,General/routine,NATIONAL,M24,6-59 months
LSO,2023,VITAMINA,5,,General/routine,NATIONAL,M30,6-59 months
LSO,2023,VITAMINA,6,,General/routine,NATIONAL,M36,6-59 months
LSO,2023,YF,1,TRAVELLERS,Travellers,NATIONAL,,Travellers to endemic countries
LTU,2023,BCG,1,,General/routine,NATIONAL,D2-D3,
LTU,2023,DTAPHIBIPV,1,,General/routine,NATIONAL,M2,
LTU,2023,DTAPHIBIPV,2,,General/routine,NATIONAL,M4,
LTU,2023,DTAPHIBIPV,3,,General/routine,NATIONAL,M6,
LTU,2023,DTAPHIBIPV,4,B_2YL_W,General/routine,NATIONAL,M18,
LTU,2023,DTAPIPV,5,B_CHILD_W,General/routine,NATIONAL,Y6-Y7,
LTU,2023,HEPB_PEDIATRIC,1,,General/routine,NATIONAL,B,
LTU,2023,HEPB_PEDIATRIC,2,,General/routine,NATIONAL,M1,
LTU,2023,HEPB_PEDIATRIC,3,,General/routine,NATIONAL,M6,
LTU,2023,HPV2,1,FEMALE,HPV for females only,NATIONAL,Y11,11 years (a minimum of 6 months betweeen first and second doses)
LTU,2023,HPV2,2,FEMALE,HPV for females only,NATIONAL,+M6,11 years (a minimum of 6 months betweeen first and second doses)
LTU,2023,HPV9,1,BOTH,HPV administered to females and males,NATIONAL,Y11,Males and females (from February 1)
LTU,2023,HPV9,2,BOTH,HPV administered to females and males,NATIONAL,+M6,Males and females (from February 1)
LTU,2023,INFLUENZA_ADULT,1,ADULTS,Adults,NATIONAL,>=Y18,and older persons >65 years
LTU,2023,INFLUENZA_ADULT,1,HW,Health workers,NATIONAL,,Health and care workers
LTU,2023,INFLUENZA_ADULT,1,PW,Pregnant women,NATIONAL,,Pregnant women
LTU,2023,INFLUENZA_ADULT,1,RISKGROUPS,Risk group(s),NATIONAL,,"Adults with chronic conditions, residents living in long-term care facilities"
LTU,2023,INFLUENZA_PEDIATRIC,1,,General/routine,NATIONAL,M6-Y17,
LTU,2023,INFLUENZA_PEDIATRIC,1,RISKGROUPS,Risk group(s),NATIONAL,,Children with chronic conditions
LTU,2023,MEN_B,1,,General/routine,NATIONAL,M3,
LTU,2023,MEN_B,2,,General/routine,NATIONAL,M5,
LTU,2023,MEN_B,3,,General/routine,NATIONAL,M12-M15,
LTU,2023,MMR,1,,General/routine,NATIONAL,M15-M16,
LTU,2023,MMR,2,,General/routine,NATIONAL,Y6-Y7,
LTU,2023,PCV10,1,,General/routine,NATIONAL,M2,10-valent for routine immunization
LTU,2023,PCV10,2,,General/routine,NATIONAL,M4,10-valent for routine immunization
LTU,2023,PCV10,3,,General/routine,NATIONAL,M12-M15,10-valent for routine immunization
LTU,2023,PCV13,1,RISKGROUPS,Risk group(s),NATIONAL,,Children and adults who have specific conditions according to ICD-10-AM (and who were not vaccinated against pneumococcal infection before)
LTU,2023,RABIES,1,RISKGROUPS,Risk group(s),NATIONAL,,Rabies post-exposure prophylaxis is recommended after contact with animals
LTU,2023,ROTAVIRUS_5,1,,General/routine,NATIONAL,M2,
LTU,2023,ROTAVIRUS_5,2,,General/routine,NATIONAL,M4,
LTU,2023,ROTAVIRUS_5,3,,General/routine,NATIONAL,M6,
LTU,2023,TD_S,1,ADULTS,Adults,NATIONAL,>Y25,Every 10 years
LTU,2023,TD_S,2,ADULTS,Adults,NATIONAL,+Y10,Every 10 years
LTU,2023,TD_S,3,ADULTS,Adults,NATIONAL,+Y10,Every 10 years
LTU,2023,TD_S,4,ADULTS,Adults,NATIONAL,+Y10,Every 10 years
LTU,2023,TD_S,5,ADULTS,Adults,NATIONAL,+Y10,Every 10 years
LTU,2023,TD_S,6,ADULTS,Adults,NATIONAL,+Y10,Every 10 years
LTU,2023,TDAP_S,6,B_ADO_W,General/routine,NATIONAL,Y15-Y16,
LUX,2023,DTAPHIBHEPBIPV,1,,General/routine,NATIONAL,M2,
LUX,2023,DTAPHIBHEPBIPV,2,,General/routine,NATIONAL,M3,
LUX,2023,DTAPHIBHEPBIPV,4,B_2YL_W,General/routine,NATIONAL,M13,
LUX,2023,DTAPHIBIPV,3,,General/routine,NATIONAL,M4,
LUX,2023,DTAPIPV,5,B_CHILD_W,General/routine,NATIONAL,Y5-Y6,
LUX,2023,HEPB_ADULT,1,CATCHUP_C,Catch-up children,NATIONAL,Y12,Catch-up vaccination against Hepatitis B if this vaccine has not yet been done
LUX,2023,HEPB_PEDIATRIC,1,RISKGROUPS,Risk group(s),NATIONAL,B,Administered to babies born to a mother infected with hepatitis B
LUX,2023,HPV9,1,BOTH,HPV administered to females and males,NATIONAL,Y9-Y14,Females and males
LUX,2023,HPV9,2,BOTH,HPV administered to females and males,NATIONAL,+M6,Females and males
LUX,2023,HPV9,3,RISKGROUPS,Risk group(s),NATIONAL,+M6," partir de lÕge de 15 ans, chez les jeunes hommes et les jeunes femmes immunodprims et chez les hommes ayant des relations  sexuelles avec des hommes, par 3 doses de vaccin administres  0, 2 et 6  mois"
LUX,2023,HPV9,1,RISKGROUPS,Risk group(s),NATIONAL,Y15," partir de lÕge de 15 ans, chez les jeunes hommes et les jeunes femmes immunodprims et chez les hommes ayant des relations  sexuelles avec des hommes, par 3 doses de vaccin administres  0, 2 et 6  mois"
LUX,2023,HPV9,2,RISKGROUPS,Risk group(s),NATIONAL,+M2," partir de lÕge de 15 ans, chez les jeunes hommes et les jeunes femmes immunodprims et chez les hommes ayant des relations  sexuelles avec des hommes, par 3 doses de vaccin administres  0, 2 et 6  mois"
LUX,2023,INFLUENZA_ADULT,1,ADULTS,Adults,NATIONAL,>=Y65,Older persons
LUX,2023,INFLUENZA_ADULT,1,HW,Health workers,NATIONAL,,Health and care workers
LUX,2023,INFLUENZA_ADULT,1,PW,Pregnant women,NATIONAL,,Pregnant women
LUX,2023,INFLUENZA_ADULT,1,RISKGROUPS,Risk group(s),NATIONAL,,"Adults with chronic conditions, residents living in long-term care facilities, other groups"
LUX,2023,INFLUENZA_PEDIATRIC,1,,General/routine,NATIONAL,<W33,Recommendation to vaccinate premature children <33 weeks in their 2 first years of life
LUX,2023,INFLUENZA_PEDIATRIC,1,RISKGROUPS,Risk group(s),NATIONAL,,Children with chronic conditions
LUX,2023,MEN_B,1,RISKGROUPS,Risk group(s),NATIONAL,M3-M12,"At risk groups of any age. 1st dose: 1) M12 / 2) M3-M11, 2nd dose: 1) +M6 for low or moderate risk / 2) +W8 for high risk, 3rd dose: M12-M23 with interval of +M6 between the 2nd and 3rd dose"
LUX,2023,MEN_B,2,RISKGROUPS,Risk group(s),NATIONAL,+W8-M6,"At risk groups of any age. 1st dose: 1) M12 / 2) M3-M11, 2nd dose: 1) +M6 for low or moderate risk / 2) +W8 for high risk, 3rd dose: M12-M23 with interval of +M6 between the 2nd and 3rd dose"
LUX,2023,MEN_B,3,RISKGROUPS,Risk group(s),NATIONAL,+M6,"At risk groups of any age. 1st dose: 1) M12 / 2) M3-M11, 2nd dose: 1) +M6 for low or moderate risk / 2) +W8 for high risk, 3rd dose: M12-M23 with interval of +M6 between the 2nd and 3rd dose"
LUX,2023,MEN_C_CONJ,1,,General/routine,NATIONAL,M13,
LUX,2023,MEN_C_CONJ,2,,General/routine,NATIONAL,Y15-Y16,
LUX,2023,MMRV,1,,General/routine,NATIONAL,M12,
LUX,2023,MMRV,2,,General/routine,NATIONAL,M15-M23,
LUX,2023,PCV13,1,,General/routine,NATIONAL,M2,
LUX,2023,PCV13,2,,General/routine,NATIONAL,M4,
LUX,2023,PCV13,3,,General/routine,NATIONAL,M12,
LUX,2023,PCV13,4,RISKGROUPS,Risk group(s),NATIONAL,M12,enfants  risque (enfants ns prmaturment)
LUX,2023,PCV13,2,RISKGROUPS,Risk group(s),NATIONAL,M3,enfants  risque (enfants ns prmaturment)
LUX,2023,PCV13,3,RISKGROUPS,Risk group(s),NATIONAL,M4,enfants  risque (enfants ns prmaturment)
LUX,2023,PCV13,1,RISKGROUPS,Risk group(s),NATIONAL,M2,enfants  risque (enfants ns prmaturment)
LUX,2023,PPV23,1,ADULTS,Adults,NATIONAL,>=Y65,PPV23 8 semaine aprs premire dose de PCV13 pour age 65 et plus et groupes  risque. Booster tous les 5 ans avec PPV-23 uniquement pour les groupes  risques spcififques
LUX,2023,PPV23,1,RISKGROUPS,Risk group(s),NATIONAL,1st contact,PPV23 8 semaine aprs premire dose de PCV13 pour age 65 et plus et groupes  risque. Booster tous les 5 ans avec PPV-23 uniquement pour les groupes  risques spcififques
LUX,2023,PPV23,2,RISKGROUPS,Risk group(s),NATIONAL,+Y5,PPV23 8 semaine aprs premire dose de PCV13 pour age 65 et plus et groupes  risque. Booster tous les 5 ans avec PPV-23 uniquement pour les groupes  risques spcififques
LUX,2023,ROTAVIRUS_5,1,,General/routine,NATIONAL,M2,
LUX,2023,ROTAVIRUS_5,2,,General/routine,NATIONAL,M3,
LUX,2023,ROTAVIRUS_5,3,,General/routine,NATIONAL,M4,
LUX,2023,TDAP_S_IPV,6,B_ADO_W,General/routine,NATIONAL,Y15-Y16,
LVA,2023,BCG,1,,General/routine,NATIONAL,D2-D5,
LVA,2023,DTAPHIBHEPBIPV,1,,General/routine,NATIONAL,M2,
LVA,2023,DTAPHIBHEPBIPV,2,,General/routine,NATIONAL,M4,
LVA,2023,DTAPHIBHEPBIPV,3,,General/routine,NATIONAL,M6,
LVA,2023,DTAPHIBHEPBIPV,4,B_2YL_W,General/routine,NATIONAL,M12-M15,
LVA,2023,DTAPHIBIPV,1,RISKGROUPS,Risk group(s),NATIONAL,M2,Infants who receive hepB mono vaccine due to hepB risk exposure from mothers
LVA,2023,DTAPHIBIPV,2,RISKGROUPS,Risk group(s),NATIONAL,M4,Infants who receive hepB mono vaccine due to hepB risk exposure from mothers
LVA,2023,DTAPHIBIPV,3,RISKGROUPS,Risk group(s),NATIONAL,M6,Infants who receive hepB mono vaccine due to hepB risk exposure from mothers
LVA,2023,DTAPIPV,5,B_CHILD_W,General/routine,NATIONAL,Y7,
LVA,2023,HEPB_ADULT,1,RISKGROUPS,Risk group(s),NATIONAL,1st contact,For hemodialize patients (x3 doses)
LVA,2023,HEPB_ADULT,2,RISKGROUPS,Risk group(s),NATIONAL,,For hemodialize patients (x3 doses)
LVA,2023,HEPB_ADULT,3,RISKGROUPS,Risk group(s),NATIONAL,,For hemodialize patients (x3 doses)
LVA,2023,HEPB_PEDIATRIC,1,RISKGROUPS,Risk group(s),NATIONAL,B,Newborns with risk factors of hepB exposure from mothers (x4 doses)
LVA,2023,HEPB_PEDIATRIC,2,RISKGROUPS,Risk group(s),NATIONAL,M1,Newborns with risk factors of hepB exposure from mothers (x4 doses)
LVA,2023,HEPB_PEDIATRIC,3,RISKGROUPS,Risk group(s),NATIONAL,M2,Newborns with risk factors of hepB exposure from mothers (x4 doses)
LVA,2023,HEPB_PEDIATRIC,4,RISKGROUPS,Risk group(s),NATIONAL,M12-M15,Newborns with risk factors of hepB exposure from mothers (x4 doses)
LVA,2023,HPV9,1,BOTH,HPV administered to females and males,NATIONAL,Y12,Females and males
LVA,2023,HPV9,2,BOTH,HPV administered to females and males,NATIONAL,Y12,Females and males
LVA,2023,INFLUENZA_ADULT,1,ADULTS,Adults,NATIONAL,>=Y65,
LVA,2023,INFLUENZA_ADULT,1,HW,Health workers,NATIONAL,,Health and care workers
LVA,2023,INFLUENZA_ADULT,1,PW,Pregnant women,NATIONAL,,Pregnant women
LVA,2023,INFLUENZA_ADULT,1,RISKGROUPS,Risk group(s),NATIONAL,,"Adults with chronic conditions, residents living in long-term care facilities, other groups"
LVA,2023,INFLUENZA_PEDIATRIC,1,,General/routine,NATIONAL,M6-M23,
LVA,2023,INFLUENZA_PEDIATRIC,1,RISKGROUPS,Risk group(s),NATIONAL,,Children with chronic conditions
LVA,2023,MMR,1,,General/routine,NATIONAL,M12-M15,
LVA,2023,MMR,2,,General/routine,NATIONAL,Y7,
LVA,2023,PCV10,1,,General/routine,NATIONAL,M2,
LVA,2023,PCV10,2,,General/routine,NATIONAL,M4,
LVA,2023,PCV10,3,,General/routine,NATIONAL,M12-M15,
LVA,2023,RABIES,1,RISKGROUPS,Risk group(s),NATIONAL,,For patients after exposure with suspicious animals
LVA,2023,ROTAVIRUS_5,1,,General/routine,NATIONAL,M2,
LVA,2023,ROTAVIRUS_5,2,,General/routine,NATIONAL,M4,
LVA,2023,ROTAVIRUS_5,3,,General/routine,NATIONAL,M6,
LVA,2023,TBE_PEDIATRIC,1,,General/routine,SUBNATIONAL,Y1-Y17,Children living in highly endemic territories
LVA,2023,TBE_PEDIATRIC,2,,General/routine,SUBNATIONAL,Y1-Y17,Children living in highly endemic territories
LVA,2023,TBE_PEDIATRIC,3,,General/routine,SUBNATIONAL,Y1-Y17,Children living in highly endemic territories
LVA,2023,TBE_PEDIATRIC,4,,General/routine,SUBNATIONAL,Y1-Y17,Children living in highly endemic territories
LVA,2023,TBE_PEDIATRIC,4,RISKGROUPS,Risk group(s),NATIONAL,Y1-Y17,Orphans and children left without parental care in the whole country
LVA,2023,TBE_PEDIATRIC,3,RISKGROUPS,Risk group(s),NATIONAL,Y1-Y17,Orphans and children left without parental care in the whole country
LVA,2023,TBE_PEDIATRIC,2,RISKGROUPS,Risk group(s),NATIONAL,Y1-Y17,Orphans and children left without parental care in the whole country
LVA,2023,TBE_PEDIATRIC,1,RISKGROUPS,Risk group(s),NATIONAL,Y1-Y17,Orphans and children left without parental care in the whole country
LVA,2023,TD_S,1,ADULTS,Adults,NATIONAL,1st contact,Adult vaccination and revaccination
LVA,2023,TDAP_S,6,B_ADO_W,General/routine,NATIONAL,Y14,
LVA,2023,TDAP_S,1,PW,Pregnant women,NATIONAL,,"Pregnant women, 28-32 gestation weeks"
LVA,2023,VARICELLA,1,,General/routine,NATIONAL,M12-M15,
LVA,2023,VARICELLA,2,,General/routine,NATIONAL,Y7,
MAC,2023,BCG,1,,General/routine,NATIONAL,B,
MAC,2023,DTAPIPV,1,,General/routine,NATIONAL,M2,"Regarding the 5th dose of DTP-IPV, DTP is replaced by Td (before September 2018) or Tdap (in and after September 2018)  plus IPV for children at or above 7 years old during school grade 1 vaccination"
MAC,2023,DTAPIPV,2,,General/routine,NATIONAL,M4,"Regarding the 5th dose of DTP-IPV, DTP is replaced by Td (before September 2018) or Tdap (in and after September 2018)  plus IPV for children at or above 7 years old during school grade 1 vaccination"
MAC,2023,DTAPIPV,3,,General/routine,NATIONAL,M6,"Regarding the 5th dose of DTP-IPV, DTP is replaced by Td (before September 2018) or Tdap (in and after September 2018)  plus IPV for children at or above 7 years old during school grade 1 vaccination"
MAC,2023,DTAPIPV,4,B_2YL_W,General/routine,NATIONAL,M18,"Regarding the 5th dose of DTP-IPV, DTP is replaced by Td (before September 2018) or Tdap (in and after September 2018)  plus IPV for children at or above 7 years old during school grade 1 vaccination"
MAC,2023,DTAPIPV,5,B_CHILD_W,General/routine,NATIONAL,Y5-Y6,"Regarding the 5th dose of DTP-IPV, DTP is replaced by Td (before September 2018) or Tdap (in and after September 2018)  plus IPV for children at or above 7 years old during school grade 1 vaccination"
MAC,2023,HEPB_ADULT,1,HW,Health workers,NATIONAL,,"Non-immune individuals(>=Y18) and at high risk of Hepatitis B infection, esp. healthcare workers, sex partners or needle-sharing partners of people who have chronic hepatitis B infection, etc"
MAC,2023,HEPB_ADULT,1,RISKGROUPS,Risk group(s),NATIONAL,>=Y18,"Non-immune individuals(>=Y18) and at high risk of Hepatitis B infection, esp. healthcare workers, sex partners or needle-sharing partners of people who have chronic hepatitis B infection, etc"
MAC,2023,HEPB_PEDIATRIC,1,,General/routine,NATIONAL,B,
MAC,2023,HEPB_PEDIATRIC,2,,General/routine,NATIONAL,M1,
MAC,2023,HEPB_PEDIATRIC,3,,General/routine,NATIONAL,M6,
MAC,2023,HIB,1,,General/routine,NATIONAL,M2,
MAC,2023,HIB,2,,General/routine,NATIONAL,M4,
MAC,2023,HIB,3,,General/routine,NATIONAL,M6,
MAC,2023,HIB,4,,General/routine,NATIONAL,M15,
MAC,2023,HPV9,3,CATCHUP_C,Catch-up children,NATIONAL,Y15-Y17,"3-dose HPV for catch up girls aged 15-17 years. A 3-dose schedule is at 0, 2, 6 months."
MAC,2023,HPV9,1,FEMALE,HPV for females only,NATIONAL,Y10-Y14,"2-dose HPV for girls aged 10-14 years. 3-dose HPV for catch up girls aged 15-17 years. A 3-dose schedule is at 0, 2, 6 months."
MAC,2023,HPV9,2,FEMALE,HPV for females only,NATIONAL,+M6,"2-dose HPV for girls aged 10-14 years. 3-dose HPV for catch up girls aged 15-17 years. A 3-dose schedule is at 0, 2, 6 months."
MAC,2023,INFLUENZA_ADULT,1,ADULTS,Adults,NATIONAL,>Y18,and older persons >Y65
MAC,2023,INFLUENZA_ADULT,1,HW,Health workers,NATIONAL,,Health and care workers
MAC,2023,INFLUENZA_ADULT,1,PW,Pregnant women,NATIONAL,,Pregnant women
MAC,2023,INFLUENZA_ADULT,1,RISKGROUPS,Risk group(s),NATIONAL,,"Adults with chronic conditions, residents living in long-term care facilities, other groups"
MAC,2023,INFLUENZA_PEDIATRIC,2,,General/routine,NATIONAL,Y4-Y18,
MAC,2023,INFLUENZA_PEDIATRIC,1,,General/routine,NATIONAL,M6-Y3,
MAC,2023,INFLUENZA_PEDIATRIC,1,RISKGROUPS,Risk group(s),NATIONAL,,Children with chronic conditions
MAC,2023,MMR,1,,General/routine,NATIONAL,M12,2nd dose of MMR is replaced by MMRV at 18 months of age from September 2018
MAC,2023,MMR,1,HW,Health workers,NATIONAL,,Adults(>=Y18) born in or after 1970 who have neither been infected with measles nor received one dose of measles vaccine after their 1st birthday.  Non-immune health workers who have not received any measles vaccine after their 1st birthday. Full-time students enrolling in local higher education institutions for the first time who are not immune and have not received two doses of measles vaccine. Women of childbearing age(Y18 - Y50) with no immune of rubella.
MAC,2023,MMR,1,RISKGROUPS,Risk group(s),NATIONAL,>=Y18,Adults(>=Y18) born in or after 1970 who have neither been infected with measles nor received one dose of measles vaccine after their 1st birthday.  Non-immune health workers who have not received any measles vaccine after their 1st birthday. Full-time students enrolling in local higher education institutions for the first time who are not immune and have not received two doses of measles vaccine. Women of childbearing age(Y18 - Y50) with no immune of rubella.
MAC,2023,MMRV,2,,General/routine,NATIONAL,M18,2nd dose of MMR is replaced by MMRV at 18 months of age from September 2018
MAC,2023,PCV13,1,ADULTS,Adults,NATIONAL,>=Y60,"Since September 2009, the 23-valent pneumococcal polysaccharide vaccine (PPSV23) has been administered to chronic patients aged 2 or above and elderly individuals aged 60 or above. As of September 25, 2023, the protocol was adjusted to provide the 13-valent pneumococcal conjugate vaccine (PCV13) to chronic patients aged 2 or above and seniors aged 65 or above. They will be administered PCV13 first, followed by the 23-valent pneumococcal polysaccharide vaccine (PPSV23) after one year. Individuals who have received the PPSV23 vaccine but not PCV13 are recommended to receive PCV13 one year after the PPSV23 vaccination."
MAC,2023,PCV13,2,,General/routine,NATIONAL,M4,
MAC,2023,PCV13,3,,General/routine,NATIONAL,M6,
MAC,2023,PCV13,4,,General/routine,NATIONAL,M15,
MAC,2023,PCV13,1,,General/routine,NATIONAL,M2,
MAC,2023,PCV13,1,RISKGROUPS,Risk group(s),NATIONAL,>=Y2,"Since September 2009, the 23-valent pneumococcal polysaccharide vaccine (PPSV23) has been administered to chronic patients aged 2 or above and elderly individuals aged 60 or above. As of September 25, 2023, the protocol was adjusted to provide the 13-valent pneumococcal conjugate vaccine (PCV13) to chronic patients aged 2 or above and seniors aged 65 or above. They will be administered PCV13 first, followed by the 23-valent pneumococcal polysaccharide vaccine (PPSV23) after one year. Individuals who have received the PPSV23 vaccine but not PCV13 are recommended to receive PCV13 one year after the PPSV23 vaccination."
MAC,2023,PPV23,1,ADULTS,Adults,NATIONAL,>=Y60,"Since September 2009, the 23-valent pneumococcal polysaccharide vaccine (PPSV23) has been administered to chronic patients aged 2 or above and elderly individuals aged 60 or above. As of September 25, 2023, the protocol was adjusted to provide the 13-valent pneumococcal conjugate vaccine (PCV13) to chronic patients aged 2 or above and seniors aged 65 or above. They will be administered PCV13 first, followed by the 23-valent pneumococcal polysaccharide vaccine (PPSV23) after one year. Individuals who have received the PPSV23 vaccine but not PCV13 are recommended to receive PCV13 one year after the PPSV23 vaccination."
MAC,2023,PPV23,1,RISKGROUPS,Risk group(s),NATIONAL,>=Y2,"Since September 2009, the 23-valent pneumococcal polysaccharide vaccine (PPSV23) has been administered to chronic patients aged 2 or above and elderly individuals aged 60 or above. As of September 25, 2023, the protocol was adjusted to provide the 13-valent pneumococcal conjugate vaccine (PCV13) to chronic patients aged 2 or above and seniors aged 65 or above. They will be administered PCV13 first, followed by the 23-valent pneumococcal polysaccharide vaccine (PPSV23) after one year. Individuals who have received the PPSV23 vaccine but not PCV13 are recommended to receive PCV13 one year after the PPSV23 vaccination."
MAC,2023,TD_S,1,ADULTS,Adults,NATIONAL,Y22,"According to vaccine supply, we use Td or TT as a 10-year booser dose of Tetanus"
MAC,2023,TD_S,2,ADULTS,Adults,NATIONAL,Y32,"According to vaccine supply, we use Td or TT as a 10-year booser dose of Tetanus"
MAC,2023,TD_S,3,ADULTS,Adults,NATIONAL,Y42,"According to vaccine supply, we use Td or TT as a 10-year booser dose of Tetanus"
MAC,2023,TD_S,4,ADULTS,Adults,NATIONAL,Y52,"According to vaccine supply, we use Td or TT as a 10-year booser dose of Tetanus"
MAC,2023,TD_S,5,ADULTS,Adults,NATIONAL,Y62,"According to vaccine supply, we use Td or TT as a 10-year booser dose of Tetanus"
MAC,2023,TD_S,6,ADULTS,Adults,NATIONAL,Y72,"According to vaccine supply, we use Td or TT as a 10-year booser dose of Tetanus"
MAC,2023,TDAP_S,5,B_CHILD_W,General/routine,NATIONAL,Y7,"Regarding the 5th dose of DTP-IPV, DTP is replaced by Td (before September 2018) or Tdap (in and after September 2018) plus IPV for children at or above 7 years old during school grade 1 vaccination. Tdap is used to replace Td for school grade 6 vaccination (11-12 years old) starting from September 2018. In some situations, when children have already competed 5th dose of IPV/OPV before school grade 1, we will then offer Tdap instead of Tdap-IPV for Tetanus booster."
MAC,2023,TDAP_S,6,B_ADO_W,General/routine,NATIONAL,Y11-Y12,"Regarding the 5th dose of DTP-IPV, DTP is replaced by Td (before September 2018) or Tdap (in and after September 2018) plus IPV for children at or above 7 years old during school grade 1 vaccination. Tdap is used to replace Td for school grade 6 vaccination (11-12 years old) starting from September 2018. In some situations, when children have already competed 5th dose of IPV/OPV before school grade 1, we will then offer Tdap instead of Tdap-IPV for Tetanus booster."
MAC,2023,TDAP_S,1,PW,Pregnant women,NATIONAL,,Pregnant women in each pregnancy(between 27-36 weeks); adults(>=Y18) with no vaccination history of pertussis; adults and adolescents(>=Y7) with no vaccination history of DTP
MAC,2023,TDAP_S,1,RISKGROUPS,Risk group(s),NATIONAL,>=Y7,Pregnant women in each pregnancy(between 27-36 weeks); adults(>=Y18) with no vaccination history of pertussis; adults and adolescents(>=Y7) with no vaccination history of DTP
MAC,2023,TDAP_S_IPV,5,B_CHILD_W,General/routine,NATIONAL,Y7,"Since 1 September 2020, all people are given administration of DTaP-IPV or Tdap-IPV."
MAC,2023,TT,1,ADULTS,Adults,NATIONAL,Y22,"According to vaccine supply, we use Td or TT as a 10-year booser dose of Tetanus"
MAC,2023,TT,2,ADULTS,Adults,NATIONAL,Y32,"According to vaccine supply, we use Td or TT as a 10-year booser dose of Tetanus"
MAC,2023,TT,3,ADULTS,Adults,NATIONAL,Y42,"According to vaccine supply, we use Td or TT as a 10-year booser dose of Tetanus"
MAC,2023,TT,4,ADULTS,Adults,NATIONAL,Y52,"According to vaccine supply, we use Td or TT as a 10-year booser dose of Tetanus"
MAC,2023,TT,5,ADULTS,Adults,NATIONAL,Y62,"According to vaccine supply, we use Td or TT as a 10-year booser dose of Tetanus"
MAC,2023,TT,6,ADULTS,Adults,NATIONAL,Y72,"According to vaccine supply, we use Td or TT as a 10-year booser dose of Tetanus"
MAC,2023,VARICELLA,1,,General/routine,NATIONAL,M12,2nd dose of varceilla (MMRV) at 18 months has been introduced from September 2018
MAR,2019,BCG,1,,General/routine,NATIONAL,M1,
MAR,2019,DTWP,5,B_CHILD_W,General/routine,NATIONAL,Y5,
MAR,2019,DTWP,4,B_2YL_W,General/routine,NATIONAL,M18,
MAR,2019,DTWPHIBHEPB,1,,General/routine,NATIONAL,M2,
MAR,2019,DTWPHIBHEPB,3,,General/routine,NATIONAL,M4,
MAR,2019,DTWPHIBHEPB,2,,General/routine,NATIONAL,M3,
MAR,2019,HEPB_PEDIATRIC,1,,General/routine,NATIONAL,B,
MAR,2019,INFLUENZA_ADULT,1,ADULTS,Adults,NATIONAL,>=Y65,
MAR,2019,INFLUENZA_ADULT,1,HW,Health workers,NATIONAL,,healthcare workers
MAR,2019,INFLUENZA_ADULT,1,PW,Pregnant women,NATIONAL,,pregnant women in T2 and T3
MAR,2019,INFLUENZA_ADULT,1,RISKGROUPS,Risk group(s),NATIONAL,,"adults with chronic conditions, Hajj or other travellers"
MAR,2019,IPV,1,,General/routine,NATIONAL,M4,
MAR,2019,MR,2,,General/routine,NATIONAL,M18,
MAR,2019,MR,1,,General/routine,NATIONAL,M9,
MAR,2019,OPV,2,,General/routine,NATIONAL,M2,
MAR,2019,OPV,3,,General/routine,NATIONAL,M3,
MAR,2019,OPV,1,,General/routine,NATIONAL,M1,
MAR,2019,OPV,5,,General/routine,NATIONAL,M18,
MAR,2019,OPV,4,,General/routine,NATIONAL,M4,
MAR,2019,OPV,6,,General/routine,NATIONAL,Y5,
MAR,2019,PCV10,2,,General/routine,NATIONAL,M4,
MAR,2019,PCV10,3,,General/routine,NATIONAL,M12,
MAR,2019,PCV10,1,,General/routine,NATIONAL,M2,
MAR,2019,ROTAVIRUS_5,1,,General/routine,NATIONAL,M2,
MAR,2019,ROTAVIRUS_5,2,,General/routine,NATIONAL,M3,
MAR,2019,ROTAVIRUS_5,3,,General/routine,NATIONAL,M4,
MAR,2019,TT,4,PW,Pregnant women,NATIONAL,+Y1,
MAR,2019,TT,2,PW,Pregnant women,NATIONAL,+M1,
MAR,2019,TT,3,PW,Pregnant women,NATIONAL,+M6,
MAR,2019,TT,1,PW,Pregnant women,NATIONAL,1st contact,
MAR,2019,TT,5,PW,Pregnant women,NATIONAL,+Y1,
MAR,2019,VITAMINA,3,,General/routine,NATIONAL,M18,
MAR,2019,VITAMINA,1,,General/routine,NATIONAL,M6,
MAR,2019,VITAMINA,2,,General/routine,NATIONAL,M12,
MCO,2023,BCG,1,RISKGROUPS,Risk group(s),NATIONAL,<Y5,enfants de moins de 5 ans  risque de contracter une tuberculose
MCO,2023,DTAPHIBHEPBIPV,1,,General/routine,NATIONAL,M2,"soit on administre le vaccin quadrivalent (exemple tetravac acellulaire https://base-donnees-publique.medicaments.gouv.fr/affichageDoc.php?specid=66543281&typedoc=R ) cÕest--dire coqueluche acellulaire combin avec diphtrie, ttanos et polio (DTCaP en franais et DTaP-IPV en anglais)  2 mois, 4 mois + rappel  11 mois et  6 ans - soit, ce qui est recommand et ce qui se fait en pratique : on administre le vaccin hexavalent (exemple infanrix hexa  https://base-donnees-publique.medicaments.gouv.fr/extrait.php?specid=62966063# )  cÕest--dire coqueluche acellulaire combin avec diphtrie, ttanos et polio + Haemophilus influenzae b + hpatite b ( DTCaPHibHBV en franais et DTaP-Hib-HepB-IPV en anglais)  2 mois, 4 mois + rappel  11 mois et on  fait un rappel  6 ans avec le vaccin quadrivalent DTCaP"
MCO,2023,DTAPHIBHEPBIPV,2,,General/routine,NATIONAL,M4,"soit on administre le vaccin quadrivalent (exemple tetravac acellulaire https://base-donnees-publique.medicaments.gouv.fr/affichageDoc.php?specid=66543281&typedoc=R ) cÕest--dire coqueluche acellulaire combin avec diphtrie, ttanos et polio (DTCaP en franais et DTaP-IPV en anglais)  2 mois, 4 mois + rappel  11 mois et  6 ans - soit, ce qui est recommand et ce qui se fait en pratique : on administre le vaccin hexavalent (exemple infanrix hexa  https://base-donnees-publique.medicaments.gouv.fr/extrait.php?specid=62966063# )  cÕest--dire coqueluche acellulaire combin avec diphtrie, ttanos et polio + Haemophilus influenzae b + hpatite b ( DTCaPHibHBV en franais et DTaP-Hib-HepB-IPV en anglais)  2 mois, 4 mois + rappel  11 mois et on  fait un rappel  6 ans avec le vaccin quadrivalent DTCaP"
MCO,2023,DTAPHIBHEPBIPV,3,,General/routine,NATIONAL,M11,"soit on administre le vaccin quadrivalent (exemple tetravac acellulaire https://base-donnees-publique.medicaments.gouv.fr/affichageDoc.php?specid=66543281&typedoc=R ) cÕest--dire coqueluche acellulaire combin avec diphtrie, ttanos et polio (DTCaP en franais et DTaP-IPV en anglais)  2 mois, 4 mois + rappel  11 mois et  6 ans - soit, ce qui est recommand et ce qui se fait en pratique : on administre le vaccin hexavalent (exemple infanrix hexa  https://base-donnees-publique.medicaments.gouv.fr/extrait.php?specid=62966063# )  cÕest--dire coqueluche acellulaire combin avec diphtrie, ttanos et polio + Haemophilus influenzae b + hpatite b ( DTCaPHibHBV en franais et DTaP-Hib-HepB-IPV en anglais)  2 mois, 4 mois + rappel  11 mois et on  fait un rappel  6 ans avec le vaccin quadrivalent DTCaP"
MCO,2023,DTAPIPV,1,,General/routine,NATIONAL,M2,"soit on administre le vaccin quadrivalent (exemple tetravac acellulaire https://base-donnees-publique.medicaments.gouv.fr/affichageDoc.php?specid=66543281&typedoc=R ) cÕest--dire coqueluche acellulaire combin avec diphtrie, ttanos et polio (DTCaP en franais et DTaP-IPV en anglais)  2 mois, 4 mois + rappel  11 mois et  6 ans - soit, ce qui est recommand et ce qui se fait en pratique : on administre le vaccin hexavalent (exemple infanrix hexa  https://base-donnees-publique.medicaments.gouv.fr/extrait.php?specid=62966063# )  cÕest--dire coqueluche acellulaire combin avec diphtrie, ttanos et polio + Haemophilus influenzae b + hpatite b ( DTCaPHibHBV en franais et DTaP-Hib-HepB-IPV en anglais)  2 mois, 4 mois + rappel  11 mois et on  fait un rappel  6 ans avec le vaccin quadrivalent DTCaP"
MCO,2023,DTAPIPV,2,,General/routine,NATIONAL,M4,"soit on administre le vaccin quadrivalent (exemple tetravac acellulaire https://base-donnees-publique.medicaments.gouv.fr/affichageDoc.php?specid=66543281&typedoc=R ) cÕest--dire coqueluche acellulaire combin avec diphtrie, ttanos et polio (DTCaP en franais et DTaP-IPV en anglais)  2 mois, 4 mois + rappel  11 mois et  6 ans - soit, ce qui est recommand et ce qui se fait en pratique : on administre le vaccin hexavalent (exemple infanrix hexa  https://base-donnees-publique.medicaments.gouv.fr/extrait.php?specid=62966063# )  cÕest--dire coqueluche acellulaire combin avec diphtrie, ttanos et polio + Haemophilus influenzae b + hpatite b ( DTCaPHibHBV en franais et DTaP-Hib-HepB-IPV en anglais)  2 mois, 4 mois + rappel  11 mois et on  fait un rappel  6 ans avec le vaccin quadrivalent DTCaP"
MCO,2023,DTAPIPV,3,,General/routine,NATIONAL,M11,"soit on administre le vaccin quadrivalent (exemple tetravac acellulaire https://base-donnees-publique.medicaments.gouv.fr/affichageDoc.php?specid=66543281&typedoc=R ) cÕest--dire coqueluche acellulaire combin avec diphtrie, ttanos et polio (DTCaP en franais et DTaP-IPV en anglais)  2 mois, 4 mois + rappel  11 mois et  6 ans - soit, ce qui est recommand et ce qui se fait en pratique : on administre le vaccin hexavalent (exemple infanrix hexa  https://base-donnees-publique.medicaments.gouv.fr/extrait.php?specid=62966063# )  cÕest--dire coqueluche acellulaire combin avec diphtrie, ttanos et polio + Haemophilus influenzae b + hpatite b ( DTCaPHibHBV en franais et DTaP-Hib-HepB-IPV en anglais)  2 mois, 4 mois + rappel  11 mois et on  fait un rappel  6 ans avec le vaccin quadrivalent DTCaP"
MCO,2023,DTAPIPV,4,B_CHILD_W,General/routine,NATIONAL,Y6,"soit on administre le vaccin quadrivalent (exemple tetravac acellulaire https://base-donnees-publique.medicaments.gouv.fr/affichageDoc.php?specid=66543281&typedoc=R ) cÕest--dire coqueluche acellulaire combin avec diphtrie, ttanos et polio (DTCaP en franais et DTaP-IPV en anglais)  2 mois, 4 mois + rappel  11 mois et  6 ans - soit, ce qui est recommand et ce qui se fait en pratique : on administre le vaccin hexavalent (exemple infanrix hexa  https://base-donnees-publique.medicaments.gouv.fr/extrait.php?specid=62966063# )  cÕest--dire coqueluche acellulaire combin avec diphtrie, ttanos et polio + Haemophilus influenzae b + hpatite b ( DTCaPHibHBV en franais et DTaP-Hib-HepB-IPV en anglais)  2 mois, 4 mois + rappel  11 mois et on  fait un rappel  6 ans avec le vaccin quadrivalent DTCaP"
MCO,2023,HEPA_ADULT,1,RISKGROUPS,Risk group(s),NATIONAL,1st contact,"Professionnal at risk, adults at risk"
MCO,2023,HEPA_ADULT,2,RISKGROUPS,Risk group(s),NATIONAL,+M6-M12,"Professionnal at risk, adults at risk"
MCO,2023,HEPB_ADULT,1,HW,Health workers,NATIONAL,1st contact,Health professionnels
MCO,2023,HEPB_ADULT,2,HW,Health workers,NATIONAL,+M1,Health professionnels
MCO,2023,HEPB_ADULT,3,HW,Health workers,NATIONAL,+M6,Health professionnels
MCO,2023,HEPB_ADULT,3,RISKGROUPS,Risk group(s),NATIONAL,+M6,"Professionnal at risk (fireman, secourists)"
MCO,2023,HEPB_ADULT,2,RISKGROUPS,Risk group(s),NATIONAL,+M1,"Professionnal at risk (fireman, secourists)"
MCO,2023,HEPB_ADULT,1,RISKGROUPS,Risk group(s),NATIONAL,1st contact,"Professionnal at risk (fireman, secourists)"
MCO,2023,HEPB_PEDIATRIC,1,RISKGROUPS,Risk group(s),NATIONAL,B,Babies born to a mother infected with hepatitis B
MCO,2023,HPV9,1,BOTH,HPV administered to females and males,NATIONAL,Y11-Y14,"Femmes et hommes 11-14 ans; 2 doses (M0, +M6); Femmes et hommes 15-19 ans: 3 doses (M0, +M2, +M6), jusqu' l'ge de 26 ans, chez les hommes ayant ou ayant eu des relations sexuelles avec d'autres hommes"
MCO,2023,HPV9,2,BOTH,HPV administered to females and males,NATIONAL,+M6,"Femmes et hommes 11-14 ans; 2 doses (M0, +M6); Femmes et hommes 15-19 ans: 3 doses (M0, +M2, +M6), jusqu' l'ge de 26 ans, chez les hommes ayant ou ayant eu des relations sexuelles avec d'autres hommes"
MCO,2023,HPV9,1,RISKGROUPS,Risk group(s),NATIONAL,,"Jusqu' l'ge de 26 ans, chez les hommes ayant ou ayant eu des relations sexuelles avec d'autres hommes"
MCO,2023,INFLUENZA_ADULT,1,ADULTS,Adults,NATIONAL,>=Y65,
MCO,2023,INFLUENZA_ADULT,1,HW,Health workers,NATIONAL,,Health and care workes
MCO,2023,INFLUENZA_ADULT,1,PW,Pregnant women,NATIONAL,,Pregnant women
MCO,2023,INFLUENZA_ADULT,1,RISKGROUPS,Risk group(s),NATIONAL,,"Residents living in long-term care facilities, other groups"
MCO,2023,INFLUENZA_PEDIATRIC,1,,General/routine,NATIONAL,>M6,
MCO,2023,INFLUENZA_PEDIATRIC,2,,General/routine,NATIONAL,>M6,
MCO,2023,MEN_C_CONJ,1,,General/routine,NATIONAL,M5,
MCO,2023,MEN_C_CONJ,2,,General/routine,NATIONAL,M12,
MCO,2023,MMR,1,,General/routine,NATIONAL,M12,
MCO,2023,MMR,2,,General/routine,NATIONAL,M16,
MCO,2023,PCV13,1,,General/routine,NATIONAL,M2,
MCO,2023,PCV13,2,,General/routine,NATIONAL,M4,
MCO,2023,PCV13,3,,General/routine,NATIONAL,M12,
MCO,2023,PPV23,1,ADULTS,Adults,NATIONAL,Y65,and risk groups between 2-65 years
MCO,2023,PPV23,1,RISKGROUPS,Risk group(s),NATIONAL,Y2-Y65,and risk groups between 2-65 years
MCO,2023,TDAP_S,6,ADULTS,Adults,NATIONAL,Y25,
MCO,2023,TDAP_S,5,B_ADO_W,General/routine,NATIONAL,Y11-Y13,
MCO,2023,TDAP_S_IPV,6,ADULTS,Adults,NATIONAL,Y25,
MCO,2023,TDAP_S_IPV,5,B_ADO_W,General/routine,NATIONAL,Y13,
MCO,2023,TDIPV_S,1,ADULTS,Adults,NATIONAL,Y45,
MCO,2023,TDIPV_S,2,ADULTS,Adults,NATIONAL,Y65,
MDA,2023,BCG,1,,General/routine,NATIONAL,D2,
MDA,2023,DT,5,B_CHILD_W,General/routine,NATIONAL,Y7,
MDA,2023,DTWP,4,B_2YL_F,General/routine,NATIONAL,Y2,
MDA,2023,DTWPHIBHEPB,1,,General/routine,NATIONAL,M2,
MDA,2023,DTWPHIBHEPB,2,,General/routine,NATIONAL,M4,
MDA,2023,DTWPHIBHEPB,3,,General/routine,NATIONAL,M6,
MDA,2023,HEPB_ADULT,1,HW,Health workers,NATIONAL,1st contact,"??? ??????????? ?????????????. ?????????? ????????????, ?????????? ?? ?????? ??????? ? ???????????? ????????? ???????? ?"
MDA,2023,HEPB_ADULT,2,HW,Health workers,NATIONAL,+M1,"??? ??????????? ?????????????. ?????????? ????????????, ?????????? ?? ?????? ??????? ? ???????????? ????????? ???????? ?"
MDA,2023,HEPB_ADULT,3,HW,Health workers,NATIONAL,+M6,"??? ??????????? ?????????????. ?????????? ????????????, ?????????? ?? ?????? ??????? ? ???????????? ????????? ???????? ?"
MDA,2023,HEPB_ADULT,3,RISKGROUPS,Risk group(s),NATIONAL,+M6,"??? ??????????? ?????????????. ?????????? ????????????, ?????????? ?? ?????? ??????? ? ???????????? ????????? ???????? ?"
MDA,2023,HEPB_ADULT,2,RISKGROUPS,Risk group(s),NATIONAL,+M1,"??? ??????????? ?????????????. ?????????? ????????????, ?????????? ?? ?????? ??????? ? ???????????? ????????? ???????? ?"
MDA,2023,HEPB_ADULT,1,RISKGROUPS,Risk group(s),NATIONAL,1st contact,"??? ??????????? ?????????????. ?????????? ????????????, ?????????? ?? ?????? ??????? ? ???????????? ????????? ???????? ?"
MDA,2023,HEPB_PEDIATRIC,1,,General/routine,NATIONAL,B,?1
MDA,2023,HPV4,1,FEMALE,HPV for females only,SUBNATIONAL,Y10,????????. ?? ?????????? ????????????? ??????? ?? ????????
MDA,2023,HPV4,2,FEMALE,HPV for females only,SUBNATIONAL,+M6,????????. ?? ?????????? ????????????? ??????? ?? ????????
MDA,2023,INFLUENZA_ADULT,1,HW,Health workers,NATIONAL,,Health and care workers
MDA,2023,INFLUENZA_ADULT,1,PW,Pregnant women,NATIONAL,,Pregnant women
MDA,2023,INFLUENZA_ADULT,1,RISKGROUPS,Risk group(s),NATIONAL,,"Residents living in long-term care facilities, other groups"
MDA,2023,IPV,1,,General/routine,NATIONAL,M6,
MDA,2023,IPV,2,,General/routine,NATIONAL,Y2,
MDA,2023,MMR,1,,General/routine,NATIONAL,M12,
MDA,2023,MMR,2,,General/routine,NATIONAL,Y7,
MDA,2023,MMR,3,,General/routine,NATIONAL,Y15,
MDA,2023,OPV,1,,General/routine,NATIONAL,M2,
MDA,2023,OPV,2,,General/routine,NATIONAL,M4,
MDA,2023,OPV,3,,General/routine,NATIONAL,M6,
MDA,2023,OPV,4,,General/routine,NATIONAL,Y2,
MDA,2023,OPV,5,,General/routine,NATIONAL,Y7,
MDA,2023,PCV13,1,,General/routine,NATIONAL,M2,
MDA,2023,PCV13,2,,General/routine,NATIONAL,M4,
MDA,2023,PCV13,3,,General/routine,NATIONAL,M12,
MDA,2023,ROTAVIRUS_1,1,,General/routine,SUBNATIONAL,M2,?? ?????????? ????????????? ??????? ?? ????????
MDA,2023,ROTAVIRUS_1,2,,General/routine,SUBNATIONAL,M4,?? ?????????? ????????????? ??????? ?? ????????
MDA,2023,TD_S,1,ADULTS,Adults,NATIONAL,Y20,
MDA,2023,TD_S,2,ADULTS,Adults,NATIONAL,Y30,
MDA,2023,TD_S,3,ADULTS,Adults,NATIONAL,Y40,
MDA,2023,TD_S,4,ADULTS,Adults,NATIONAL,Y50,
MDA,2023,TD_S,5,ADULTS,Adults,NATIONAL,Y60,
MDA,2023,TD_S,6,B_ADO_W,General/routine,NATIONAL,Y15,
MDG,2023,BCG,1,,General/routine,NATIONAL,B,0-11 mois
MDG,2023,DTWPHIBHEPB,1,,General/routine,NATIONAL,W6,0-11 mois
MDG,2023,DTWPHIBHEPB,2,,General/routine,NATIONAL,W10,0-11 mois
MDG,2023,DTWPHIBHEPB,3,,General/routine,NATIONAL,W14,0-11 mois
MDG,2023,IPV,1,,General/routine,NATIONAL,W14,0-11 mois
MDG,2023,IPV,2,,General/routine,NATIONAL,M9,0-11 mois
MDG,2023,MEASLES,1,,General/routine,NATIONAL,M9,0-23 mois
MDG,2023,MEASLES,2,,General/routine,NATIONAL,M15-M23,0-23 mois
MDG,2023,OPV,1,,General/routine,NATIONAL,B,0-11 mois
MDG,2023,OPV,2,,General/routine,NATIONAL,W6,0-11 mois
MDG,2023,OPV,3,,General/routine,NATIONAL,W10,0-11 mois
MDG,2023,OPV,4,,General/routine,NATIONAL,W14,0-11 mois
MDG,2023,PCV10,1,,General/routine,NATIONAL,W6,0-11 mois
MDG,2023,PCV10,2,,General/routine,NATIONAL,W10,0-11 mois
MDG,2023,PCV10,3,,General/routine,NATIONAL,W14,0-11 mois
MDG,2023,ROTAVIRUS_1,1,,General/routine,NATIONAL,W6,0-11 mois
MDG,2023,ROTAVIRUS_1,2,,General/routine,NATIONAL,W10,0-11 mois
MDG,2023,TD_S,1,PW,Pregnant women,NATIONAL,1st contact,1er contact grossesse - femmes enceintes
MDG,2023,TD_S,2,PW,Pregnant women,NATIONAL,+M1,1er contact grossesse - femmes enceintes
MDG,2023,TD_S,3,PW,Pregnant women,NATIONAL,+M6,1er contact grossesse - femmes enceintes
MDG,2023,TD_S,4,PW,Pregnant women,NATIONAL,+Y1,1er contact grossesse - femmes enceintes
MDG,2023,TD_S,5,PW,Pregnant women,NATIONAL,+Y1,1er contact grossesse - femmes enceintes
MDV,2023,BCG,1,,General/routine,NATIONAL,B,All infants
MDV,2023,CHOLERA,1,TRAVELLERS,Travellers,NATIONAL,>Y2,Travellers to endemic countries
MDV,2023,DTWP,4,B_CHILD_W,General/routine,NATIONAL,Y4,All children aged 4 years
MDV,2023,DTWPHIBHEPB,1,,General/routine,NATIONAL,M2,All infants
MDV,2023,DTWPHIBHEPB,2,,General/routine,NATIONAL,M4,All infants
MDV,2023,DTWPHIBHEPB,3,,General/routine,NATIONAL,M6,All infants
MDV,2023,HEPB_PEDIATRIC,1,,General/routine,NATIONAL,B,All newborns
MDV,2023,HPV4,1,FEMALE,HPV for females only,NATIONAL,Y10,Females aged 10 years
MDV,2023,HPV4,2,FEMALE,HPV for females only,NATIONAL,+M6,Females aged 10 years
MDV,2023,INFLUENZA_ADULT,1,ADULTS,Adults,NATIONAL,,Older persons
MDV,2023,INFLUENZA_ADULT,1,HW,Health workers,NATIONAL,,Health and care workers
MDV,2023,INFLUENZA_ADULT,1,PW,Pregnant women,NATIONAL,,Pregnant women
MDV,2023,INFLUENZA_ADULT,1,RISKGROUPS,Risk group(s),NATIONAL,,"Adults with chronic conditions, other groups"
MDV,2023,INFLUENZA_PEDIATRIC,1,,General/routine,NATIONAL,,
MDV,2023,INFLUENZA_PEDIATRIC,2,,General/routine,NATIONAL,,
MDV,2023,INFLUENZA_PEDIATRIC,1,RISKGROUPS,Risk group(s),NATIONAL,,Children with chronic conditions
MDV,2023,IPV,1,,General/routine,NATIONAL,M6,All infants
MDV,2023,MEN_ACYW_135PS,1,TRAVELLERS,Travellers,NATIONAL,>Y2,All travellers to Haj and Umrah and as per country travel requirements
MDV,2023,MMR,2,,General/routine,NATIONAL,M18,All children aged 18 months; MR is given as MCV1 at 9 months of age and MMR is given as MCV2 at 18 months of age
MDV,2023,MR,1,,General/routine,NATIONAL,M9,All infants; MR is given as MCV1 at 9 months of age and MMR is given as MCV2 at 18 months of age
MDV,2023,OPV,1,,General/routine,NATIONAL,M2,All infants
MDV,2023,OPV,2,,General/routine,NATIONAL,M4,All infants
MDV,2023,OPV,3,,General/routine,NATIONAL,M6,All infants
MDV,2023,OPV,1,TRAVELLERS,Travellers,NATIONAL,>M9,1. For pilgrims travelling to Haj and Umrah and 2. Travellers to Polio endemic countries
MDV,2023,TD_S,1,ADULTS,Adults,NATIONAL,1st contact,>Y15 CBAW
MDV,2023,TD_S,2,ADULTS,Adults,NATIONAL,+M1,>Y15 CBAW
MDV,2023,TD_S,3,ADULTS,Adults,NATIONAL,+M6,>Y15 CBAW
MDV,2023,TD_S,4,ADULTS,Adults,NATIONAL,+Y1,>Y15 CBAW
MDV,2023,TD_S,5,ADULTS,Adults,NATIONAL,+Y2,>Y15 CBAW
MDV,2023,TD_S,4,,General/routine,NATIONAL,+Y1,>Y15 CBAW
MDV,2023,TD_S,5,,General/routine,NATIONAL,+Y2,>Y15 CBAW
MDV,2023,TD_S,2,,General/routine,NATIONAL,+M1,>Y15 CBAW
MDV,2023,TD_S,3,,General/routine,NATIONAL,+M6,>Y15 CBAW
MDV,2023,TD_S,1,,General/routine,NATIONAL,>Y15,>Y15 CBAW
MDV,2023,VITAMINA,1,,General/routine,NATIONAL,M9,Every 6 months till 5 years aged to all children
MDV,2023,VITAMINA,2,,General/routine,NATIONAL,M18,Every 6 months till 5 years aged to all children
MDV,2023,VITAMINA,3,,General/routine,NATIONAL,M24,Every 6 months till 5 years aged to all children
MDV,2023,VITAMINA,4,,General/routine,NATIONAL,M30,Every 6 months till 5 years aged to all children
MDV,2023,VITAMINA,5,,General/routine,NATIONAL,M36,Every 6 months till 5 years aged to all children
MDV,2023,VITAMINA,6,,General/routine,NATIONAL,M42,Every 6 months till 5 years aged to all children
MDV,2023,YF,1,TRAVELLERS,Travellers,NATIONAL,>M9,All travellers to endemic countries
MEX,2023,BCG,1,,General/routine,NATIONAL,B,< 15 aos de edad.
MEX,2023,DTAPHIBHEPBIPV,1,,General/routine,NATIONAL,M2,< 5 aos de edad.
MEX,2023,DTAPHIBHEPBIPV,2,,General/routine,NATIONAL,M4,< 5 aos de edad.
MEX,2023,DTAPHIBHEPBIPV,3,,General/routine,NATIONAL,M6,< 5 aos de edad.
MEX,2023,DTAPHIBHEPBIPV,4,B_2YL_W,General/routine,NATIONAL,M18,< 5 aos de edad.
MEX,2023,DTWP,5,B_CHILD_W,General/routine,NATIONAL,Y4,< 7 aos de edad.
MEX,2023,HEPA_PEDIATRIC,1,RISKGROUPS,Risk group(s),SUBNATIONAL,Y1,Nios de 1 ao de edad inscritos en guarderias o estancias infantiles
MEX,2023,HEPB_ADULT,2,RISKGROUPS,Risk group(s),NATIONAL,+M1,> de 20 aos sin antecedente vacunal. La vacuna unicamente se coloca al personal de salud que no tenga esquema completo o no tenga antecedente vacunal
MEX,2023,HEPB_ADULT,1,RISKGROUPS,Risk group(s),NATIONAL,>Y20,> de 20 aos sin antecedente vacunal. La vacuna unicamente se coloca al personal de salud que no tenga esquema completo o no tenga antecedente vacunal
MEX,2023,HEPB_PEDIATRIC,1,,General/routine,NATIONAL,B,"Primeras 24 horas. 1-7 das de vida. La vacuna Hexavalente acelular (DTaPHibHepBI PV) se aplica de forma universal en todas las instituciones del Sector Salud del pas. Debido a que an se contaba con vacuna pentavalente acelular (DTaPHibIPV) en el 2021, se indic aplicarla en conjunto con una dosis de Hepatitis B, para su equivalencia con la vacuna Hexavalente."
MEX,2023,HPV4,1,FEMALE,HPV for females only,NATIONAL,Y11-Y13,"Para la campaa de recuperacin de coberturas 2023 se consider como poblacin blanco a: Nias y/o adolescentes de quinto ao de primaria o de 11 aos no escolarizadas. Nias y/o adolescentes de sexto ao de primaria o de 12 aos no escolarizadas, Nias y/o adolescentes de 1 de secundaria o de 13 aos no escolarizadas."
MEX,2023,HPV4,2,RISKGROUPS,Risk group(s),NATIONAL,+M2,Mujeres CIS y TRANSGNERO de 11 a 49 aos que viven con VIH
MEX,2023,HPV4,3,RISKGROUPS,Risk group(s),NATIONAL,+M6,Mujeres CIS y TRANSGNERO de 11 a 49 aos que viven con VIH
MEX,2023,HPV4,1,RISKGROUPS,Risk group(s),NATIONAL,Y11-Y49,Mujeres CIS y TRANSGNERO de 11 a 49 aos que viven con VIH
MEX,2023,INFLUENZA_ADULT,1,ADULTS,Adults,NATIONAL,>=Y60,
MEX,2023,INFLUENZA_ADULT,1,HW,Health workers,NATIONAL,,Health and care workers
MEX,2023,INFLUENZA_ADULT,1,PW,Pregnant women,NATIONAL,,Pregnant women
MEX,2023,INFLUENZA_ADULT,1,RISKGROUPS,Risk group(s),NATIONAL,,"Adults with chronic conditions, other groups"
MEX,2023,INFLUENZA_PEDIATRIC,1,,General/routine,NATIONAL,M6-M35,
MEX,2023,INFLUENZA_PEDIATRIC,2,,General/routine,NATIONAL,M36-M59,
MEX,2023,INFLUENZA_PEDIATRIC,1,RISKGROUPS,Risk group(s),NATIONAL,,Children with chronic conditions
MEX,2023,MMR,1,,General/routine,NATIONAL,Y1,"Hasta el ao 2027, para nias y nios que cumplan 6 aos de edad, el esquema de vacunacin ser: 1a dosis a los 12 meses de edad y la 2a dosis a los 6 aos de edad. Para las cohortes de nacimiento a partir del ao 2022, el esquema de vacunacin ser el siguiente: 1a dosis a los 12 meses de edad y 2a dosis a los 18 meses de edad"
MEX,2023,MMR,2,,General/routine,NATIONAL,M18-Y6,"Hasta el ao 2027, para nias y nios que cumplan 6 aos de edad, el esquema de vacunacin ser: 1a dosis a los 12 meses de edad y la 2a dosis a los 6 aos de edad. Para las cohortes de nacimiento a partir del ao 2022, el esquema de vacunacin ser el siguiente: 1a dosis a los 12 meses de edad y 2a dosis a los 18 meses de edad"
MEX,2023,MR,1,RISKGROUPS,Risk group(s),NATIONAL,>=Y10,"10 aos y ms sin antecedente vacunal (Se administra de forma general a toda la poblacin mayor de 10 aos sin antecedente vacunal, lo cual incluye al personal de salud)."
MEX,2023,PCV13,1,ADULTS,Adults,NATIONAL,Y60,Personas de 60 y ms aos sin factores de riesgo recibirn dosis nica con esta vacuna. Personas de 60 y ms aos con factores de riesgo recibirn una dosis con esta vacuna y al ao de aplicacin recibirn una dosis de refuerzo con vacuna Neumoccica polisacrida 23 valente
MEX,2023,PCV13,2,,General/routine,NATIONAL,M4,"En personas < 5 aos de edad  se aplicarn 3 dosis, con edades ptimas de aplicacin: 1a dosis a los 2 meses de edad, 2a dosis a los 4 meses de edad, y 3a dosis al cumplir 1 ao de edad."
MEX,2023,PCV13,3,,General/routine,NATIONAL,M12,"En personas < 5 aos de edad  se aplicarn 3 dosis, con edades ptimas de aplicacin: 1a dosis a los 2 meses de edad, 2a dosis a los 4 meses de edad, y 3a dosis al cumplir 1 ao de edad."
MEX,2023,PCV13,1,,General/routine,NATIONAL,M2,"En personas < 5 aos de edad  se aplicarn 3 dosis, con edades ptimas de aplicacin: 1a dosis a los 2 meses de edad, 2a dosis a los 4 meses de edad, y 3a dosis al cumplir 1 ao de edad."
MEX,2023,PPV23,1,RISKGROUPS,Risk group(s),NATIONAL,Y61,Personas de 61 aos y ms con factores de riesgo (12 meses despus de haber recibido la vacuna antineumoccica conugada)
MEX,2023,ROTAVIRUS_1,1,,General/routine,NATIONAL,M2,< 8 meses de edad.
MEX,2023,ROTAVIRUS_1,2,,General/routine,NATIONAL,M4,< 8 meses de edad.
MEX,2023,TD_S,2,ADULTS,Adults,NATIONAL,+Y10,"En poblacin con  esquema primario completo, se vacuna con Td a poblacin de primer ao de educacin secundaria y de 15 aos no escolarizados , con refuerzo cada 10 aos"
MEX,2023,TD_S,6,B_ADO_W,General/routine,NATIONAL,>=Y15,"En poblacin con  esquema primario completo, se vacuna con Td a poblacin de primer ao de educacin secundaria y de 15 aos no escolarizados , con refuerzo cada 10 aos"
MEX,2023,TD_S,1,,General/routine,NATIONAL,>=Y10,10 aos y mas sin antecedente vacunal o con esquema incompleto.
MEX,2023,TDAP_S,1,PW,Pregnant women,NATIONAL,,Para iniciar o completar esquemas en personas embarazadas - A partir de la semana 20 de Gestacin.
MEX,2023,VARICELLA,1,RISKGROUPS,Risk group(s),SUBNATIONAL,Y1,Nios inscritos en estancias infantiles
MEX,2023,VITAMINA,1,,General/routine,NATIONAL,M6-M11,6 a 59 meses de edad en algunas Jornadas Nacionales de Salud Pblica
MEX,2023,VITAMINA,2,,General/routine,NATIONAL,M12-M59,6 a 59 meses de edad en algunas Jornadas Nacionales de Salud Pblica
MHL,2023,BCG,1,,General/routine,NATIONAL,B,
MHL,2023,DTAPHEPBIPV,5,B_CHILD_W,General/routine,NATIONAL,Y4-Y6,
MHL,2023,DTAPHEPBIPV,1,,General/routine,NATIONAL,M2,
MHL,2023,DTAPHEPBIPV,2,,General/routine,NATIONAL,M4,
MHL,2023,DTAPHEPBIPV,3,,General/routine,NATIONAL,M6,
MHL,2023,DTAPHEPBIPV,4,B_2YL_W,General/routine,NATIONAL,M12,
MHL,2023,DTAPHIBIPV,1,,General/routine,NATIONAL,M2,
MHL,2023,DTAPHIBIPV,2,,General/routine,NATIONAL,M4,
MHL,2023,DTAPHIBIPV,3,,General/routine,NATIONAL,M12,
MHL,2023,DTAPIPV,5,B_CHILD_W,General/routine,NATIONAL,Y4-Y5,
MHL,2023,HEPB_PEDIATRIC,1,,General/routine,NATIONAL,B,
MHL,2023,HEPB_PEDIATRIC,2,,General/routine,NATIONAL,M2,
MHL,2023,HEPB_PEDIATRIC,3,,General/routine,NATIONAL,M6,
MHL,2023,HIB,1,,General/routine,NATIONAL,M2,
MHL,2023,HIB,2,,General/routine,NATIONAL,M4,
MHL,2023,HIB,3,,General/routine,NATIONAL,M12,
MHL,2023,HPV9,1,FEMALE,HPV for females only,NATIONAL,Y11,females
MHL,2023,IPV,1,,General/routine,NATIONAL,M2,
MHL,2023,IPV,2,,General/routine,NATIONAL,M4,
MHL,2023,IPV,3,,General/routine,NATIONAL,M6,
MHL,2023,IPV,4,,General/routine,NATIONAL,Y4-Y6,
MHL,2023,MEN_C_CONJ,1,,General/routine,NATIONAL,Y11-Y12,adolescents in school
MHL,2023,MMR,1,,General/routine,NATIONAL,M12,
MHL,2023,MMR,2,,General/routine,NATIONAL,M13,
MHL,2023,PCV13,1,,General/routine,NATIONAL,M2,
MHL,2023,PCV13,2,,General/routine,NATIONAL,M4,
MHL,2023,PCV13,3,,General/routine,NATIONAL,M6,
MHL,2023,PCV13,4,,General/routine,NATIONAL,M12,
MHL,2023,ROTAVIRUS_5,1,,General/routine,NATIONAL,M2,children up to 59 months
MHL,2023,ROTAVIRUS_5,2,,General/routine,NATIONAL,M4,children up to 59 months
MHL,2023,ROTAVIRUS_5,3,,General/routine,NATIONAL,M6,children up to 59 months
MHL,2023,ROTAVIRUS_5,4,,General/routine,NATIONAL,M12,children up to 59 months
MHL,2023,TDAP_S,6,B_ADO_W,General/routine,NATIONAL,Y11-Y12,
MHL,2023,VARICELLA,1,,General/routine,NATIONAL,M2,
MHL,2023,VARICELLA,2,,General/routine,NATIONAL,M4,
MHL,2023,VARICELLA,3,,General/routine,NATIONAL,M6,
MHL,2023,VARICELLA,4,,General/routine,NATIONAL,M12,
MKD,2023,BCG,1,,General/routine,NATIONAL,B,
MKD,2023,DTAPHIBHEPBIPV,1,,General/routine,NATIONAL,M2,
MKD,2023,DTAPHIBHEPBIPV,3,,General/routine,NATIONAL,M6,
MKD,2023,DTAPHIBIPV,2,,General/routine,NATIONAL,M4,
MKD,2023,DTAPHIBIPV,4,B_2YL_W,General/routine,NATIONAL,M18,
MKD,2023,DTAPIPV,5,B_CHILD_W,General/routine,NATIONAL,Y7,
MKD,2023,HEPB_PEDIATRIC,1,,General/routine,NATIONAL,B,
MKD,2023,HPV4,1,FEMALE,HPV for females only,NATIONAL,Y12,Females only
MKD,2023,HPV4,2,FEMALE,HPV for females only,NATIONAL,+M6,Females only
MKD,2023,INFLUENZA_ADULT,1,ADULTS,Adults,NATIONAL,>=Y18,and older persons >65 years
MKD,2023,INFLUENZA_ADULT,1,HW,Health workers,NATIONAL,,Health and care workers
MKD,2023,INFLUENZA_ADULT,1,PW,Pregnant women,NATIONAL,,Pregnant women
MKD,2023,INFLUENZA_ADULT,1,RISKGROUPS,Risk group(s),NATIONAL,,"Adults with chronic conditions, residents living in long-term care facilities"
MKD,2023,INFLUENZA_PEDIATRIC,1,,General/routine,NATIONAL,>=M6,
MKD,2023,INFLUENZA_PEDIATRIC,1,RISKGROUPS,Risk group(s),NATIONAL,,Children with chronic conditions
MKD,2023,MMR,1,,General/routine,NATIONAL,M12,
MKD,2023,MMR,2,,General/routine,NATIONAL,Y6,
MKD,2023,PCV13,1,,General/routine,NATIONAL,M2,
MKD,2023,PCV13,2,,General/routine,NATIONAL,M4,
MKD,2023,PCV13,3,,General/routine,NATIONAL,M12,
MKD,2023,ROTAVIRUS_5,1,,General/routine,NATIONAL,M2,
MKD,2023,ROTAVIRUS_5,2,,General/routine,NATIONAL,M4,
MKD,2023,ROTAVIRUS_5,3,,General/routine,NATIONAL,M6,
MKD,2023,TDIPV_S,6,B_ADO_W,General/routine,NATIONAL,Y14,
MKD,2023,TT,1,ADULTS,Adults,NATIONAL,Y18,"This is the last (7th dose) of Tetanus toxoid vaccine, according to Immunization Schedule for all children from 0-18 years of age"
MLI,2023,BCG,1,,General/routine,NATIONAL,B,naissances vivantes
MLI,2023,DTWPHIBHEPB,1,,General/routine,NATIONAL,W6,enfants ayant survcus
MLI,2023,DTWPHIBHEPB,2,,General/routine,NATIONAL,W10,enfants ayant survcus
MLI,2023,DTWPHIBHEPB,3,,General/routine,NATIONAL,W14,enfants ayant survcus
MLI,2023,IPV,1,,General/routine,NATIONAL,W14,enfants ayant survcus
MLI,2023,IPV,2,,General/routine,NATIONAL,M9,enfants ayant survcus
MLI,2023,MEASLES,1,,General/routine,NATIONAL,M9,enfants ayant survcus
MLI,2023,MEASLES,2,,General/routine,NATIONAL,M12-M23,enfants ayant survcus
MLI,2023,MEN_A_CONJ,1,,General/routine,NATIONAL,M9,enfants ayant survcus
MLI,2023,OPV,1,,General/routine,NATIONAL,B,"naissances vivantes, enfants ayant survcus"
MLI,2023,OPV,2,,General/routine,NATIONAL,W6,"naissances vivantes, enfants ayant survcus"
MLI,2023,OPV,3,,General/routine,NATIONAL,W10,"naissances vivantes, enfants ayant survcus"
MLI,2023,OPV,4,,General/routine,NATIONAL,W14,"naissances vivantes, enfants ayant survcus"
MLI,2023,PCV13,1,,General/routine,NATIONAL,W6,enfants ayant survcus
MLI,2023,PCV13,2,,General/routine,NATIONAL,W10,enfants ayant survcus
MLI,2023,PCV13,3,,General/routine,NATIONAL,W14,enfants ayant survcus
MLI,2023,ROTAVIRUS_5,1,,General/routine,NATIONAL,W6,
MLI,2023,ROTAVIRUS_5,2,,General/routine,NATIONAL,W10,
MLI,2023,ROTAVIRUS_5,3,,General/routine,NATIONAL,W14,
MLI,2023,TD_S,1,PW,Pregnant women,NATIONAL,1st contact,1st contact grossesse - femmes enceintes
MLI,2023,TD_S,2,PW,Pregnant women,NATIONAL,+M1,1st contact grossesse - femmes enceintes
MLI,2023,TD_S,3,PW,Pregnant women,NATIONAL,+M6,1st contact grossesse - femmes enceintes
MLI,2023,TD_S,4,PW,Pregnant women,NATIONAL,+Y1,1st contact grossesse - femmes enceintes
MLI,2023,TD_S,5,PW,Pregnant women,NATIONAL,+Y1,1st contact grossesse - femmes enceintes
MLI,2023,VITAMINA,1,,General/routine,NATIONAL,M6,enfants ayant survcus
MLI,2023,VITAMINA,2,,General/routine,NATIONAL,Y1,enfants ayant survcus
MLI,2023,YF,1,,General/routine,NATIONAL,M9,enfants ayant survcus
MLT,2023,BCG,1,RISKGROUPS,Risk group(s),NATIONAL,B,Babies of parents hailing from high-risk TB countriess
MLT,2023,DTAPHIBHEPBIPV,1,,General/routine,NATIONAL,M2,
MLT,2023,DTAPHIBHEPBIPV,2,,General/routine,NATIONAL,M3,
MLT,2023,DTAPHIBHEPBIPV,3,,General/routine,NATIONAL,M4,
MLT,2023,DTAPHIBHEPBIPV,4,B_2YL_W,General/routine,NATIONAL,M18,
MLT,2023,HEPB_PEDIATRIC,1,RISKGROUPS,Risk group(s),NATIONAL,B,Birth dose only to children born to HepB and/or HepC positive parents
MLT,2023,HEPB_PEDIATRIC,2,RISKGROUPS,Risk group(s),NATIONAL,W4,Birth dose only to children born to HepB and/or HepC positive parents
MLT,2023,HEPB_PEDIATRIC,3,RISKGROUPS,Risk group(s),NATIONAL,W8,Birth dose only to children born to HepB and/or HepC positive parents
MLT,2023,HEPB_PEDIATRIC,4,RISKGROUPS,Risk group(s),NATIONAL,M12,Birth dose only to children born to HepB and/or HepC positive parents
MLT,2023,HPV9,1,CATCHUP_C,Catch-up children,NATIONAL,Y13-Y14,"As July 2023, we started a catch up campaign vaccinating all boys aged 13-14. These children wouldneed only 2 doses 6 months apart. a concomittant opportunistic campaign vaccinating boys 15 to 23 (boys born as of the year 2000 and being 12 years and over) when they present for other vaccines like travel vaccines or the DTP and Men ACWY vaccines."
MLT,2023,HPV9,2,BOTH,HPV administered to females and males,NATIONAL,+M6,Females and males
MLT,2023,HPV9,1,BOTH,HPV administered to females and males,NATIONAL,Y12,Females and males
MLT,2023,INFLUENZA_ADULT,1,ADULTS,Adults,NATIONAL,>Y65,
MLT,2023,INFLUENZA_ADULT,1,HW,Health workers,NATIONAL,,Health and care workers
MLT,2023,INFLUENZA_ADULT,1,PW,Pregnant women,NATIONAL,,Pregnant women
MLT,2023,INFLUENZA_ADULT,1,RISKGROUPS,Risk group(s),NATIONAL,,"Adults with chronic conditions, residents living in long-term care facilities"
MLT,2023,INFLUENZA_PEDIATRIC,1,,General/routine,NATIONAL,M6-M59,
MLT,2023,INFLUENZA_PEDIATRIC,2,,General/routine,NATIONAL,Y5-Y16,
MLT,2023,INFLUENZA_PEDIATRIC,1,RISKGROUPS,Risk group(s),NATIONAL,,Children with chronic diseases
MLT,2023,MEN_ACYW_135CONJ,1,,General/routine,NATIONAL,M3,All children born from 2020 onwards
MLT,2023,MEN_ACYW_135CONJ,2,,General/routine,NATIONAL,M13,All children born from 2020 onwards
MLT,2023,MEN_ACYW_135CONJ,3,,General/routine,NATIONAL,Y14,All children born from 2020 onwards
MLT,2023,MEN_B,1,,General/routine,NATIONAL,M2,
MLT,2023,MEN_B,2,,General/routine,NATIONAL,M4,
MLT,2023,MEN_B,3,,General/routine,NATIONAL,M12,
MLT,2023,MMR,1,,General/routine,NATIONAL,M13,
MLT,2023,MMR,2,,General/routine,NATIONAL,Y3-Y4,
MLT,2023,PCV10,1,,General/routine,NATIONAL,M2,All children born in 2016 onwards and aged less than 5 years old
MLT,2023,PCV10,2,,General/routine,NATIONAL,M4,All children born in 2016 onwards and aged less than 5 years old
MLT,2023,PCV10,3,,General/routine,NATIONAL,M12,All children born in 2016 onwards and aged less than 5 years old
MLT,2023,TDIPV_S,5,B_ADO_W,General/routine,NATIONAL,Y14,
MMR,2023,BCG,1,,General/routine,NATIONAL,B-M2,
MMR,2023,DTWPHIBHEPB,1,,General/routine,NATIONAL,M2,
MMR,2023,DTWPHIBHEPB,2,,General/routine,NATIONAL,M4,
MMR,2023,DTWPHIBHEPB,3,,General/routine,NATIONAL,M6,
MMR,2023,DTWPHIBHEPB,4,B_2YL_W,General/routine,NATIONAL,M18,
MMR,2023,HEPB_PEDIATRIC,1,,General/routine,NATIONAL,B,
MMR,2023,HPV4,1,FEMALE,HPV for females only,NATIONAL,Y9,9-10 years old girls
MMR,2023,IPV,1,,General/routine,NATIONAL,M4,
MMR,2023,JE_LIVEATD,1,,General/routine,NATIONAL,M9,
MMR,2023,MR,1,,General/routine,NATIONAL,M9,
MMR,2023,MR,2,,General/routine,NATIONAL,M18,
MMR,2023,OPV,1,,General/routine,NATIONAL,M2,
MMR,2023,OPV,2,,General/routine,NATIONAL,M4,
MMR,2023,OPV,3,,General/routine,NATIONAL,M6,
MMR,2023,PCV13,1,,General/routine,NATIONAL,M2,
MMR,2023,PCV13,2,,General/routine,NATIONAL,M4,
MMR,2023,PCV13,3,,General/routine,NATIONAL,M6,
MMR,2023,ROTAVIRUS_1,1,,General/routine,NATIONAL,M2,
MMR,2023,ROTAVIRUS_1,2,,General/routine,NATIONAL,M4,
MMR,2023,TD_S,1,PW,Pregnant women,NATIONAL,1st contact,"Pregnant women, 1st AN visit, and 4 weeks after first AN visit"
MMR,2023,TD_S,2,PW,Pregnant women,NATIONAL,+M1,"Pregnant women, 1st AN visit, and 4 weeks after first AN visit"
MMR,2023,VITAMINA,1,,General/routine,NATIONAL,M6-M59,
MNE,2023,BCG,1,,General/routine,NATIONAL,B,
MNE,2023,DT,1,CATCHUP_C,Catch-up children,NATIONAL,Y6,"For children who attended first grade during the 2022/2023 school year and for older children who missed this revaccination, revaccination was carried out with the DT vaccine in 2023"
MNE,2023,DTAPHIBHEPBIPV,1,,General/routine,NATIONAL,W9,
MNE,2023,DTAPHIBHEPBIPV,2,,General/routine,NATIONAL,W17,
MNE,2023,DTAPHIBHEPBIPV,4,B_2YL_W,General/routine,NATIONAL,M18,
MNE,2023,DTAPHIBIPV,3,,General/routine,NATIONAL,W23,
MNE,2023,DTAPIPV,5,B_CHILD_W,General/routine,NATIONAL,Y6,
MNE,2023,HEPB_PEDIATRIC,1,RISKGROUPS,Risk group(s),NATIONAL,B,occasional birth dose for babies born by HBsAg+ mothers
MNE,2023,HEPB_PEDIATRIC,2,RISKGROUPS,Risk group(s),NATIONAL,W5,"for children with a contraindication to DTaP, IPV and/or Hib vaccine components."
MNE,2023,HEPB_PEDIATRIC,3,RISKGROUPS,Risk group(s),NATIONAL,W9,"for children with a contraindication to DTaP, IPV and/or Hib vaccine components."
MNE,2023,HEPB_PEDIATRIC,4,RISKGROUPS,Risk group(s),NATIONAL,M13,"for children with a contraindication to DTaP, IPV and/or Hib vaccine components."
MNE,2023,HPV9,1,FEMALE,HPV for females only,NATIONAL,Y9-Y14,"HPV vaccination program in Montenegro started September, 26th 2022 in the primary group of girls of 9 y.o. (birth cohort 2013). Since March, 1st 2023 we started vaccination in all girls 9-14 y.o. and we decided to switch to one dose schedule (one dose for 9-20 y.o; two doses for 21-26 y.o; two doses for immunosuppressed people)."
MNE,2023,HPV9,1,RISKGROUPS,Risk group(s),NATIONAL,,one dose for 9-20 y.o; two doses for 21-26 y.o; two doses for immunosuppressed people
MNE,2023,HPV9,2,RISKGROUPS,Risk group(s),NATIONAL,,one dose for 9-20 y.o; two doses for 21-26 y.o; two doses for immunosuppressed people
MNE,2023,INFLUENZA_ADULT,1,ADULTS,Adults,NATIONAL,>Y18,and older persons 65+
MNE,2023,INFLUENZA_ADULT,1,HW,Health workers,NATIONAL,,Health and care workers
MNE,2023,INFLUENZA_ADULT,1,PW,Pregnant women,NATIONAL,,Pregnant women
MNE,2023,INFLUENZA_ADULT,1,RISKGROUPS,Risk group(s),NATIONAL,,"Adults with chronic conditions, residents living in long-term care facilities, other groups"
MNE,2023,INFLUENZA_PEDIATRIC,1,,General/routine,NATIONAL,>=M6,
MNE,2023,INFLUENZA_PEDIATRIC,1,RISKGROUPS,Risk group(s),NATIONAL,,Children with chronic conditions
MNE,2023,MMR,1,,General/routine,NATIONAL,M13,
MNE,2023,MMR,2,,General/routine,NATIONAL,Y6,
MNE,2023,TD_S,1,ADULTS,Adults,NATIONAL,Y18,
MNE,2023,TDIPV_S,6,B_ADO_W,General/routine,NATIONAL,Y14,
MNG,2023,BCG,1,,General/routine,NATIONAL,B,
MNG,2023,DTWPHIBHEPB,1,,General/routine,NATIONAL,M2,
MNG,2023,DTWPHIBHEPB,2,,General/routine,NATIONAL,M3,
MNG,2023,DTWPHIBHEPB,3,,General/routine,NATIONAL,M4,
MNG,2023,HEPA_PEDIATRIC,1,,General/routine,NATIONAL,M14,
MNG,2023,HEPA_PEDIATRIC,2,,General/routine,NATIONAL,Y2,
MNG,2023,HEPB_ADULT,1,RISKGROUPS,Risk group(s),NATIONAL,,Epidemiologically linked cases and for voluntary individuals
MNG,2023,HEPB_PEDIATRIC,1,,General/routine,NATIONAL,B,
MNG,2023,INFLUENZA_ADULT,1,HW,Health workers,NATIONAL,,Health and care workers
MNG,2023,INFLUENZA_ADULT,1,PW,Pregnant women,NATIONAL,,Pregnant women
MNG,2023,INFLUENZA_ADULT,1,RISKGROUPS,Risk group(s),NATIONAL,,"Adults with chronic conditions, other groups"
MNG,2023,INFLUENZA_PEDIATRIC,1,,General/routine,NATIONAL,Y2-Y5,
MNG,2023,IPV,1,,General/routine,NATIONAL,M5,
MNG,2023,MEN_ACYW_135CONJ,1,RISKGROUPS,Risk group(s),NATIONAL,,Epidemiologically linked cases and for valuntary individuals
MNG,2023,MMR,1,,General/routine,NATIONAL,M9,
MNG,2023,MMR,2,,General/routine,NATIONAL,Y2,
MNG,2023,OPV,1,,General/routine,NATIONAL,B,
MNG,2023,OPV,2,,General/routine,NATIONAL,M2,
MNG,2023,OPV,3,,General/routine,NATIONAL,M3,
MNG,2023,OPV,4,,General/routine,NATIONAL,M4,
MNG,2023,PCV13,1,,General/routine,NATIONAL,M2,
MNG,2023,PCV13,2,,General/routine,NATIONAL,M4,
MNG,2023,PCV13,3,,General/routine,NATIONAL,M9,
MNG,2023,RABIES,1,RISKGROUPS,Risk group(s),NATIONAL,,Epidemiologically linked cases and for valuntary individuals
MNG,2023,TBE_ADULT,1,RISKGROUPS,Risk group(s),,,Epidemiologically linked cases and for valuntary individuals
MNG,2023,TBE_PEDIATRIC,1,RISKGROUPS,Risk group(s),NATIONAL,,Epidemiologically linked cases and for valuntary individuals
MNG,2023,TD_S,1,B_CHILD_W,General/routine,NATIONAL,Y7,
MNG,2023,TD_S,2,B_ADO_W,General/routine,NATIONAL,Y15,
MNG,2023,VITAMINA,1,,General/routine,NATIONAL,M6-M59,
MNG,2023,YF,1,RISKGROUPS,Risk group(s),NATIONAL,,Epidemiologically linked cases and for valuntary individuals
MNP,2023,DTAP,1,,General/routine,NATIONAL,W6,
MNP,2023,DTAP,2,,General/routine,NATIONAL,M4,
MNP,2023,DTAP,3,,General/routine,NATIONAL,M6,
MNP,2023,DTAP,4,B_2YL_W,General/routine,NATIONAL,M15-M18,
MNP,2023,DTAP,5,B_CHILD_W,General/routine,NATIONAL,Y4-Y6,
MNP,2023,DTAPHEPBIPV,1,,General/routine,NATIONAL,W6,
MNP,2023,DTAPHEPBIPV,2,,General/routine,NATIONAL,M6,
MNP,2023,DTAPHIBIPV,1,,General/routine,NATIONAL,W6,
MNP,2023,DTAPHIBIPV,2,,General/routine,NATIONAL,M4,
MNP,2023,DTAPHIBIPV,3,,General/routine,NATIONAL,M6,
MNP,2023,DTAPIPV,5,B_CHILD_W,General/routine,NATIONAL,Y4-Y6,
MNP,2023,HEPA_ADULT,1,ADULTS,Adults,NATIONAL,>=Y19,
MNP,2023,HEPA_ADULT,2,ADULTS,Adults,NATIONAL,+M6,
MNP,2023,HEPA_PEDIATRIC,1,,General/routine,NATIONAL,M12,
MNP,2023,HEPA_PEDIATRIC,2,,General/routine,NATIONAL,+M6,
MNP,2023,HEPB_PEDIATRIC,1,,General/routine,NATIONAL,B,
MNP,2023,HEPB_PEDIATRIC,2,,General/routine,NATIONAL,W6,
MNP,2023,HEPB_PEDIATRIC,3,,General/routine,NATIONAL,M6,
MNP,2023,HIB,1,,General/routine,NATIONAL,W6,
MNP,2023,HIB,2,,General/routine,NATIONAL,M4,
MNP,2023,HIB,3,,General/routine,NATIONAL,M15-M18,
MNP,2023,HPV9,1,BOTH,HPV administered to females and males,NATIONAL,Y9-Y14,"Both Male and Females are offered HPV  at age 9-14 years old for the first dose. The 2nd and 3rd dose depends on when the 1st dose was administered, but usually after 6 months. Age 15 and older is offered to both males and females. The recommended 3 dose schedule is 0, 1-2 and 6 months."
MNP,2023,HPV9,2,BOTH,HPV administered to females and males,NATIONAL,+M6,"Both Male and Females are offered HPV  at age 9-14 years old for the first dose. The 2nd and 3rd dose depends on when the 1st dose was administered, but usually after 6 months. Age 15 and older is offered to both males and females. The recommended 3 dose schedule is 0, 1-2 and 6 months."
MNP,2023,INFLUENZA_ADULT,1,ADULTS,Adults,NATIONAL,>Y18,and older persons
MNP,2023,INFLUENZA_ADULT,1,HW,Health workers,NATIONAL,,Health and care workers
MNP,2023,INFLUENZA_ADULT,1,PW,Pregnant women,NATIONAL,,Pregnant women
MNP,2023,INFLUENZA_ADULT,1,RISKGROUPS,Risk group(s),NATIONAL,,"Adults with chronic conditions, other groups"
MNP,2023,INFLUENZA_PEDIATRIC,1,,General/routine,NATIONAL,>=M6,
MNP,2023,INFLUENZA_PEDIATRIC,2,,General/routine,NATIONAL,>=M6,
MNP,2023,INFLUENZA_PEDIATRIC,1,RISKGROUPS,Risk group(s),NATIONAL,,Children with chronic conditions
MNP,2023,IPV,1,,General/routine,NATIONAL,W6,
MNP,2023,IPV,2,,General/routine,NATIONAL,M4,
MNP,2023,IPV,3,,General/routine,NATIONAL,M6,
MNP,2023,IPV,4,,General/routine,NATIONAL,Y4-Y6,
MNP,2023,MEN_ACYW_135CONJ,1,,General/routine,NATIONAL,Y11,
MNP,2023,MEN_ACYW_135CONJ,2,,General/routine,NATIONAL,Y16,
MNP,2023,MMR,1,,General/routine,NATIONAL,M12,
MNP,2023,MMR,2,,General/routine,NATIONAL,Y4-Y6,
MNP,2023,MMRV,1,,General/routine,NATIONAL,M12,
MNP,2023,PCV13,1,,General/routine,NATIONAL,W6,
MNP,2023,PCV13,2,,General/routine,NATIONAL,M4,
MNP,2023,PCV13,3,,General/routine,NATIONAL,M6,
MNP,2023,PCV13,4,,General/routine,NATIONAL,M15-M18,
MNP,2023,ROTAVIRUS_5,1,,General/routine,NATIONAL,W6,
MNP,2023,ROTAVIRUS_5,2,,General/routine,NATIONAL,M4,
MNP,2023,ROTAVIRUS_5,3,,General/routine,NATIONAL,M6,
MNP,2023,TDAP_S,6,B_ADO_W,General/routine,NATIONAL,Y7-Y18,
MNP,2023,VARICELLA,1,,General/routine,NATIONAL,M12,
MNP,2023,VARICELLA,2,,General/routine,NATIONAL,Y4-Y6,
MNP,2023,ZOSTER,1,ADULTS,Adults,NATIONAL,Y50-Y85,
MOZ,2023,BCG,1,,General/routine,NATIONAL,B,Live Birth
MOZ,2023,DTWPHIBHEPB,1,,General/routine,NATIONAL,M2,Children less than 1 year
MOZ,2023,DTWPHIBHEPB,2,,General/routine,NATIONAL,M3,Children less than 1 year
MOZ,2023,DTWPHIBHEPB,3,,General/routine,NATIONAL,M4,Children less than 1 year
MOZ,2023,HPV4,1,FEMALE,HPV for females only,NATIONAL,Y9,Females 9
MOZ,2023,HPV4,2,FEMALE,HPV for females only,NATIONAL,+M6,Females 9
MOZ,2023,IPV,1,,General/routine,NATIONAL,M4,Children less than 1 year
MOZ,2023,IPV,2,,General/routine,NATIONAL,M9,Children less than 1 year
MOZ,2023,MR,1,,General/routine,NATIONAL,M9,Children less than 24 months
MOZ,2023,MR,2,,General/routine,NATIONAL,M18,Children less than 24 months
MOZ,2023,OPV,1,,General/routine,NATIONAL,B,Children less than 1 year
MOZ,2023,OPV,2,,General/routine,NATIONAL,M2,Children less than 1 year
MOZ,2023,OPV,3,,General/routine,NATIONAL,M3,Children less than 1 year
MOZ,2023,OPV,4,,General/routine,NATIONAL,M4,Children less than 1 year
MOZ,2023,PCV13,1,,General/routine,NATIONAL,M2,Children less than 1 year
MOZ,2023,PCV13,2,,General/routine,NATIONAL,M4,Children less than 1 year
MOZ,2023,PCV13,3,,General/routine,NATIONAL,M9,Children less than 1 year
MOZ,2023,ROTAVIRUS_1,1,,General/routine,NATIONAL,M2,Children less than 1 year
MOZ,2023,ROTAVIRUS_1,2,,General/routine,NATIONAL,M3,Children less than 1 year
MOZ,2023,TD_S,5,ADULTS,Adults,NATIONAL,+Y1,females (15-49 years)
MOZ,2023,TD_S,1,ADULTS,Adults,NATIONAL,Y15-Y49,females (15-49 years)
MOZ,2023,TD_S,2,ADULTS,Adults,NATIONAL,+M1,females (15-49 years)
MOZ,2023,TD_S,3,ADULTS,Adults,NATIONAL,+M6,females (15-49 years)
MOZ,2023,TD_S,4,ADULTS,Adults,NATIONAL,+Y1,females (15-49 years)
MOZ,2023,TD_S,4,,General/routine,NATIONAL,+Y1,females (15-49 years)
MOZ,2023,TD_S,3,,General/routine,NATIONAL,+M6,females (15-49 years)
MOZ,2023,TD_S,4,B_CHILD_W,General/routine,NATIONAL,Y6,school age
MOZ,2023,TD_S,2,,General/routine,NATIONAL,+M1,females (15-49 years)
MOZ,2023,TD_S,1,,General/routine,NATIONAL,Y15-Y49,females (15-49 years)
MOZ,2023,TD_S,5,,General/routine,NATIONAL,+Y1,females (15-49 years)
MOZ,2023,TD_S,5,B_ADO_F,General/routine,NATIONAL,Y7,school age
MOZ,2023,VITAMINA,1,,General/routine,NATIONAL,M6,Children between 6 and 59 months
MOZ,2023,VITAMINA,2,,General/routine,NATIONAL,M12,Children between 6 and 59 months
MOZ,2023,VITAMINA,3,,General/routine,NATIONAL,M18,Children between 6 and 59 months
MOZ,2023,VITAMINA,4,,General/routine,NATIONAL,M24,Children between 6 and 59 months
MOZ,2023,VITAMINA,5,,General/routine,NATIONAL,M30,Children between 6 and 59 months
MOZ,2023,VITAMINA,6,,General/routine,NATIONAL,M36,Children between 6 and 59 months
MRT,2023,BCG,1,,General/routine,NATIONAL,B,naissances vivantes
MRT,2023,DTWPHIBHEPB,1,,General/routine,NATIONAL,W6,enfants de moins d'un an
MRT,2023,DTWPHIBHEPB,2,,General/routine,NATIONAL,W10,enfants de moins d'un an
MRT,2023,DTWPHIBHEPB,3,,General/routine,NATIONAL,W14,enfants de moins d'un an
MRT,2023,HEPB_PEDIATRIC,1,,General/routine,NATIONAL,B,naissances vivantes
MRT,2023,HPV4,1,FEMALE,HPV for females only,NATIONAL,Y9,fils g de 9 ans
MRT,2023,HPV4,2,FEMALE,HPV for females only,NATIONAL,+M6,fils g de 9 ans
MRT,2023,IPV,1,,General/routine,NATIONAL,W14,enfants de moins d'un an
MRT,2023,MR,1,,General/routine,NATIONAL,M9,enfants de moins d'un an
MRT,2023,MR,2,,General/routine,NATIONAL,M15,enfants de moins d'un an
MRT,2023,OPV,1,,General/routine,NATIONAL,B,enfants de moins d'un an
MRT,2023,OPV,2,,General/routine,NATIONAL,W6,enfants de moins d'un an
MRT,2023,OPV,3,,General/routine,NATIONAL,W10,enfants de moins d'un an
MRT,2023,OPV,4,,General/routine,NATIONAL,W14,enfants de moins d'un an
MRT,2023,PCV13,1,,General/routine,NATIONAL,W6,enfants de moins d'un an
MRT,2023,PCV13,2,,General/routine,NATIONAL,W10,enfants de moins d'un an
MRT,2023,PCV13,3,,General/routine,NATIONAL,W14,enfants de moins d'un an
MRT,2023,ROTAVIRUS_1,1,,General/routine,NATIONAL,W6,enfants de moins d'un an
MRT,2023,ROTAVIRUS_1,2,,General/routine,NATIONAL,W10,enfants de moins d'un an
MRT,2023,TD_S,1,PW,Pregnant women,NATIONAL,1st contact,femmes enceintes
MRT,2023,TD_S,2,PW,Pregnant women,NATIONAL,+M1,femmes enceintes
MRT,2023,TD_S,3,PW,Pregnant women,NATIONAL,+M6,femmes enceintes
MRT,2023,TD_S,4,PW,Pregnant women,NATIONAL,+Y1,femmes enceintes
MRT,2023,TD_S,5,PW,Pregnant women,NATIONAL,+Y1,femmes enceintes
MSR,2023,BCG,1,,General/routine,NATIONAL,M2,M0-11
MSR,2023,DT,5,B_CHILD_W,General/routine,NATIONAL,Y4.5,Y4 1/2 -5
MSR,2023,DTWP,1,B_2YL_W,General/routine,NATIONAL,M18,
MSR,2023,DTWPHIBHEPB,1,,General/routine,NATIONAL,M2,M0-11
MSR,2023,DTWPHIBHEPB,2,,General/routine,NATIONAL,M4,M0-11
MSR,2023,DTWPHIBHEPB,3,,General/routine,NATIONAL,M6,M0-11
MSR,2023,HEPB_ADULT,1,RISKGROUPS,Risk group(s),NATIONAL,,given to at risk person if not previously vaccinated
MSR,2023,HEPB_PEDIATRIC,1,,General/routine,NATIONAL,B,Newborns
MSR,2023,HPV9,1,FEMALE,HPV for females only,SUBNATIONAL,Y13,females
MSR,2023,HPV9,2,FEMALE,HPV for females only,SUBNATIONAL,+M6,females
MSR,2023,INFLUENZA_ADULT,1,ADULTS,Adults,NATIONAL,,Older persons
MSR,2023,INFLUENZA_ADULT,1,HW,Health workers,NATIONAL,,Health and care workers
MSR,2023,INFLUENZA_ADULT,1,RISKGROUPS,Risk group(s),NATIONAL,,"Adults with chronic conditions, residents living in long-term care facilities"
MSR,2023,IPV,1,,General/routine,NATIONAL,M2,
MSR,2023,IPV,2,,General/routine,NATIONAL,M4,
MSR,2023,MMR,3,ADULTS,Adults,NATIONAL,Y25-Y35,
MSR,2023,MMR,1,,General/routine,NATIONAL,M12,
MSR,2023,MMR,2,,General/routine,NATIONAL,M18,
MSR,2023,OPV,3,,General/routine,NATIONAL,M6,
MSR,2023,OPV,4,,General/routine,NATIONAL,M18,
MSR,2023,OPV,5,,General/routine,NATIONAL,Y4.5,
MSR,2023,OPV,6,,General/routine,NATIONAL,Y14.5,
MSR,2023,PCV10,1,,General/routine,NATIONAL,M2,M0-11
MSR,2023,PCV10,2,,General/routine,NATIONAL,M4,M0-11
MSR,2023,PCV10,3,,General/routine,NATIONAL,M6,M0-11
MSR,2023,TD_S,6,B_ADO_W,General/routine,NATIONAL,Y15,
MSR,2023,YF,1,TRAVELLERS,Travellers,NATIONAL,,travellers to endemic countries
MUS,2023,BCG,1,,General/routine,NATIONAL,M1,
MUS,2023,DTWPHIBHEPBIPV,1,,General/routine,NATIONAL,W6,
MUS,2023,DTWPHIBHEPBIPV,2,,General/routine,NATIONAL,W10,
MUS,2023,DTWPHIBHEPBIPV,3,,General/routine,NATIONAL,W14,
MUS,2023,DTWPHIBHEPBIPV,4,B_2YL_W,General/routine,NATIONAL,M18,
MUS,2023,HEPA_ADULT,1,TRAVELLERS,Travellers,NATIONAL,,Persons travelling abroad
MUS,2023,HEPB_ADULT,1,HW,Health workers,NATIONAL,,Health workers
MUS,2023,HEPB_ADULT,1,RISKGROUPS,Risk group(s),NATIONAL,,"Workers at risk, dialysis patients"
MUS,2023,HPV2,1,FEMALE,HPV for females only,NATIONAL,Y9,females aged 9 years old
MUS,2023,HPV2,2,FEMALE,HPV for females only,NATIONAL,+M6,females aged 9 years old
MUS,2023,INFLUENZA_ADULT,1,ADULTS,Adults,NATIONAL,>=Y60,
MUS,2023,INFLUENZA_ADULT,1,HW,Health workers,NATIONAL,,Health and care workers
MUS,2023,INFLUENZA_ADULT,1,PW,Pregnant women,NATIONAL,,Pregnant women
MUS,2023,INFLUENZA_ADULT,1,RISKGROUPS,Risk group(s),NATIONAL,,"Adults with chronic conditions, residents living in long-term care facilities, other groups"
MUS,2023,INFLUENZA_PEDIATRIC,1,RISKGROUPS,Risk group(s),NATIONAL,,Children with chronic conditions
MUS,2023,MEN_ACYW_135CONJ,1,TRAVELLERS,Travellers,NATIONAL,,Persons travelling abroad
MUS,2023,MMR,1,,General/routine,NATIONAL,M9,
MUS,2023,MMR,2,,General/routine,NATIONAL,M17,
MUS,2023,PCV13,1,,General/routine,NATIONAL,W6,
MUS,2023,PCV13,2,,General/routine,NATIONAL,W14,
MUS,2023,PCV13,3,,General/routine,NATIONAL,M10,
MUS,2023,ROTAVIRUS_1,1,,General/routine,NATIONAL,W6,
MUS,2023,ROTAVIRUS_1,2,,General/routine,NATIONAL,W10,
MUS,2023,TDAP_S,6,B_ADO_W,General/routine,NATIONAL,Y11,Primary school leavers
MUS,2023,TDAP_S,1,PW,Pregnant women,NATIONAL,,Pregnant women
MUS,2023,TDAP_S_IPV,5,B_CHILD_W,General/routine,NATIONAL,Y5,
MUS,2023,TT,1,RISKGROUPS,Risk group(s),NATIONAL,,Injured persons
MUS,2023,TYPHOID_PS,1,TRAVELLERS,Travellers,NATIONAL,,Persons travelling abroad
MUS,2023,YF,1,TRAVELLERS,Travellers,NATIONAL,,Persons travelling abroad
MWI,2023,BCG,1,,General/routine,NATIONAL,B,
MWI,2023,DTWPHIBHEPB,1,,General/routine,NATIONAL,W6,
MWI,2023,DTWPHIBHEPB,2,,General/routine,NATIONAL,W10,
MWI,2023,DTWPHIBHEPB,3,,General/routine,NATIONAL,W14,
MWI,2023,HPV4,1,FEMALE,HPV for females only,NATIONAL,Y9,from January 2019; females
MWI,2023,HPV4,2,FEMALE,HPV for females only,NATIONAL,+Y1,from January 2019; females
MWI,2023,IPV,4,,General/routine,NATIONAL,W14,
MWI,2023,MR,1,,General/routine,NATIONAL,M9,
MWI,2023,MR,2,,General/routine,NATIONAL,M15,
MWI,2023,OPV,1,,General/routine,NATIONAL,B,
MWI,2023,OPV,2,,General/routine,NATIONAL,W6,
MWI,2023,OPV,3,,General/routine,NATIONAL,W10,
MWI,2023,OPV,4,,General/routine,NATIONAL,W14,
MWI,2023,PCV13,1,,General/routine,NATIONAL,W6,
MWI,2023,PCV13,2,,General/routine,NATIONAL,W10,
MWI,2023,PCV13,3,,General/routine,NATIONAL,W14,
MWI,2023,ROTAVIRUS_1,1,,General/routine,NATIONAL,W6,
MWI,2023,ROTAVIRUS_1,2,,General/routine,NATIONAL,W10,
MWI,2023,RTS_S,1,,General/routine,SUBNATIONAL,M5,from April 2019 - children under 2 years
MWI,2023,RTS_S,2,,General/routine,SUBNATIONAL,M6,from April 2019 - children under 2 years
MWI,2023,RTS_S,3,,General/routine,SUBNATIONAL,M7,from April 2019 - children under 2 years
MWI,2023,RTS_S,4,,General/routine,SUBNATIONAL,M22,from April 2019 - children under 2 years
MWI,2023,TD_S,5,ADULTS,Adults,NATIONAL,+Y1,"pregnant women, CBAW"
MWI,2023,TD_S,1,ADULTS,Adults,NATIONAL,1st contact,"pregnant women, CBAW"
MWI,2023,TD_S,2,ADULTS,Adults,NATIONAL,+M1,"pregnant women, CBAW"
MWI,2023,TD_S,3,ADULTS,Adults,NATIONAL,+M6,"pregnant women, CBAW"
MWI,2023,TD_S,4,ADULTS,Adults,NATIONAL,+Y1,"pregnant women, CBAW"
MWI,2023,TD_S,4,,General/routine,NATIONAL,+Y1,"pregnant women, CBAW"
MWI,2023,TD_S,3,,General/routine,NATIONAL,+M6,"pregnant women, CBAW"
MWI,2023,TD_S,2,,General/routine,NATIONAL,+M1,"pregnant women, CBAW"
MWI,2023,TD_S,1,,General/routine,NATIONAL,1st contact,"pregnant women, CBAW"
MWI,2023,TD_S,5,,General/routine,NATIONAL,+Y1,"pregnant women, CBAW"
MWI,2023,TD_S,2,PW,Pregnant women,NATIONAL,+M1,"pregnant women, CBAW"
MWI,2023,TD_S,3,PW,Pregnant women,NATIONAL,+M6,"pregnant women, CBAW"
MWI,2023,TD_S,4,PW,Pregnant women,NATIONAL,+Y1,"pregnant women, CBAW"
MWI,2023,TD_S,5,PW,Pregnant women,NATIONAL,+Y1,"pregnant women, CBAW"
MWI,2023,TD_S,1,PW,Pregnant women,NATIONAL,1st contact,"pregnant women, CBAW"
MWI,2023,VITAMINA,2,,General/routine,NATIONAL,M12,6-59 months
MWI,2023,VITAMINA,3,,General/routine,NATIONAL,M18,6-59 months
MWI,2023,VITAMINA,4,,General/routine,NATIONAL,M24,6-59 months
MWI,2023,VITAMINA,5,,General/routine,NATIONAL,M30,6-59 months
MWI,2023,VITAMINA,6,,General/routine,NATIONAL,M36,6-59 months
MWI,2023,VITAMINA,1,,General/routine,NATIONAL,M6,6-59 months
MWI,2023,VITAMINA,1,RISKGROUPS,Risk group(s),NATIONAL,,postnatal mothers
MYS,2023,BCG,1,,General/routine,NATIONAL,B,
MYS,2023,DT,5,B_CHILD_W,General/routine,NATIONAL,Y7,
MYS,2023,DTAPHIBHEPBIPV,1,,General/routine,NATIONAL,M2,From November 2020 onwards
MYS,2023,DTAPHIBHEPBIPV,2,,General/routine,NATIONAL,M3,From November 2020 onwards
MYS,2023,DTAPHIBHEPBIPV,3,,General/routine,NATIONAL,M5,From November 2020 onwards
MYS,2023,DTAPHIBHEPBIPV,4,B_2YL_W,General/routine,NATIONAL,M18,From November 2020 onwards
MYS,2023,HEPB_ADULT,1,HW,Health workers,NATIONAL,1st contact,HCWs
MYS,2023,HEPB_ADULT,2,HW,Health workers,NATIONAL,+M1,HCWs
MYS,2023,HEPB_ADULT,3,HW,Health workers,NATIONAL,+M6,HCWs
MYS,2023,HEPB_PEDIATRIC,1,,General/routine,NATIONAL,B,"Until November 2020. From November 2020 onwards, only Hep B borth dose given. Subsequent doses given as hexavalent vaccine"
MYS,2023,HPV4,1,FEMALE,HPV for females only,NATIONAL,Y13,Given to female students only as part of School Health programme
MYS,2023,INFLUENZA_ADULT,1,ADULTS,Adults,NATIONAL,>Y18,"and older persons >=60 years (recommended but not as part of the national immunization programme, purchase on own from private sectors)"
MYS,2023,INFLUENZA_ADULT,1,HW,Health workers,NATIONAL,,Health and care workers (National program for Ministry of Health frontliners)
MYS,2023,INFLUENZA_ADULT,1,PW,Pregnant women,NATIONAL,,"Pregnant women (recommended but not as part of the national immunization programme, purchase on own from private sectors)"
MYS,2023,INFLUENZA_ADULT,1,RISKGROUPS,Risk group(s),NATIONAL,,"Adults with chronic conditions, residents living in long-term (recommended but not as part of the national immunization programme, purchase on own from private sectors)"
MYS,2023,INFLUENZA_PEDIATRIC,1,,General/routine,NATIONAL,>=M6,"Recommended but not as part of the national immunization programme, purchase on own from private sectors"
MYS,2023,INFLUENZA_PEDIATRIC,1,RISKGROUPS,Risk group(s),NATIONAL,,"Children with chronic conditions (recommended but not as part of the national immunization programme, purchase on own from private sectors)"
MYS,2023,JE_LIVEATD,1,,General/routine,SUBNATIONAL,M9,Sarawak state only
MYS,2023,JE_LIVEATD,2,,General/routine,SUBNATIONAL,M21,Sarawak state only
MYS,2023,MEASLES,1,,General/routine,SUBNATIONAL,M6,Sabah state only
MYS,2023,MEN_ACYW_135PS,1,RISKGROUPS,Risk group(s),NATIONAL,,Hajj pilgrims only
MYS,2023,MMR,1,,General/routine,NATIONAL,M9,children born July 2015 onwards
MYS,2023,MMR,2,,General/routine,NATIONAL,M12,children born July 2015 onwards
MYS,2023,PCV10,1,CATCHUP_C,Catch-up children,NATIONAL,,From 1 December 2020 onwards with catch-up vaccination for children born from 1 January 2020 onwards
MYS,2023,PCV10,2,,General/routine,NATIONAL,M6,From 1 December 2020 onwards with catch-up vaccination for children born from 1 January 2020 onwards
MYS,2023,PCV10,3,,General/routine,NATIONAL,M15,From 1 December 2020 onwards with catch-up vaccination for children born from 1 January 2020 onwards
MYS,2023,PCV10,1,,General/routine,NATIONAL,M4,From 1 December 2020 onwards with catch-up vaccination for children born from 1 January 2020 onwards
MYS,2023,TT,6,,General/routine,NATIONAL,Y15,
MYS,2023,TT,1,PW,Pregnant women,NATIONAL,,Pregnant women (2nd and 3rd trimester)
MYS,2023,TYPHOID_PS,1,RISKGROUPS,Risk group(s),NATIONAL,1st contact,All food handlers as required by Malaysian Food Hygiene Regulation - given every 3 years
MYS,2023,TYPHOID_PS,2,RISKGROUPS,Risk group(s),NATIONAL,+Y3,All food handlers as required by Malaysian Food Hygiene Regulation - given every 3 years
NAM,2023,BCG,1,,General/routine,NATIONAL,B,
NAM,2023,DT,1,B_CHILD_W,General/routine,NATIONAL,Y5,
NAM,2023,DT,2,,General/routine,NATIONAL,Y10,
NAM,2023,DTWPHIBHEPB,1,,General/routine,NATIONAL,W6,
NAM,2023,DTWPHIBHEPB,2,,General/routine,NATIONAL,W10,
NAM,2023,DTWPHIBHEPB,3,,General/routine,NATIONAL,W14,
NAM,2023,HEPB_PEDIATRIC,1,,General/routine,NATIONAL,B,
NAM,2023,IPV,1,,General/routine,NATIONAL,W14,
NAM,2023,IPV,2,,General/routine,NATIONAL,M9,
NAM,2023,MR,1,,General/routine,NATIONAL,M9,
NAM,2023,MR,2,,General/routine,NATIONAL,M15,
NAM,2023,OPV,1,,General/routine,NATIONAL,B,
NAM,2023,OPV,2,,General/routine,NATIONAL,W6,
NAM,2023,OPV,3,,General/routine,NATIONAL,W10,
NAM,2023,OPV,4,,General/routine,NATIONAL,W14,
NAM,2023,OPV,5,,General/routine,NATIONAL,Y5,
NAM,2023,OPV,6,,General/routine,NATIONAL,Y10,
NAM,2023,PCV10,1,,General/routine,NATIONAL,W6,
NAM,2023,PCV10,2,,General/routine,NATIONAL,W10,
NAM,2023,PCV10,3,,General/routine,NATIONAL,W14,
NAM,2023,ROTAVIRUS_1,1,,General/routine,NATIONAL,W6,
NAM,2023,ROTAVIRUS_1,2,,General/routine,NATIONAL,W10,
NAM,2023,ROTAVIRUS_1,3,,General/routine,NATIONAL,W14,
NAM,2023,TD_S,1,ADULTS,Adults,NATIONAL,Y15-Y49,CBAW
NAM,2023,TD_S,2,ADULTS,Adults,NATIONAL,+M1,CBAW
NAM,2023,TD_S,3,ADULTS,Adults,NATIONAL,+M6,CBAW
NAM,2023,TD_S,5,ADULTS,Adults,NATIONAL,+Y1,CBAW
NAM,2023,TD_S,4,ADULTS,Adults,NATIONAL,+Y1,CBAW
NAM,2023,TD_S,5,,General/routine,NATIONAL,+Y1,CBAW
NAM,2023,TD_S,4,,General/routine,NATIONAL,+Y1,CBAW
NAM,2023,TD_S,3,,General/routine,NATIONAL,+M6,CBAW
NAM,2023,TD_S,2,,General/routine,NATIONAL,+M1,CBAW
NAM,2023,TD_S,1,,General/routine,NATIONAL,Y15-Y49,CBAW
NAM,2023,VITAMINA,1,,General/routine,NATIONAL,M6,<Y5
NAM,2023,VITAMINA,2,,General/routine,NATIONAL,M12,<Y5
NAM,2023,VITAMINA,3,,General/routine,NATIONAL,M18,<Y5
NAM,2023,VITAMINA,4,,General/routine,NATIONAL,M24,<Y5
NAM,2023,VITAMINA,5,,General/routine,NATIONAL,M30,<Y5
NAM,2023,VITAMINA,6,,General/routine,NATIONAL,M36,<Y5
NCL,2023,BCG,1,,General/routine,NATIONAL,B,
NCL,2023,DTAPHIBHEPBIPV,1,,General/routine,NATIONAL,M2,
NCL,2023,DTAPHIBHEPBIPV,3,,General/routine,NATIONAL,M11,
NCL,2023,DTAPHIBIPV,2,,General/routine,NATIONAL,M4,
NCL,2023,DTAPIPV,4,B_CHILD_W,General/routine,NATIONAL,Y6,
NCL,2023,HEPB_PEDIATRIC,1,,General/routine,NATIONAL,B,
NCL,2023,HPV9,1,CATCHUP_C,Catch-up children,NATIONAL,Y14,"filles et rattrapage pour les filles de 14 ans; Elargissement aux garons  partir de novembre 2022, et avancement de l'ge  9 ans. Cependant, les campagnes scolairee de vaccination se font  l'ge de 11 ans."
NCL,2023,HPV9,1,BOTH,HPV administered to females and males,NATIONAL,Y9,"filles et rattrapage pour les filles de 14 ans; Elargissement aux garons  partir de novembre 2022, et avancement de l'ge  9 ans. Cependant, les campagnes scolairee de vaccination se font  l'ge de 11 ans."
NCL,2023,INFLUENZA_ADULT,1,ADULTS,Adults,NATIONAL,>=Y18,and older persons >=65 years
NCL,2023,INFLUENZA_ADULT,1,HW,Health workers,NATIONAL,,Health and care workers
NCL,2023,INFLUENZA_ADULT,1,PW,Pregnant women,NATIONAL,,Pregnant women
NCL,2023,INFLUENZA_ADULT,1,RISKGROUPS,Risk group(s),NATIONAL,,"Adults with chronic conditions, residents living in long-term care facilities, other groups"
NCL,2023,INFLUENZA_PEDIATRIC,1,,General/routine,NATIONAL,>=M6,
NCL,2023,INFLUENZA_PEDIATRIC,1,RISKGROUPS,Risk group(s),NATIONAL,,Children with chronic conditions
NCL,2023,MMR,1,,General/routine,NATIONAL,M12,
NCL,2023,MMR,2,,General/routine,NATIONAL,M16,
NCL,2023,PCV13,1,,General/routine,NATIONAL,M2,
NCL,2023,PCV13,2,,General/routine,NATIONAL,M4,
NCL,2023,PCV13,3,,General/routine,NATIONAL,M11,
NCL,2023,TDAP_S_IPV,6,ADULTS,Adults,NATIONAL,Y25,
NCL,2023,TDAP_S_IPV,5,B_ADO_W,General/routine,NATIONAL,Y11,
NCL,2023,TDIPV_S,1,ADULTS,Adults,NATIONAL,Y45,
NCL,2023,TDIPV_S,2,ADULTS,Adults,NATIONAL,Y65,
NCL,2023,TDIPV_S,3,ADULTS,Adults,NATIONAL,Y75,
NCL,2023,TDIPV_S,4,ADULTS,Adults,NATIONAL,Y85,
NER,2023,BCG,1,,General/routine,NATIONAL,B,0-11 mois
NER,2023,DTWPHIBHEPB,1,,General/routine,NATIONAL,W6,0-11 mois
NER,2023,DTWPHIBHEPB,2,,General/routine,NATIONAL,W10,0-11 mois
NER,2023,DTWPHIBHEPB,3,,General/routine,NATIONAL,W14,0-11 mois
NER,2023,IPV,1,,General/routine,NATIONAL,W14,0-11 mois
NER,2023,IPV,2,,General/routine,NATIONAL,M9,0-11 mois
NER,2023,MEASLES,1,,General/routine,NATIONAL,M9,9-23 mois
NER,2023,MEASLES,2,,General/routine,NATIONAL,M16,9-23 mois
NER,2023,MEN_A_CONJ,1,,General/routine,NATIONAL,M9,0-11 mois
NER,2023,OPV,1,,General/routine,NATIONAL,B,0-11 mois
NER,2023,OPV,2,,General/routine,NATIONAL,W6,0-11 mois
NER,2023,OPV,3,,General/routine,NATIONAL,W10,0-11 mois
NER,2023,OPV,4,,General/routine,NATIONAL,W14,0-11 mois
NER,2023,PCV13,1,,General/routine,NATIONAL,W6,0-11 mois
NER,2023,PCV13,2,,General/routine,NATIONAL,W10,0-11 mois
NER,2023,PCV13,3,,General/routine,NATIONAL,W14,0-11 mois
NER,2023,ROTAVIRUS_1,1,,General/routine,NATIONAL,W6,0-11 mois
NER,2023,ROTAVIRUS_1,2,,General/routine,NATIONAL,W10,0-11 mois
NER,2023,TD_S,1,PW,Pregnant women,NATIONAL,1st contact,femmes enceintes de 15-49 ans
NER,2023,TD_S,2,PW,Pregnant women,NATIONAL,+W4,femmes enceintes de 15-49 ans
NER,2023,TD_S,3,PW,Pregnant women,NATIONAL,+M6,femmes enceintes de 15-49 ans
NER,2023,TD_S,4,PW,Pregnant women,NATIONAL,+Y1,femmes enceintes de 15-49 ans
NER,2023,TD_S,5,PW,Pregnant women,NATIONAL,+Y1,femmes enceintes de 15-49 ans
NER,2023,VITAMINA,1,,General/routine,NATIONAL,M6,0-23 mois
NER,2023,VITAMINA,2,,General/routine,NATIONAL,M12,0-23 mois
NER,2023,VITAMINA,3,,General/routine,NATIONAL,M18,0-23 mois
NER,2023,VITAMINA,4,,General/routine,NATIONAL,M23,0-23 mois
NER,2023,YF,1,,General/routine,NATIONAL,M9,0-11 mois
NGA,2023,BCG,1,,General/routine,NATIONAL,B,Live Births
NGA,2023,DTWPHIBHEPB,1,,General/routine,NATIONAL,W6,surviving infants
NGA,2023,DTWPHIBHEPB,2,,General/routine,NATIONAL,W10,surviving infants
NGA,2023,DTWPHIBHEPB,3,,General/routine,NATIONAL,W14,surviving infants
NGA,2023,HEPB_PEDIATRIC,1,,General/routine,NATIONAL,B,Live Births
NGA,2023,HPV4,1,FEMALE,HPV for females only,SUBNATIONAL,Y9,9 years
NGA,2023,IPV,1,,General/routine,NATIONAL,W6,surviving infants
NGA,2023,IPV,2,,General/routine,NATIONAL,W14,surviving infants
NGA,2023,MEASLES,1,,General/routine,NATIONAL,M9,surviving infants
NGA,2023,MEASLES,2,,General/routine,NATIONAL,M15,surviving infants
NGA,2023,MEN_A_CONJ,1,,General/routine,NATIONAL,M9,Surviving infants
NGA,2023,OPV,1,,General/routine,NATIONAL,B,
NGA,2023,OPV,2,,General/routine,NATIONAL,W6,
NGA,2023,OPV,3,,General/routine,NATIONAL,W10,
NGA,2023,OPV,4,,General/routine,NATIONAL,W14,
NGA,2023,PCV10,1,,General/routine,NATIONAL,W6,surviving infants
NGA,2023,PCV10,2,,General/routine,NATIONAL,W10,surviving infants
NGA,2023,PCV10,3,,General/routine,NATIONAL,W14,surviving infants
NGA,2023,ROTAVIRUS_5,1,,General/routine,NATIONAL,W6,surviving infants
NGA,2023,ROTAVIRUS_5,2,,General/routine,NATIONAL,W10,surviving infants
NGA,2023,ROTAVIRUS_5,3,,General/routine,NATIONAL,W14,surviving infants
NGA,2023,TD_S,1,PW,Pregnant women,NATIONAL,1st contact,pregnant women
NGA,2023,TD_S,2,PW,Pregnant women,NATIONAL,+M1,pregnant women
NGA,2023,TD_S,3,PW,Pregnant women,NATIONAL,+M6,pregnant women
NGA,2023,TD_S,4,PW,Pregnant women,NATIONAL,+Y1,pregnant women
NGA,2023,TD_S,5,PW,Pregnant women,NATIONAL,+Y1,pregnant women
NGA,2023,VITAMINA,1,,General/routine,NATIONAL,M6,6-23 months
NGA,2023,VITAMINA,2,,General/routine,NATIONAL,M12,6-23 months
NGA,2023,YF,1,,General/routine,NATIONAL,M9,surviving infants
NIC,2023,BCG,1,,General/routine,NATIONAL,B,
NIC,2023,DTWP,4,B_2YL_W,General/routine,NATIONAL,M18,Grupo de 18 meses y el de 6 aos
NIC,2023,DTWP,5,B_CHILD_W,General/routine,NATIONAL,Y6,Grupo de 18 meses y el de 6 aos
NIC,2023,DTWPHIBHEPB,1,,General/routine,NATIONAL,M2,Menor de 1 ao
NIC,2023,DTWPHIBHEPB,2,,General/routine,NATIONAL,M4,Menor de 1 ao
NIC,2023,DTWPHIBHEPB,3,,General/routine,NATIONAL,M6,Menor de 1 ao
NIC,2023,HEPB_ADULT,1,HW,Health workers,NATIONAL,1st contact,"Grupos de Riesgo, principalmente trabajadores de la salud del sector pblico y privado, algunos pacientes con Insuficiencia Renal Crnica. El  esquema es de tres dosis: 1ra dosis/Primer contacto  - 2da dosis/1 mes despus - 3ra dosis/6 meses (5 meses despes de la 1era dosis)"
NIC,2023,HEPB_ADULT,2,HW,Health workers,NATIONAL,+M1,"Grupos de Riesgo, principalmente trabajadores de la salud del sector pblico y privado, algunos pacientes con Insuficiencia Renal Crnica. El  esquema es de tres dosis: 1ra dosis/Primer contacto  - 2da dosis/1 mes despus - 3ra dosis/6 meses (5 meses despes de la 1era dosis)"
NIC,2023,HEPB_ADULT,3,HW,Health workers,NATIONAL,+M6,"Grupos de Riesgo, principalmente trabajadores de la salud del sector pblico y privado, algunos pacientes con Insuficiencia Renal Crnica. El  esquema es de tres dosis: 1ra dosis/Primer contacto  - 2da dosis/1 mes despus - 3ra dosis/6 meses (5 meses despes de la 1era dosis)"
NIC,2023,HEPB_ADULT,1,RISKGROUPS,Risk group(s),NATIONAL,1st contact,"Grupos de Riesgo, principalmente trabajadores de la salud del sector pblico y privado, algunos pacientes con Insuficiencia Renal Crnica. El  esquema es de tres dosis: 1ra dosis/Primer contacto  - 2da dosis/1 mes despus - 3ra dosis/6 meses (5 meses despes de la 1era dosis)"
NIC,2023,HEPB_ADULT,3,RISKGROUPS,Risk group(s),NATIONAL,+M6,"Grupos de Riesgo, principalmente trabajadores de la salud del sector pblico y privado, algunos pacientes con Insuficiencia Renal Crnica. El  esquema es de tres dosis: 1ra dosis/Primer contacto  - 2da dosis/1 mes despus - 3ra dosis/6 meses (5 meses despes de la 1era dosis)"
NIC,2023,HEPB_ADULT,2,RISKGROUPS,Risk group(s),NATIONAL,+M1,"Grupos de Riesgo, principalmente trabajadores de la salud del sector pblico y privado, algunos pacientes con Insuficiencia Renal Crnica. El  esquema es de tres dosis: 1ra dosis/Primer contacto  - 2da dosis/1 mes despus - 3ra dosis/6 meses (5 meses despes de la 1era dosis)"
NIC,2023,HPV2,1,FEMALE,HPV for females only,NATIONAL,Y10,"10 aos sexo femenino. Durante el primer ao de introduccin tambin se vacuna con dos dosis a nias de 11,12,13 y 14 aos"
NIC,2023,HPV2,2,FEMALE,HPV for females only,NATIONAL,+M6,"10 aos sexo femenino. Durante el primer ao de introduccin tambin se vacuna con dos dosis a nias de 11,12,13 y 14 aos"
NIC,2023,INFLUENZA_ADULT,1,HW,Health workers,NATIONAL,,Health and care workers
NIC,2023,INFLUENZA_ADULT,1,PW,Pregnant women,NATIONAL,,Pregnant women
NIC,2023,INFLUENZA_ADULT,1,RISKGROUPS,Risk group(s),NATIONAL,,Adults with chronic conditions
NIC,2023,INFLUENZA_PEDIATRIC,1,RISKGROUPS,Risk group(s),NATIONAL,,Children with chronic conditions
NIC,2023,IPV,1,,General/routine,NATIONAL,M2,Menores de 1 ao
NIC,2023,IPV,2,,General/routine,NATIONAL,M4,Menores de 1 ao
NIC,2023,MMR,1,,General/routine,NATIONAL,M12,Grupo de 1 ao
NIC,2023,MMR,2,,General/routine,NATIONAL,M18,Grupo de 1 ao
NIC,2023,MR,1,HW,Health workers,NATIONAL,,"Grupos de Riesgo: trabajadores de la salud, adultos y trabajadores de embarcaciones, sin documentacin de su historia y es un requisito, se le aplica esta vacuna. Vacunacion adultos en un brote."
NIC,2023,MR,1,RISKGROUPS,Risk group(s),NATIONAL,>=Y13,"Grupos de Riesgo: trabajadores de la salud, adultos y trabajadores de embarcaciones, sin documentacin de su historia y es un requisito, se le aplica esta vacuna. Vacunacion adultos en un brote."
NIC,2023,OPV,3,,General/routine,NATIONAL,M6,Menor de 1 ao y de 1 ao
NIC,2023,OPV,4,,General/routine,NATIONAL,M18,Menor de 1 ao y de 1 ao
NIC,2023,PCV13,1,,General/routine,NATIONAL,M2,Menores de 1 ao
NIC,2023,PCV13,2,,General/routine,NATIONAL,M4,Menores de 1 ao
NIC,2023,PCV13,3,,General/routine,NATIONAL,M6,Menores de 1 ao
NIC,2023,PPV23,1,RISKGROUPS,Risk group(s),NATIONAL,Y50,Cohorte de 50 aos y algunos pacientes adultos con esplenectomia
NIC,2023,RABIES,1,RISKGROUPS,Risk group(s),NATIONAL,1st contact,"Grupo de riesgo que sufre lesiones por aniimales transmisores de rabia, se aplica en todas edades lo que vara es la dosis, esta se calcula segn peso del lesionado.."
NIC,2023,RABIES,2,RISKGROUPS,Risk group(s),NATIONAL,+D3,"Grupo de riesgo que sufre lesiones por aniimales transmisores de rabia, se aplica en todas edades lo que vara es la dosis, esta se calcula segn peso del lesionado.."
NIC,2023,RABIES,3,RISKGROUPS,Risk group(s),NATIONAL,+D7,"Grupo de riesgo que sufre lesiones por aniimales transmisores de rabia, se aplica en todas edades lo que vara es la dosis, esta se calcula segn peso del lesionado.."
NIC,2023,RABIES,4,RISKGROUPS,Risk group(s),NATIONAL,+D14,"Grupo de riesgo que sufre lesiones por aniimales transmisores de rabia, se aplica en todas edades lo que vara es la dosis, esta se calcula segn peso del lesionado.."
NIC,2023,ROTAVIRUS_1,1,,General/routine,NATIONAL,M2,Menor de 1 ao
NIC,2023,ROTAVIRUS_1,2,,General/routine,NATIONAL,M4,Menor de 1 ao
NIC,2023,TD_S,1,ADULTS,Adults,NATIONAL,Y20,Grupo de 10 y 20 aos
NIC,2023,TD_S,6,B_ADO_W,General/routine,NATIONAL,Y10,Grupo de 10 y 20 aos
NIC,2023,TD_S,1,PW,Pregnant women,NATIONAL,1st contact,Embarazadas - 1 dosis en el primer embarazo
NIC,2023,TD_S,1,RISKGROUPS,Risk group(s),NATIONAL,1st contact,"20 aos; Poblacin mayor de 20 aos que no cuentan con historial de haber recibido las dosis primarias se aplica un esquema de 5 dosis: 1ra al contacto, 2da a los 4 meses de la 1era, 3era a los 6 meses de la 2da,, 4ta al ao de la 3era dosis y una 5ta al ao de la 4ta dosis; Embarazadas - 1 dosis en el primer embarazo"
NIC,2023,TD_S,2,RISKGROUPS,Risk group(s),NATIONAL,+M1,"20 aos; Poblacin mayor de 20 aos que no cuentan con historial de haber recibido las dosis primarias se aplica un esquema de 5 dosis: 1ra al contacto, 2da a los 4 meses de la 1era, 3era a los 6 meses de la 2da,, 4ta al ao de la 3era dosis y una 5ta al ao de la 4ta dosis; Embarazadas - 1 dosis en el primer embarazo"
NIC,2023,TD_S,3,RISKGROUPS,Risk group(s),NATIONAL,+M6,"20 aos; Poblacin mayor de 20 aos que no cuentan con historial de haber recibido las dosis primarias se aplica un esquema de 5 dosis: 1ra al contacto, 2da a los 4 meses de la 1era, 3era a los 6 meses de la 2da,, 4ta al ao de la 3era dosis y una 5ta al ao de la 4ta dosis; Embarazadas - 1 dosis en el primer embarazo"
NIC,2023,TD_S,4,RISKGROUPS,Risk group(s),NATIONAL,+Y1,"20 aos; Poblacin mayor de 20 aos que no cuentan con historial de haber recibido las dosis primarias se aplica un esquema de 5 dosis: 1ra al contacto, 2da a los 4 meses de la 1era, 3era a los 6 meses de la 2da,, 4ta al ao de la 3era dosis y una 5ta al ao de la 4ta dosis; Embarazadas - 1 dosis en el primer embarazo"
NIC,2023,TD_S,5,RISKGROUPS,Risk group(s),NATIONAL,+Y1,"20 aos; Poblacin mayor de 20 aos que no cuentan con historial de haber recibido las dosis primarias se aplica un esquema de 5 dosis: 1ra al contacto, 2da a los 4 meses de la 1era, 3era a los 6 meses de la 2da,, 4ta al ao de la 3era dosis y una 5ta al ao de la 4ta dosis; Embarazadas - 1 dosis en el primer embarazo"
NIC,2023,YF,1,RISKGROUPS,Risk group(s),NATIONAL,M9-Y59,Grupos de Riesgo/Viajeros desde los 9 meses hasta 59 aos. Una sola dosis.
NIC,2023,YF,1,TRAVELLERS,Travellers,NATIONAL,M9-Y59,Grupos de Riesgo/Viajeros desde los 9 meses hasta 59 aos. Una sola dosis.
NIU,2023,BCG,1,,General/routine,NATIONAL,B,
NIU,2023,DTAPHIBHEPBIPV,1,,General/routine,NATIONAL,W6,
NIU,2023,DTAPHIBHEPBIPV,2,,General/routine,NATIONAL,M3,
NIU,2023,DTAPHIBHEPBIPV,3,,General/routine,NATIONAL,M5,
NIU,2023,HEPB_PEDIATRIC,1,,General/routine,NATIONAL,B,
NIU,2023,HIB,4,,General/routine,NATIONAL,M15,
NIU,2023,HPV9,1,BOTH,HPV administered to females and males,NATIONAL,Y12,females and males; x2 doses administered to all persons <=14 years (2nd dose administered +6 months after the 1st dose)
NIU,2023,HPV9,2,BOTH,HPV administered to females and males,NATIONAL,+M6,females and males; x2 doses administered to all persons <=14 years (2nd dose administered +6 months after the 1st dose)
NIU,2023,INFLUENZA_ADULT,1,ADULTS,Adults,NATIONAL,,Older persons
NIU,2023,INFLUENZA_ADULT,1,HW,Health workers,NATIONAL,,Health and care workers
NIU,2023,INFLUENZA_ADULT,1,PW,Pregnant women,NATIONAL,,Pregnant women
NIU,2023,INFLUENZA_ADULT,1,RISKGROUPS,Risk group(s),NATIONAL,,"Adults with chronic conditions, residents living in long-term care facilities"
NIU,2023,INFLUENZA_PEDIATRIC,1,RISKGROUPS,Risk group(s),NATIONAL,,Children with chronic conditions
NIU,2023,MMR,1,,General/routine,NATIONAL,M15,
NIU,2023,MMR,2,,General/routine,NATIONAL,Y4,
NIU,2023,PCV13,1,,General/routine,NATIONAL,W6,
NIU,2023,PCV13,2,,General/routine,NATIONAL,M3,
NIU,2023,PCV13,3,,General/routine,NATIONAL,M5,
NIU,2023,PCV13,4,,General/routine,NATIONAL,M15,
NIU,2023,ROTAVIRUS_1,1,,General/routine,NATIONAL,W6,
NIU,2023,ROTAVIRUS_1,2,,General/routine,NATIONAL,M3,
NIU,2023,TD_S,1,ADULTS,Adults,NATIONAL,Y45,
NIU,2023,TD_S,2,ADULTS,Adults,NATIONAL,Y65,
NIU,2023,TDAP_S,5,B_ADO_W,General/routine,NATIONAL,Y11,
NIU,2023,TDAP_S,1,PW,Pregnant women,NATIONAL,,Pregnancy
NIU,2023,TDAP_S_IPV,4,B_CHILD_W,General/routine,NATIONAL,Y4,
NIU,2023,VARICELLA,1,,General/routine,NATIONAL,M15,
NLD,2023,DTAPHIBHEPBIPV,1,,General/routine,NATIONAL,M3,
NLD,2023,DTAPHIBHEPBIPV,2,,General/routine,NATIONAL,M5,
NLD,2023,DTAPHIBHEPBIPV,3,,General/routine,NATIONAL,M11,
NLD,2023,DTAPHIBHEPBIPV,1,RISKGROUPS,Risk group(s),NATIONAL,M2,Additional vaccination at M2 when mother is not vaccinated against pertussis during pregnancy and in some other special situaions
NLD,2023,DTAPIPV,4,B_CHILD_W,General/routine,NATIONAL,Y4,
NLD,2023,HEPA_HEPB,1,RISKGROUPS,Risk group(s),NATIONAL,,MSM and sex workers
NLD,2023,HEPB_ADULT,1,RISKGROUPS,Risk group(s),NATIONAL,,Immigrants from endemic countries
NLD,2023,HEPB_PEDIATRIC,1,RISKGROUPS,Risk group(s),NATIONAL,<D2,<H48; children of carrier mothers
NLD,2023,HPV2,1,BOTH,HPV administered to females and males,NATIONAL,Y10,Females and males
NLD,2023,HPV2,2,BOTH,HPV administered to females and males,NATIONAL,+M6,Females and males
NLD,2023,INFLUENZA_ADULT,1,ADULTS,Adults,NATIONAL,>=Y60,
NLD,2023,INFLUENZA_ADULT,1,HW,Health workers,NATIONAL,,Health and care workers
NLD,2023,INFLUENZA_ADULT,1,PW,Pregnant women,NATIONAL,,Pregnant women
NLD,2023,INFLUENZA_ADULT,1,RISKGROUPS,Risk group(s),NATIONAL,,"Adults with chronic conditions, residents living in long-term care facilities, other groups"
NLD,2023,INFLUENZA_PEDIATRIC,1,RISKGROUPS,Risk group(s),NATIONAL,,Children with chronic conditions
NLD,2023,MEN_ACYW_135CONJ,1,,General/routine,NATIONAL,M14,
NLD,2023,MEN_ACYW_135CONJ,2,,General/routine,NATIONAL,Y14,
NLD,2023,MMR,1,,General/routine,NATIONAL,M14,
NLD,2023,MMR,2,,General/routine,NATIONAL,Y9,
NLD,2023,PCV10,1,,General/routine,NATIONAL,M3,
NLD,2023,PCV10,2,,General/routine,NATIONAL,M5,
NLD,2023,PCV10,3,,General/routine,NATIONAL,M11,
NLD,2023,PPV23,1,ADULTS,Adults,NATIONAL,,"In 2023, this was administered to people born between 1 January 1953 and 31 December 1956"
NLD,2023,TDAP_S,1,PW,Pregnant women,NATIONAL,,"Pregnant women, >W22 of pregnancy"
NLD,2023,TDIPV_S,5,B_ADO_W,General/routine,NATIONAL,Y9,
NOR,2023,BCG,1,RISKGROUPS,Risk group(s),NATIONAL,W6,Defined risk groups
NOR,2023,DTAPHIBHEPBIPV,1,,General/routine,NATIONAL,M3,
NOR,2023,DTAPHIBHEPBIPV,2,,General/routine,NATIONAL,M5,
NOR,2023,DTAPHIBHEPBIPV,3,,General/routine,NATIONAL,M12,
NOR,2023,DTAPHIBHEPBIPV,1,RISKGROUPS,Risk group(s),NATIONAL,W6,Defined risk groups (premature born)
NOR,2023,DTAPIPV,4,B_CHILD_W,General/routine,NATIONAL,Y7,
NOR,2023,HEPB_PEDIATRIC,1,RISKGROUPS,Risk group(s),NATIONAL,B,Defined risk groups
NOR,2023,HEPB_PEDIATRIC,2,RISKGROUPS,Risk group(s),NATIONAL,M1,Defined risk groups
NOR,2023,HEPB_PEDIATRIC,3,RISKGROUPS,Risk group(s),NATIONAL,M3,Defined risk groups
NOR,2023,HEPB_PEDIATRIC,4,RISKGROUPS,Risk group(s),NATIONAL,M5,Defined risk groups
NOR,2023,HEPB_PEDIATRIC,5,RISKGROUPS,Risk group(s),NATIONAL,M12,Defined risk groups
NOR,2023,HPV2,1,BOTH,HPV administered to females and males,NATIONAL,Y12,Females and males
NOR,2023,HPV2,2,BOTH,HPV administered to females and males,NATIONAL,+M6,Females and males
NOR,2023,INFLUENZA_ADULT,1,ADULTS,Adults,NATIONAL,>=Y65,
NOR,2023,INFLUENZA_ADULT,1,HW,Health workers,NATIONAL,,Health and care workers
NOR,2023,INFLUENZA_ADULT,1,PW,Pregnant women,NATIONAL,,Pregnant women
NOR,2023,INFLUENZA_ADULT,1,RISKGROUPS,Risk group(s),NATIONAL,,"Adults with chronic conditions, residents living in long-term care facilities, other groups"
NOR,2023,INFLUENZA_PEDIATRIC,1,RISKGROUPS,Risk group(s),NATIONAL,,Children with chronic conditions
NOR,2023,MMR,1,,General/routine,NATIONAL,M15,
NOR,2023,MMR,2,,General/routine,NATIONAL,Y11,
NOR,2023,PCV13,1,,General/routine,NATIONAL,M3,
NOR,2023,PCV13,2,,General/routine,NATIONAL,M5,
NOR,2023,PCV13,3,,General/routine,NATIONAL,M12,
NOR,2023,ROTAVIRUS_1,1,,General/routine,NATIONAL,W6,
NOR,2023,ROTAVIRUS_1,2,,General/routine,NATIONAL,M3,
NOR,2023,TDAP_S_IPV,5,B_ADO_W,General/routine,NATIONAL,Y15,
NPL,2023,BCG,1,,General/routine,NATIONAL,B,<1 year
NPL,2023,DTWPHIBHEPB,1,,General/routine,NATIONAL,W6,<1 year
NPL,2023,DTWPHIBHEPB,2,,General/routine,NATIONAL,W10,<1 year
NPL,2023,DTWPHIBHEPB,3,,General/routine,NATIONAL,W14,<1 year
NPL,2023,IPV_FRAC,1,,General/routine,NATIONAL,W14,<1 year
NPL,2023,IPV_FRAC,2,,General/routine,NATIONAL,M9,<1 year
NPL,2023,JE_LIVEATD,1,,General/routine,NATIONAL,M12,12-23 months
NPL,2023,MR,1,,General/routine,NATIONAL,M9,<1 year and 12-23 months
NPL,2023,MR,2,,General/routine,NATIONAL,M15,<1 year and 12-23 months
NPL,2023,OPV,1,,General/routine,NATIONAL,W6,<1 year
NPL,2023,OPV,2,,General/routine,NATIONAL,W10,<1 year
NPL,2023,OPV,3,,General/routine,NATIONAL,W14,<1 year
NPL,2023,PCV10,1,,General/routine,NATIONAL,W6,<1 year
NPL,2023,PCV10,2,,General/routine,NATIONAL,W10,<1 year
NPL,2023,PCV10,3,,General/routine,NATIONAL,M9,<1 year
NPL,2023,ROTAVIRUS_1,1,,General/routine,NATIONAL,W6,<1 year
NPL,2023,ROTAVIRUS_1,2,,General/routine,NATIONAL,W10,<1 year
NPL,2023,TD_S,1,PW,Pregnant women,NATIONAL,1st contact,"Pregnant women; at first visit during first pregnancy, 1 month interval after first dose, 1 dose each in subsequent pregnancy"
NPL,2023,TD_S,2,PW,Pregnant women,NATIONAL,+M1,"Pregnant women; at first visit during first pregnancy, 1 month interval after first dose, 1 dose each in subsequent pregnancy"
NPL,2023,TYPHOID_CONJ,1,,General/routine,NATIONAL,M15,15-23 months
NPL,2023,VITAMINA,1,,General/routine,NATIONAL,M6-M59,M6-<Y5
NPL,2023,VITAMINA,2,,General/routine,NATIONAL,+M6,M6-<Y5
NRU,2021,BCG,1,,General/routine,NATIONAL,B,
NRU,2021,DTAP,4,B_2YL_W,General/routine,NATIONAL,M18,
NRU,2021,DTAP,5,B_CHILD_W,General/routine,NATIONAL,Y4,
NRU,2021,DTWPHIBHEPB,1,,General/routine,NATIONAL,W6,
NRU,2021,DTWPHIBHEPB,2,,General/routine,NATIONAL,W10,
NRU,2021,DTWPHIBHEPB,3,,General/routine,NATIONAL,W14,
NRU,2021,HEPB_PEDIATRIC,1,,General/routine,NATIONAL,B,
NRU,2021,HPV2,1,FEMALE,HPV for females only,NATIONAL,Y11-Y14,
NRU,2021,HPV2,2,FEMALE,HPV for females only,NATIONAL,Y11-Y14,
NRU,2021,IPV,1,,General/routine,NATIONAL,W14,
NRU,2021,MR,1,,General/routine,NATIONAL,M12,
NRU,2021,MR,2,,General/routine,NATIONAL,M15,
NRU,2021,OPV,1,,General/routine,NATIONAL,W6,
NRU,2021,OPV,2,,General/routine,NATIONAL,W10,
NRU,2021,OPV,3,,General/routine,NATIONAL,W14,
NRU,2021,PCV13,1,,General/routine,NATIONAL,W6,
NRU,2021,PCV13,2,,General/routine,NATIONAL,W10,
NRU,2021,PCV13,3,,General/routine,NATIONAL,W14,
NRU,2021,ROTAVIRUS_1,1,,General/routine,NATIONAL,W6,
NRU,2021,ROTAVIRUS_1,2,,General/routine,NATIONAL,W14,
NRU,2021,TD_S,1,PW,Pregnant women,NATIONAL,,Pregnant women: 1st dose in 1st trimester and 2nd dose in 2nd trimester
NRU,2021,TD_S,2,PW,Pregnant women,NATIONAL,,Pregnant women: 1st dose in 1st trimester and 2nd dose in 2nd trimester
NZL,2023,BCG,1,RISKGROUPS,Risk group(s),NATIONAL,B,At-risk neonates
NZL,2023,DTAPHIBHEPBIPV,2,,General/routine,NATIONAL,M3,
NZL,2023,DTAPHIBHEPBIPV,3,,General/routine,NATIONAL,M5,
NZL,2023,DTAPHIBHEPBIPV,1,,General/routine,NATIONAL,W6,
NZL,2023,DTAPHIBHEPBIPV,1,RISKGROUPS,Risk group(s),NATIONAL,,"Revaccination for children aged <10y post HSCT or chemotherapy, pre- or post- splenectomy, pre- or post solid organ transplant, dialysis, or other severely immunosuppressive regimens"
NZL,2023,DTAPIPV,4,B_CHILD_W,General/routine,NATIONAL,Y4,
NZL,2023,DTAPIPV,1,RISKGROUPS,Risk group(s),NATIONAL,,"for children who have previously had meningococcal disease of any group, patients pre- or post-splenectomy or with functional asplenia, HIV infection, complement deficiency, pre- or post-solid organ transplant or HSCT, following immunosuppression, and close contacts of meningococcal cases"
NZL,2023,HEPA_ADULT,1,RISKGROUPS,Risk group(s),NATIONAL,,"transplant patients, close contacts of Hepatitis A cases"
NZL,2023,HEPA_PEDIATRIC,1,RISKGROUPS,Risk group(s),NATIONAL,,"transplant patients, children with chronic liver disease, close contacts of Hepatitis A cases"
NZL,2023,HEPB_ADULT,1,RISKGROUPS,Risk group(s),NATIONAL,,"household/sexual contacts of HBsAg-positive, HIV-positive, Hepatitis C-positive, prior to or following solid organ transplant, post-HSCT, dialysis patients; prior to planned or"
NZL,2023,HEPB_PEDIATRIC,1,RISKGROUPS,Risk group(s),NATIONAL,B,infants born to mothers who are HBs-AG-positive; and other risk groups and children <18 years who require vaccination to achieve positive serology or to complete primary series of vaccination
NZL,2023,HIB,4,,General/routine,NATIONAL,M15,
NZL,2023,HPV9,1,BOTH,HPV administered to females and males,NATIONAL,Y11-Y13,"females and males; x2 doses in school years 7 and 8, 3rd dose if started from Y15+. HPV immunisation is also funded in general practice for anyone aged 9 to 26 years"
NZL,2023,HPV9,2,BOTH,HPV administered to females and males,NATIONAL,Y11-Y13,"females and males; x2 doses in school years 7 and 8, 3rd dose if started from Y15+. HPV immunisation is also funded in general practice for anyone aged 9 to 26 years"
NZL,2023,IPV,1,RISKGROUPS,Risk group(s),NATIONAL,,"partially vaccinated or previously unvaccinated individuals, or revaccination following immunosuppression"
NZL,2023,MEN_ACYW_135CONJ,1,RISKGROUPS,Risk group(s),NATIONAL,,"patients pre- or post- splenectomy or with functional asplenia, HIV infection, complement deficiency, pre- or post- solid-organ transplant or HSCT, following immunosuppression, and close contacts of meningococcal cases, Y13-25 in close living situation"
NZL,2023,MEN_B,1,CATCHUP_C,Catch-up children,NATIONAL,,See https://schedule.pharmac.govt.nz/ScheduleOnline.php?edition=&osq=Meningococcal+B+multicomponent+vaccine
NZL,2023,MEN_B,1,,General/routine,NATIONAL,,See https://schedule.pharmac.govt.nz/ScheduleOnline.php?edition=&osq=Meningococcal+B+multicomponent+vaccine
NZL,2023,MEN_B,2,,General/routine,NATIONAL,,See https://schedule.pharmac.govt.nz/ScheduleOnline.php?edition=&osq=Meningococcal+B+multicomponent+vaccine
NZL,2023,MEN_B,3,,General/routine,NATIONAL,,See https://schedule.pharmac.govt.nz/ScheduleOnline.php?edition=&osq=Meningococcal+B+multicomponent+vaccine
NZL,2023,MEN_B,1,RISKGROUPS,Risk group(s),NATIONAL,,See https://schedule.pharmac.govt.nz/ScheduleOnline.php?edition=&osq=Meningococcal+B+multicomponent+vaccine
NZL,2023,MEN_C_CONJ,1,RISKGROUPS,Risk group(s),NATIONAL,,"patients pre- or post- splenectomy or with functional asplenia, HIV infection, complement deficiency, pre- or post- solid-organ transplant or HSCT, following immunosuppression, and close contacts of meningococcal cases"
NZL,2023,MMR,2,,General/routine,NATIONAL,M15,Changed from M15/Y4 in 2020
NZL,2023,MMR,1,,General/routine,NATIONAL,M12,Changed from M15/Y4 in 2020
NZL,2023,MMR,1,RISKGROUPS,Risk group(s),NATIONAL,,adults susceptible to one of MMR; no documented measles lgG anitbody; revaccination after immunosuppression
NZL,2023,PCV13,1,,General/routine,NATIONAL,W6,Replaced PCV10 from 1 November 2022
NZL,2023,PCV13,2,,General/routine,NATIONAL,M5,Replaced PCV10 from 1 November 2022
NZL,2023,PCV13,3,,General/routine,NATIONAL,M12,Replaced PCV10 from 1 November 2022
NZL,2023,PCV13,1,RISKGROUPS,Risk group(s),NATIONAL,,"As part of the extended immunisation programme for high-risk groups, PCV13 and PPV23 are funded for eligible individuals, as shown in https://schedule.pharmac.govt.nz/ScheduleOnline.php?edition=&osq=pcv13"
NZL,2023,PPV23,1,RISKGROUPS,Risk group(s),NATIONAL,,"As part of the extended immunisation programme for high-risk groups, PCV13 and PPV23 are funded for eligible individuals as shown in https://schedule.pharmac.govt.nz/ScheduleOnline.php?edition=&osq=ppv23"
NZL,2023,ROTAVIRUS_1,1,,General/routine,NATIONAL,W6,
NZL,2023,ROTAVIRUS_1,2,,General/routine,NATIONAL,M3,
NZL,2023,TDAP_S,1,ADULTS,Adults,NATIONAL,Y65,"Y45 dose if for persons who have not had 4 previous tetanus vaccines, Y65 for all adults, and for pregnancy between 28 and 38 weeks' gestation"
NZL,2023,TDAP_S,5,B_ADO_W,General/routine,NATIONAL,Y11-Y13,
NZL,2023,TDAP_S,1,PW,Pregnant women,NATIONAL,,Pregnancy between 28 and 38 weeks' gestation
NZL,2023,TDAP_S,1,RISKGROUPS,Risk group(s),NATIONAL,Y45,"Y45 dose if for persons who have not had 4 previous tetanus vaccines, Y65 for all adults, and for pregnancy between 28 and 38 weeks' gestation"
NZL,2023,VARICELLA,1,,General/routine,NATIONAL,M15,"Excerpt from varicella criteria: Maximum of one dose for primary vaccination for either: a. Any infant born on or after 1 April 2016; or b. For previously unvaccinated children turning 11 years old on or after 1 July 2017, who have not previously had a varicella infection (chickenpox)"
NZL,2023,VARICELLA,1,RISKGROUPS,Risk group(s),NATIONAL,,certain high-risk groups
NZL,2023,ZOSTER,1,ADULTS,Adults,NATIONAL,Y65,"in December 2022, NZ changed from a one-dose live varicella-zoster virus vaccine, to a two-dose adjuvanted recombinant subunit zoster vaccine"
NZL,2023,ZOSTER,2,ADULTS,Adults,NATIONAL,Y65,"in December 2022, NZ changed from a one-dose live varicella-zoster virus vaccine, to a two-dose adjuvanted recombinant subunit zoster vaccine"
OMN,2023,BCG,1,,General/routine,NATIONAL,B,
OMN,2023,DT,1,B_CHILD_W,General/routine,NATIONAL,Y6,school students at grade 1
OMN,2023,DTAPHIBHEPBIPV,1,,General/routine,NATIONAL,M2,
OMN,2023,DTAPHIBHEPBIPV,2,,General/routine,NATIONAL,M4,
OMN,2023,DTWP,1,B_2YL_W,General/routine,NATIONAL,M18,
OMN,2023,DTWPHIBHEPB,3,,General/routine,NATIONAL,M6,
OMN,2023,HEPA_PEDIATRIC,1,,General/routine,NATIONAL,M18,
OMN,2023,HEPA_PEDIATRIC,2,,General/routine,NATIONAL,M24,
OMN,2023,HEPB_ADULT,1,HW,Health workers,NATIONAL,,HCWs
OMN,2023,HEPB_ADULT,1,RISKGROUPS,Risk group(s),NATIONAL,,Renal dialysis patients
OMN,2023,HEPB_PEDIATRIC,1,,General/routine,NATIONAL,B,
OMN,2023,HIB,1,RISKGROUPS,Risk group(s),NATIONAL,,immunocompromised
OMN,2023,INFLUENZA_ADULT,1,ADULTS,Adults,NATIONAL,>=Y65,
OMN,2023,INFLUENZA_ADULT,1,HW,Health workers,NATIONAL,,Health and care workers
OMN,2023,INFLUENZA_ADULT,1,PW,Pregnant women,NATIONAL,,Pregnant women
OMN,2023,INFLUENZA_ADULT,1,RISKGROUPS,Risk group(s),NATIONAL,,"Adults with chronic conditions, other groups"
OMN,2023,INFLUENZA_PEDIATRIC,1,,General/routine,NATIONAL,M24,
OMN,2023,INFLUENZA_PEDIATRIC,1,RISKGROUPS,Risk group(s),NATIONAL,,Children with chronic conditions
OMN,2023,IPV,1,RISKGROUPS,Risk group(s),NATIONAL,,lab technician
OMN,2023,MEN_ACYW_135PS,1,RISKGROUPS,Risk group(s),NATIONAL,,"hajj and umra pilgrims, travellers to pandemic areas"
OMN,2023,MEN_ACYW_135PS,1,TRAVELLERS,Travellers,NATIONAL,,"hajj and umra pilgrims, travellers to pandemic areas"
OMN,2023,MMR,3,ADULTS,Adults,NATIONAL,>Y34,post partum
OMN,2023,MMR,1,,General/routine,NATIONAL,M12,
OMN,2023,MMR,2,,General/routine,NATIONAL,M18,
OMN,2023,OPV,1,,General/routine,NATIONAL,M4,
OMN,2023,OPV,2,,General/routine,NATIONAL,M6,
OMN,2023,OPV,3,,General/routine,NATIONAL,M18,
OMN,2023,PCV13,1,,General/routine,NATIONAL,M2,
OMN,2023,PCV13,2,,General/routine,NATIONAL,M4,
OMN,2023,PCV13,3,,General/routine,NATIONAL,M13,
OMN,2023,RABIES,1,RISKGROUPS,Risk group(s),NATIONAL,,Animal contact and post exposure
OMN,2023,TD_S,1,B_ADO_W,General/routine,NATIONAL,Y12,
OMN,2023,TD_S,2,,General/routine,NATIONAL,Y16,
OMN,2023,TDAP_S,1,HW,Health workers,NATIONAL,,healthcare workers
OMN,2023,TDAP_S,1,PW,Pregnant women,NATIONAL,,pregnant women
OMN,2023,TT,1,RISKGROUPS,Risk group(s),NATIONAL,,wound management
OMN,2023,TYPHOID_PS,1,RISKGROUPS,Risk group(s),NATIONAL,,Food handler and travellers to high risk area
OMN,2023,TYPHOID_PS,1,TRAVELLERS,Travellers,NATIONAL,,Food handler and travellers to high risk area
OMN,2023,VARICELLA,1,,General/routine,NATIONAL,M12,
OMN,2023,VITAMINA,1,,General/routine,NATIONAL,M12,
OMN,2023,VITAMINA,2,,General/routine,NATIONAL,M18,
OMN,2023,YF,1,TRAVELLERS,Travellers,NATIONAL,,travellers to pandemic areas
PAK,2023,BCG,1,,General/routine,NATIONAL,B,Live births
PAK,2023,DTWPHIBHEPB,1,,General/routine,NATIONAL,W6,Surviving infants
PAK,2023,DTWPHIBHEPB,2,,General/routine,NATIONAL,W10,Surviving infants
PAK,2023,DTWPHIBHEPB,3,,General/routine,NATIONAL,W14,Surviving infants
PAK,2023,HEPB_PEDIATRIC,1,,General/routine,SUBNATIONAL,B,Live births; in some selected hospitals in Punjab province only
PAK,2023,IPV,1,,General/routine,NATIONAL,W14,Surviving infants
PAK,2023,IPV,2,,General/routine,NATIONAL,M9,Surviving infants
PAK,2023,MR,1,,General/routine,NATIONAL,M9,Surviving infants
PAK,2023,MR,2,,General/routine,NATIONAL,M15,Surviving infants
PAK,2023,OPV,1,,General/routine,NATIONAL,B,Surviving infants
PAK,2023,OPV,2,,General/routine,NATIONAL,W6,Surviving infants
PAK,2023,OPV,3,,General/routine,NATIONAL,W10,Surviving infants
PAK,2023,OPV,4,,General/routine,NATIONAL,W14,Surviving infants
PAK,2023,PCV13,1,,General/routine,NATIONAL,W6,Surviving infants
PAK,2023,PCV13,2,,General/routine,NATIONAL,W10,Surviving infants
PAK,2023,PCV13,3,,General/routine,NATIONAL,W14,Surviving infants
PAK,2023,ROTAVIRUS_1,1,,General/routine,NATIONAL,W6,Surviving infants; introduced natinoally in April 2018
PAK,2023,ROTAVIRUS_1,2,,General/routine,NATIONAL,W10,Surviving infants; introduced natinoally in April 2018
PAK,2023,TD_S,1,PW,Pregnant women,NATIONAL,1st contact,Pregnant women
PAK,2023,TD_S,2,PW,Pregnant women,NATIONAL,+M1,Pregnant women
PAK,2023,TD_S,3,PW,Pregnant women,NATIONAL,+M6,Pregnant women
PAK,2023,TD_S,4,PW,Pregnant women,NATIONAL,+Y1,Pregnant women
PAK,2023,TD_S,5,PW,Pregnant women,NATIONAL,+Y1,Pregnant women
PAK,2023,TYPHOID_CONJ,1,,General/routine,NATIONAL,M9,Surviving infants
PAN,2023,BCG,1,,General/routine,NATIONAL,B,<15 aos
PAN,2023,DTAPHIBHEPBIPV,1,,General/routine,NATIONAL,M2,
PAN,2023,DTAPHIBHEPBIPV,2,,General/routine,NATIONAL,M4,
PAN,2023,DTAPHIBHEPBIPV,3,,General/routine,NATIONAL,M6,
PAN,2023,DTAPHIBHEPBIPV,4,B_2YL_W,General/routine,NATIONAL,M18,
PAN,2023,DTAPIPV,5,B_CHILD_W,General/routine,NATIONAL,Y4,
PAN,2023,HEPA_ADULT,1,HW,Health workers,NATIONAL,>=Y19,">  19 AOS,MANIPULADORES DE ALIMENTOS, FUNC. DE SALUD.RECOLECTORES DE BASURA Y DESECHOS PELIGROSOS."
PAN,2023,HEPA_ADULT,1,RISKGROUPS,Risk group(s),NATIONAL,>=Y19,">  19 AOS,MANIPULADORES DE ALIMENTOS, FUNC. DE SALUD.RECOLECTORES DE BASURA Y DESECHOS PELIGROSOS."
PAN,2023,HEPA_PEDIATRIC,1,,General/routine,NATIONAL,M12,
PAN,2023,HEPA_PEDIATRIC,2,,General/routine,NATIONAL,M18,
PAN,2023,HEPB_ADULT,1,HW,Health workers,NATIONAL,1st contact,"MANIPULADORES DE ALIMENTOS, FUNC, DE SALUD, TRABAJADORAS DEL SEXO COMERCIAL"
PAN,2023,HEPB_ADULT,2,HW,Health workers,NATIONAL,+M1,"MANIPULADORES DE ALIMENTOS, FUNC, DE SALUD, TRABAJADORAS DEL SEXO COMERCIAL"
PAN,2023,HEPB_ADULT,3,HW,Health workers,NATIONAL,+M6,"MANIPULADORES DE ALIMENTOS, FUNC, DE SALUD, TRABAJADORAS DEL SEXO COMERCIAL"
PAN,2023,HEPB_ADULT,3,RISKGROUPS,Risk group(s),NATIONAL,+M6,"MANIPULADORES DE ALIMENTOS, FUNC, DE SALUD, TRABAJADORAS DEL SEXO COMERCIAL"
PAN,2023,HEPB_ADULT,2,RISKGROUPS,Risk group(s),NATIONAL,+M1,"MANIPULADORES DE ALIMENTOS, FUNC, DE SALUD, TRABAJADORAS DEL SEXO COMERCIAL"
PAN,2023,HEPB_ADULT,1,RISKGROUPS,Risk group(s),NATIONAL,1st contact,"MANIPULADORES DE ALIMENTOS, FUNC, DE SALUD, TRABAJADORAS DEL SEXO COMERCIAL"
PAN,2023,HEPB_PEDIATRIC,1,,General/routine,NATIONAL,B,RN PRIMERAS 12 HORAS
PAN,2023,HPV4,2,BOTH,HPV administered to females and males,NATIONAL,+M6,"NIOS Y NIAS DE 10 AOS ADEMAS VICTIMAS DE VIOLACION SEXUAL A PARTIR DE LOS 10 AOS, PACIENTES VIH RECLUIDOS EN CLINICA RETRO VIRALES"
PAN,2023,HPV4,1,BOTH,HPV administered to females and males,NATIONAL,Y10,"NIOS Y NIAS DE 10 AOS ADEMAS VICTIMAS DE VIOLACION SEXUAL A PARTIR DE LOS 10 AOS, PACIENTES VIH RECLUIDOS EN CLINICA RETRO VIRALES"
PAN,2023,HPV4,1,RISKGROUPS,Risk group(s),NATIONAL,,"NIOS Y NIAS DE 10 AOS ADEMAS VICTIMAS DE VIOLACION SEXUAL A PARTIR DE LOS 10 AOS, PACIENTES VIH RECLUIDOS EN CLINICA RETRO VIRALES"
PAN,2023,INFLUENZA_ADULT,1,ADULTS,Adults,NATIONAL,>Y18,and older persons >Y60
PAN,2023,INFLUENZA_ADULT,1,HW,Health workers,NATIONAL,,Health and care workers
PAN,2023,INFLUENZA_ADULT,1,PW,Pregnant women,NATIONAL,,Pregnant women
PAN,2023,INFLUENZA_ADULT,1,RISKGROUPS,Risk group(s),NATIONAL,,"Adults with chronic conditions, residents living in long-term care facilities, other groups"
PAN,2023,INFLUENZA_PEDIATRIC,1,,General/routine,NATIONAL,<Y1,
PAN,2023,INFLUENZA_PEDIATRIC,2,,General/routine,NATIONAL,>=Y1,
PAN,2023,INFLUENZA_PEDIATRIC,1,RISKGROUPS,Risk group(s),NATIONAL,,Children with chronic conditions
PAN,2023,IPV,4,RISKGROUPS,Risk group(s),NATIONAL,M18,PACIENTES INMUNOSUPRIMIDOS
PAN,2023,IPV,5,RISKGROUPS,Risk group(s),NATIONAL,Y4,PACIENTES INMUNOSUPRIMIDOS
PAN,2023,MEN_ACYW_135CONJ,1,RISKGROUPS,Risk group(s),NATIONAL,,"UNA DOSIS, SOLO MANEJO DE BROTES"
PAN,2023,MMR,1,,General/routine,NATIONAL,M12,Hasta los 19 aos
PAN,2023,MMR,2,,General/routine,NATIONAL,M18,Hasta los 19 aos
PAN,2023,MR,1,ADULTS,Adults,NATIONAL,>Y19,"MAYORES DE 19 AOS, PUERPERAS, MEF"
PAN,2023,MR,1,RISKGROUPS,Risk group(s),NATIONAL,>Y19,"MAYORES DE 19 AOS, PUERPERAS, MEF"
PAN,2023,PCV13,1,ADULTS,Adults,NATIONAL,>Y60,"2 DOSIS Y 1 REFUERZO A  NIOS, < 2 AOS, 1 DOSIS A > 60 AOS, 1 DOSIS A PTES CON ENF CRONICA INDEPENDIENTE LA EDAD."
PAN,2023,PCV13,2,,General/routine,NATIONAL,M4,
PAN,2023,PCV13,3,,General/routine,NATIONAL,M12,
PAN,2023,PCV13,1,,General/routine,NATIONAL,M2,
PAN,2023,PCV13,1,RISKGROUPS,Risk group(s),NATIONAL,,"2 DOSIS Y 1 REFUERZO A  NIOS, < 2 AOS, 1 DOSIS A > 60 AOS, 1 DOSIS A PTES CON ENF CRONICA INDEPENDIENTE LA EDAD."
PAN,2023,PPV23,1,ADULTS,Adults,NATIONAL,Y60,"ADICIONAL PACIENTES CON ENF, CRONICA INDEPENDIENTE DE LA EDAD."
PAN,2023,PPV23,1,RISKGROUPS,Risk group(s),NATIONAL,,"ADICIONAL PACIENTES CON ENF, CRONICA INDEPENDIENTE DE LA EDAD."
PAN,2023,RABIES,1,RISKGROUPS,Risk group(s),NATIONAL,1st contact,Pre Exposicin
PAN,2023,RABIES,2,RISKGROUPS,Risk group(s),NATIONAL,+D7,Pre Exposicin
PAN,2023,RABIES,3,RISKGROUPS,Risk group(s),NATIONAL,+D28,Pre Exposicin
PAN,2023,RABIES,4,RISKGROUPS,Risk group(s),NATIONAL,+Y1,Pre Exposicin
PAN,2023,ROTAVIRUS_1,1,,General/routine,NATIONAL,M2,
PAN,2023,ROTAVIRUS_1,2,,General/routine,NATIONAL,M4,
PAN,2023,TD_S,1,ADULTS,Adults,NATIONAL,1st contact,NIOS A PARTIR DE LOS 6 AOS Y ADULTOS ETC DOS DOSIS Y UN REF
PAN,2023,TD_S,1,,General/routine,NATIONAL,>=Y6,NIOS A PARTIR DE LOS 6 AOS Y ADULTOS ETC DOS DOSIS Y UN REF
PAN,2023,TD_S,1,PW,Pregnant women,NATIONAL,,"Embarazada - A1, A2. NIOS A PARTIR DE LOS 6 AOS Y ADULTOS ETC DOS DOSIS Y UN REF"
PAN,2023,TDAP_S,1,ADULTS,Adults,NATIONAL,,"Emb, pareja, cuidadores, Adultos Mayores, puerperas, pob de 4 a 64 aos en el perifoco de casos sospechosos de tosferina."
PAN,2023,TDAP_S,6,B_ADO_W,General/routine,NATIONAL,Y10,nios y nias 10 aos
PAN,2023,TDAP_S,1,PW,Pregnant women,NATIONAL,,"Emb, pareja, cuidadores, Adultos Mayores, puerperas, pob de 4 a 64 aos en el perifoco de casos sospechosos de tosferina."
PAN,2023,TDAP_S,1,RISKGROUPS,Risk group(s),NATIONAL,Y4-Y64,"Emb, pareja, cuidadores, Adultos Mayores, puerperas, pob de 4 a 64 aos en el perifoco de casos sospechosos de tosferina."
PAN,2023,VARICELLA,1,,General/routine,NATIONAL,M15,
PAN,2023,VARICELLA,2,,General/routine,NATIONAL,Y4,
PAN,2023,VARICELLA,1,HW,Health workers,NATIONAL,,"Func Y Est de Ciencias de la  Salud, y Manejo de brotes."
PAN,2023,VARICELLA,1,RISKGROUPS,Risk group(s),NATIONAL,,"Func Y Est de Ciencias de la  Salud, y Manejo de brotes."
PAN,2023,VITAMINA,1,,General/routine,NATIONAL,M6,
PAN,2023,VITAMINA,2,,General/routine,NATIONAL,M12,
PAN,2023,VITAMINA,3,,General/routine,NATIONAL,M18,
PAN,2023,VITAMINA,4,,General/routine,NATIONAL,M24,
PAN,2023,VITAMINA,5,,General/routine,NATIONAL,M30,
PAN,2023,VITAMINA,6,,General/routine,NATIONAL,M36,
PAN,2023,YF,1,,General/routine,SUBNATIONAL,Y1,SOLO EN 3 REGIONES Y A NIVEL DE VACUNACION INTERNACIONAL
PAN,2023,YF,1,RISKGROUPS,Risk group(s),NATIONAL,,SOLO EN 3 REGIONES  Y A NIVEL DE VACUNACION INTERNACIONAL.
PER,2023,BCG,1,,General/routine,NATIONAL,B,
PER,2023,DT,1,RISKGROUPS,Risk group(s),NATIONAL,M4,aplicado cuando se tiene reaccion adversa a la vacuna pentavalente
PER,2023,DT,2,RISKGROUPS,Risk group(s),NATIONAL,M6,aplicado cuando se tiene reaccion adversa a la vacuna pentavalente
PER,2023,DTWP,4,B_2YL_W,General/routine,NATIONAL,M18,
PER,2023,DTWP,5,B_CHILD_W,General/routine,NATIONAL,Y4,
PER,2023,DTWPHIBHEPB,1,,General/routine,NATIONAL,M2,
PER,2023,DTWPHIBHEPB,2,,General/routine,NATIONAL,M4,
PER,2023,DTWPHIBHEPB,3,,General/routine,NATIONAL,M6,
PER,2023,HEPA_PEDIATRIC,1,,General/routine,NATIONAL,M15,
PER,2023,HEPB_ADULT,1,CATCHUP_C,Catch-up children,NATIONAL,Y5,Poblacin que no recibio el esquema primario
PER,2023,HEPB_ADULT,2,CATCHUP_C,Catch-up children,NATIONAL,+M1,Poblacin que no recibio el esquema primario
PER,2023,HEPB_ADULT,3,CATCHUP_C,Catch-up children,NATIONAL,+M1,Poblacin que no recibio el esquema primario
PER,2023,HEPB_PEDIATRIC,1,,General/routine,NATIONAL,B,
PER,2023,HIB,1,RISKGROUPS,Risk group(s),NATIONAL,M4,in case of contradiction to pentavalent vaccine
PER,2023,HIB,2,RISKGROUPS,Risk group(s),NATIONAL,M6,in case of contradiction to pentavalent vaccine
PER,2023,HPV4,1,BOTH,HPV administered to females and males,NATIONAL,Y9,"Se aplica dosis UNICA en el 5to grado de primaria, aplicada a mujeres y varones"
PER,2023,INFLUENZA_ADULT,1,ADULTS,Adults,NATIONAL,>=Y60,
PER,2023,INFLUENZA_ADULT,1,HW,Health workers,NATIONAL,,Health and care workers
PER,2023,INFLUENZA_ADULT,1,PW,Pregnant women,NATIONAL,,Prenant women
PER,2023,INFLUENZA_PEDIATRIC,1,,General/routine,NATIONAL,M6-M11,
PER,2023,INFLUENZA_PEDIATRIC,2,,General/routine,NATIONAL,Y1-Y4,
PER,2023,IPV,1,,General/routine,NATIONAL,M2,
PER,2023,IPV,2,,General/routine,NATIONAL,M4,
PER,2023,IPV,3,,General/routine,NATIONAL,M6,
PER,2023,MMR,1,,General/routine,NATIONAL,M12,
PER,2023,MMR,2,,General/routine,NATIONAL,M18,
PER,2023,OPV,1,,General/routine,NATIONAL,M18,
PER,2023,OPV,2,,General/routine,NATIONAL,Y4,
PER,2023,PCV13,1,ADULTS,Adults,NATIONAL,>Y60,Adultos mayores de 60 aos a ms
PER,2023,PCV13,1,,General/routine,NATIONAL,M2,
PER,2023,PCV13,2,,General/routine,NATIONAL,M4,
PER,2023,PCV13,3,,General/routine,NATIONAL,M12,
PER,2023,ROTAVIRUS_1,1,,General/routine,NATIONAL,M2,
PER,2023,ROTAVIRUS_1,2,,General/routine,NATIONAL,M4,
PER,2023,TD_S,2,CATCHUP_C,Catch-up children,NATIONAL,+M2,+M2 y +M6 dosis: Son dosis de recuperacin aplicados a la poblacin que no recibi esquema primario
PER,2023,TD_S,3,CATCHUP_C,Catch-up children,NATIONAL,+M6,+M2 y +M6 dosis: Son dosis de recuperacin aplicados a la poblacin que no recibi esquema primario
PER,2023,TD_S,1,B_ADO_W,General/routine,NATIONAL,Y12,
PER,2023,TDAP_S,1,PW,Pregnant women,NATIONAL,,"Gestantes a las 27 Semanas de gestacin, DOSIS UNICA"
PER,2023,VARICELLA,1,,General/routine,NATIONAL,M12,
PER,2023,YF,1,,General/routine,NATIONAL,M15,
PHL,2023,BCG,1,,General/routine,NATIONAL,B,
PHL,2023,DTWPHIBHEPB,1,,General/routine,NATIONAL,W6,
PHL,2023,DTWPHIBHEPB,2,,General/routine,NATIONAL,W10,
PHL,2023,DTWPHIBHEPB,3,,General/routine,NATIONAL,W14,
PHL,2023,HEPB_PEDIATRIC,1,,General/routine,NATIONAL,B,
PHL,2023,HPV4,1,FEMALE,HPV for females only,SUBNATIONAL,Y9-Y14,females; grade 4
PHL,2023,HPV4,2,FEMALE,HPV for females only,SUBNATIONAL,+M6,females; grade 4
PHL,2023,INFLUENZA_ADULT,1,ADULTS,Adults,NATIONAL,>=Y60,
PHL,2023,IPV,1,,General/routine,NATIONAL,W14,
PHL,2023,IPV,2,,General/routine,NATIONAL,M9,
PHL,2023,MMR,1,,General/routine,NATIONAL,M9,
PHL,2023,MMR,2,,General/routine,NATIONAL,M12,
PHL,2023,MR,1,,General/routine,NATIONAL,Y5-Y6,"School based immunization, all Grade 1 and Grade 7 students shall receive another dose of MCV vaccines in the form of MR. In 2021, SBI was turned into community-based and hence the target was shifted to age groups 5-6 and 12-13 years old"
PHL,2023,MR,2,,General/routine,NATIONAL,Y12-Y13,"School based immunization, all Grade 1 and Grade 7 students shall receive another dose of MCV vaccines in the form of MR. In 2021, SBI was turned into community-based and hence the target was shifted to age groups 5-6 and 12-13 years old"
PHL,2023,OPV,1,,General/routine,NATIONAL,W6,
PHL,2023,OPV,2,,General/routine,NATIONAL,W10,
PHL,2023,OPV,3,,General/routine,NATIONAL,W14,
PHL,2023,PCV13,1,,General/routine,NATIONAL,W6,
PHL,2023,PCV13,2,,General/routine,NATIONAL,W10,
PHL,2023,PCV13,3,,General/routine,NATIONAL,W14,
PHL,2023,PPV23,1,ADULTS,Adults,NATIONAL,Y60,Indigent elderly
PHL,2023,TD_S,4,B_CHILD_W,General/routine,NATIONAL,Y6,
PHL,2023,TD_S,5,B_ADO_W,General/routine,NATIONAL,Y10,
PHL,2023,TD_S,1,PW,Pregnant women,NATIONAL,1st contact,all pregnant women in 1st trimester
PHL,2023,TD_S,2,PW,Pregnant women,NATIONAL,+M1,all pregnant women in 1st trimester
PLW,2023,DTAP,2,,General/routine,NATIONAL,M4,
PLW,2023,DTAP,4,B_2YL_W,General/routine,NATIONAL,M15,
PLW,2023,DTAP,5,B_CHILD_W,General/routine,NATIONAL,Y4-Y6,
PLW,2023,DTAPHEPBIPV,1,,General/routine,NATIONAL,M2,
PLW,2023,DTAPHEPBIPV,3,,General/routine,NATIONAL,M6,
PLW,2023,HEPB_PEDIATRIC,1,,General/routine,NATIONAL,B,
PLW,2023,HIB,1,,General/routine,NATIONAL,M2,
PLW,2023,HIB,2,,General/routine,NATIONAL,M4,
PLW,2023,HIB,3,,General/routine,NATIONAL,M6,
PLW,2023,HPV9,1,FEMALE,HPV for females only,NATIONAL,1st contact,Females upon 1st contact
PLW,2023,HPV9,2,FEMALE,HPV for females only,NATIONAL,+M6,Females upon 1st contact
PLW,2023,INFLUENZA_ADULT,1,ADULTS,Adults,NATIONAL,,Older persons
PLW,2023,INFLUENZA_ADULT,1,HW,Health workers,NATIONAL,,Health and care workers
PLW,2023,INFLUENZA_ADULT,1,PW,Pregnant women,NATIONAL,,Pregnant women
PLW,2023,INFLUENZA_ADULT,1,RISKGROUPS,Risk group(s),NATIONAL,,"Adults with chronic conditions, residents living in long-term care facilities"
PLW,2023,INFLUENZA_PEDIATRIC,1,,General/routine,NATIONAL,,
PLW,2023,INFLUENZA_PEDIATRIC,2,,General/routine,NATIONAL,,
PLW,2023,INFLUENZA_PEDIATRIC,1,RISKGROUPS,Risk group(s),NATIONAL,,Children with chronic conditions
PLW,2023,IPV,2,,General/routine,NATIONAL,M3,
PLW,2023,IPV,4,,General/routine,NATIONAL,Y4-Y6,
PLW,2023,MMR,1,,General/routine,NATIONAL,M12,
PLW,2023,MMR,2,,General/routine,NATIONAL,M15,
PLW,2023,PCV13,1,,General/routine,NATIONAL,M3,
PLW,2023,PCV13,2,,General/routine,NATIONAL,M5,
PLW,2023,PCV13,3,,General/routine,NATIONAL,M7,
PLW,2023,PCV13,4,,General/routine,NATIONAL,M15,
PLW,2023,ROTAVIRUS_5,1,,General/routine,NATIONAL,M2,
PLW,2023,ROTAVIRUS_5,2,,General/routine,NATIONAL,M4,
PLW,2023,ROTAVIRUS_5,3,,General/routine,NATIONAL,M6,
PLW,2023,TDAP_S,6,B_ADO_W,General/routine,NATIONAL,>=Y10,
PNG,2023,BCG,1,,General/routine,NATIONAL,B-M11,0-11 months
PNG,2023,DTWPHIBHEPB,1,,General/routine,NATIONAL,M1,
PNG,2023,DTWPHIBHEPB,2,,General/routine,NATIONAL,M2,
PNG,2023,DTWPHIBHEPB,3,,General/routine,NATIONAL,M3,
PNG,2023,HEPB_PEDIATRIC,1,,General/routine,NATIONAL,B,
PNG,2023,IPV,1,,General/routine,NATIONAL,M3,
PNG,2023,IPV,2,,General/routine,NATIONAL,M9,
PNG,2023,MR,1,,General/routine,NATIONAL,M9,"MR 0 dose is given to any infants at M6-8. Y7 dose is school vaccintion entry, Y13 dose is school vaccination exit"
PNG,2023,MR,2,,General/routine,NATIONAL,M18,"MR 0 dose is given to any infants at M6-8. Y7 dose is school vaccintion entry, Y13 dose is school vaccination exit"
PNG,2023,MR,3,,General/routine,NATIONAL,Y7,"MR 0 dose is given to any infants at M6-8. Y7 dose is school vaccintion entry, Y13 dose is school vaccination exit"
PNG,2023,MR,4,,General/routine,NATIONAL,Y13,"MR 0 dose is given to any infants at M6-8. Y7 dose is school vaccintion entry, Y13 dose is school vaccination exit"
PNG,2023,OPV,1,,General/routine,NATIONAL,M1,
PNG,2023,OPV,2,,General/routine,NATIONAL,M2,
PNG,2023,OPV,3,,General/routine,NATIONAL,M3,
PNG,2023,PCV13,1,,General/routine,NATIONAL,M1,
PNG,2023,PCV13,2,,General/routine,NATIONAL,M2,
PNG,2023,PCV13,3,,General/routine,NATIONAL,M3,
PNG,2023,TD_S,1,ADULTS,Adults,NATIONAL,1st contact,Both adults and pregnant women
PNG,2023,TD_S,2,ADULTS,Adults,NATIONAL,+M1,Both adults and pregnant women
PNG,2023,TD_S,3,ADULTS,Adults,NATIONAL,+M6,Both adults and pregnant women
PNG,2023,TD_S,4,ADULTS,Adults,NATIONAL,+Y1,Both adults and pregnant women
PNG,2023,TD_S,5,ADULTS,Adults,NATIONAL,+Y1,Both adults and pregnant women
PNG,2023,TD_S,5,B_ADO_W,General/routine,NATIONAL,Y13,"Y7 dose is school vaccination entry, Y13 is school vaccination at exit"
PNG,2023,TD_S,4,B_CHILD_W,General/routine,NATIONAL,Y7,"Y7 dose is school vaccination entry, Y13 is school vaccination at exit"
PNG,2023,TD_S,2,PW,Pregnant women,NATIONAL,+M1,Both adults and pregnant women
PNG,2023,TD_S,3,PW,Pregnant women,NATIONAL,+M6,Both adults and pregnant women
PNG,2023,TD_S,5,PW,Pregnant women,NATIONAL,+Y1,Both adults and pregnant women
PNG,2023,TD_S,4,PW,Pregnant women,NATIONAL,+Y1,Both adults and pregnant women
PNG,2023,TD_S,1,PW,Pregnant women,NATIONAL,1st contact,Both adults and pregnant women
PNG,2023,VITAMINA,1,,General/routine,NATIONAL,M6,
PNG,2023,VITAMINA,2,,General/routine,NATIONAL,M18,
POL,2023,BCG,1,,General/routine,NATIONAL,B,
POL,2023,D_S,1,RISKGROUPS,Risk group(s),NATIONAL,,Post-exposure prophylaxis
POL,2023,DT,1,RISKGROUPS,Risk group(s),NATIONAL,W7-W8,For those who cannot be given pertusis vaccine
POL,2023,DT,2,RISKGROUPS,Risk group(s),NATIONAL,M3-M4,For those who cannot be given pertusis vaccine
POL,2023,DT,3,RISKGROUPS,Risk group(s),NATIONAL,M5-M6,For those who cannot be given pertusis vaccine
POL,2023,DT,4,RISKGROUPS,Risk group(s),NATIONAL,M16-M18,For those who cannot be given pertusis vaccine
POL,2023,DTAPHIBIPV,1,RISKGROUPS,Risk group(s),NATIONAL,W7-W8,Risk groups who cannot be given whole-cell pertusus
POL,2023,DTAPHIBIPV,2,RISKGROUPS,Risk group(s),NATIONAL,M3-M4,Risk groups who cannot be given whole-cell pertusus
POL,2023,DTAPHIBIPV,3,RISKGROUPS,Risk group(s),NATIONAL,M5-M6,Risk groups who cannot be given whole-cell pertusus
POL,2023,DTAPHIBIPV,4,RISKGROUPS,Risk group(s),NATIONAL,M16-M18,Risk groups who cannot be given whole-cell pertusus
POL,2023,DTWP,1,,General/routine,NATIONAL,W7-W8,
POL,2023,DTWP,2,,General/routine,NATIONAL,M3-M4,
POL,2023,DTWP,3,,General/routine,NATIONAL,M5-M6,
POL,2023,DTWP,4,B_2YL_W,General/routine,NATIONAL,M16-M18,
POL,2023,HEPB_ADULT,1,RISKGROUPS,Risk group(s),NATIONAL,,Specified risk groups
POL,2023,HEPB_PEDIATRIC,1,,General/routine,NATIONAL,B,
POL,2023,HEPB_PEDIATRIC,2,,General/routine,NATIONAL,W7-W8,
POL,2023,HEPB_PEDIATRIC,3,,General/routine,NATIONAL,M7,
POL,2023,HIB,1,,General/routine,NATIONAL,M2,
POL,2023,HIB,2,,General/routine,NATIONAL,M4,
POL,2023,HIB,3,,General/routine,NATIONAL,M5-M6,
POL,2023,HIB,4,,General/routine,NATIONAL,M16-M18,
POL,2023,INFLUENZA_ADULT,1,ADULTS,Adults,NATIONAL,>Y18,and older persons >75 years
POL,2023,INFLUENZA_ADULT,1,HW,Health workers,NATIONAL,,Health and care workers
POL,2023,INFLUENZA_ADULT,1,PW,Pregnant women,NATIONAL,,Pregnant women
POL,2023,INFLUENZA_ADULT,1,RISKGROUPS,Risk group(s),NATIONAL,,"Adults with chronic conditions, residents living in long-term care facilities, other groups"
POL,2023,INFLUENZA_PEDIATRIC,1,,General/routine,NATIONAL,>M6,
POL,2023,INFLUENZA_PEDIATRIC,1,RISKGROUPS,Risk group(s),NATIONAL,,Children with chronic conditions
POL,2023,IPV,3,,General/routine,NATIONAL,M16-M18,
POL,2023,IPV,4,,General/routine,NATIONAL,Y6,
POL,2023,IPV,1,,General/routine,NATIONAL,M4,
POL,2023,IPV,2,,General/routine,NATIONAL,M5-M6,
POL,2023,MMR,1,,General/routine,NATIONAL,M13-M15,
POL,2023,MMR,2,,General/routine,NATIONAL,Y6,
POL,2023,PCV10,1,,General/routine,NATIONAL,M2,
POL,2023,PCV10,2,,General/routine,NATIONAL,M4,
POL,2023,PCV10,3,,General/routine,NATIONAL,M13-M15,
POL,2023,PCV10,1,RISKGROUPS,Risk group(s),NATIONAL,,Children and adult specified risk groups
POL,2023,RABIES,1,RISKGROUPS,Risk group(s),NATIONAL,,For persons exposed to infection as a result of contact with an animal suffering from rabies or suspected of being infected with rabies (free of charge)
POL,2023,TD_S,1,ADULTS,Adults,NATIONAL,Y19,Routinely at Y19 and free of charge (mandatory) post-exposure prophylaxis at a later age
POL,2023,TD_S,1,RISKGROUPS,Risk group(s),NATIONAL,,Routinely at Y19 and free of charge (mandatory) post-exposure prophylaxis at a later age
POL,2023,TDAP_S,5,B_CHILD_W,General/routine,NATIONAL,Y6,1st and 2nd booster doses
POL,2023,TDAP_S,6,B_ADO_W,General/routine,NATIONAL,Y14,1st and 2nd booster doses
POL,2023,TT,1,RISKGROUPS,Risk group(s),NATIONAL,,Free of charge (mandatory) post-exposure prophylaxis
POL,2023,VARICELLA,1,RISKGROUPS,Risk group(s),NATIONAL,<Y12,Specified risk groups
PRK,2023,BCG,1,,General/routine,NATIONAL,B,
PRK,2023,DTWPHIBHEPB,1,,General/routine,NATIONAL,W6,
PRK,2023,DTWPHIBHEPB,2,,General/routine,NATIONAL,W10,
PRK,2023,DTWPHIBHEPB,3,,General/routine,NATIONAL,W14,
PRK,2023,HEPB_PEDIATRIC,1,,General/routine,NATIONAL,B,
PRK,2023,INFLUENZA_ADULT,1,ADULTS,Adults,NATIONAL,,Older persons
PRK,2023,INFLUENZA_ADULT,1,HW,Health workers,NATIONAL,,Health and care workers
PRK,2023,INFLUENZA_ADULT,1,PW,Pregnant women,NATIONAL,,Pregnant women
PRK,2023,INFLUENZA_ADULT,1,RISKGROUPS,Risk group(s),NATIONAL,,"Adults with chronic conditions, residents living in long-term care facilities, other groups"
PRK,2023,INFLUENZA_PEDIATRIC,1,,General/routine,NATIONAL,,
PRK,2023,INFLUENZA_PEDIATRIC,2,,General/routine,NATIONAL,,
PRK,2023,INFLUENZA_PEDIATRIC,1,RISKGROUPS,Risk group(s),NATIONAL,,Children with chronic conditions
PRK,2023,IPV,3,,General/routine,NATIONAL,W14,
PRK,2023,MEASLES,1,,General/routine,NATIONAL,M9,
PRK,2023,MR,1,,General/routine,NATIONAL,M9,
PRK,2023,MR,2,,General/routine,NATIONAL,M15,
PRK,2023,OPV,1,,General/routine,NATIONAL,W6,
PRK,2023,OPV,2,,General/routine,NATIONAL,W10,
PRK,2023,OPV,3,,General/routine,NATIONAL,W14,
PRK,2023,TD_S,1,PW,Pregnant women,NATIONAL,,Pregnant women at M3 and at M4
PRK,2023,TD_S,2,PW,Pregnant women,NATIONAL,,Pregnant women at M3 and at M4
PRK,2023,VITAMINA,1,,General/routine,NATIONAL,M6-M11,
PRK,2023,VITAMINA,2,,General/routine,NATIONAL,M12-M59,
PRT,2023,BCG,1,RISKGROUPS,Risk group(s),NATIONAL,D0-Y5,Specific risk group
PRT,2023,DTAPHIBHEPBIPV,1,,General/routine,NATIONAL,M2,
PRT,2023,DTAPHIBHEPBIPV,3,,General/routine,NATIONAL,M6,
PRT,2023,DTAPHIBIPV,1,,General/routine,NATIONAL,M2,
PRT,2023,DTAPHIBIPV,3,,General/routine,NATIONAL,M6,
PRT,2023,DTAPHIBIPV,2,,General/routine,NATIONAL,M4,
PRT,2023,DTAPHIBIPV,4,B_2YL_W,General/routine,NATIONAL,M18,
PRT,2023,DTAPIPV,5,B_CHILD_W,General/routine,NATIONAL,Y5,
PRT,2023,HEPA_ADULT,1,RISKGROUPS,Risk group(s),NATIONAL,,Very specific risk groups (hepatic transplant candidates)
PRT,2023,HEPA_PEDIATRIC,1,RISKGROUPS,Risk group(s),NATIONAL,,Very specific risk groups (hepatic transplant candidates)
PRT,2023,HEPB_ADULT,1,HW,Health workers,NATIONAL,,Healthcare workers
PRT,2023,HEPB_ADULT,1,RISKGROUPS,Risk group(s),NATIONAL,,Specific risk groups
PRT,2023,HEPB_PEDIATRIC,1,,General/routine,NATIONAL,B,
PRT,2023,HIB,1,RISKGROUPS,Risk group(s),NATIONAL,,Specific risk groups
PRT,2023,HPV9,1,BOTH,HPV administered to females and males,NATIONAL,Y10,Females and males
PRT,2023,HPV9,2,BOTH,HPV administered to females and males,NATIONAL,+M6,Females and males
PRT,2023,INFLUENZA_ADULT,1,ADULTS,Adults,NATIONAL,>=Y60,
PRT,2023,INFLUENZA_ADULT,1,HW,Health workers,NATIONAL,,Health and care workers
PRT,2023,INFLUENZA_ADULT,1,PW,Pregnant women,NATIONAL,,Pregnant women
PRT,2023,INFLUENZA_ADULT,1,RISKGROUPS,Risk group(s),NATIONAL,,"Adults with chronic conditions, residents living in long-term care facilities, other groups"
PRT,2023,INFLUENZA_PEDIATRIC,1,RISKGROUPS,Risk group(s),NATIONAL,,Children with chronic conditions
PRT,2023,IPV,1,HW,Health workers,NATIONAL,,Health care workers at risk
PRT,2023,IPV,1,RISKGROUPS,Risk group(s),NATIONAL,,Travellers and other specific risk groups
PRT,2023,IPV,1,TRAVELLERS,Travellers,NATIONAL,,Travellers and other specific risk groups
PRT,2023,MEN_ACYW_135CONJ,1,RISKGROUPS,Risk group(s),NATIONAL,,Very specific risk groups (asplenic and complement deficit)
PRT,2023,MEN_B,1,,General/routine,NATIONAL,M2,
PRT,2023,MEN_B,2,,General/routine,NATIONAL,M4,
PRT,2023,MEN_B,3,,General/routine,NATIONAL,M12,
PRT,2023,MEN_B,1,RISKGROUPS,Risk group(s),NATIONAL,,Specific risk groups
PRT,2023,MEN_C_CONJ,1,,General/routine,NATIONAL,M12,
PRT,2023,MMR,2,,General/routine,NATIONAL,Y5,
PRT,2023,MMR,1,,General/routine,NATIONAL,M12,
PRT,2023,MMR,1,HW,Health workers,NATIONAL,,Healthcare workers
PRT,2023,MMR,1,TRAVELLERS,Travellers,NATIONAL,,Travellers
PRT,2023,MPOX,1,RISKGROUPS,Risk group(s),NATIONAL,1st contact,Specific risk groups (pre and post-exposure)
PRT,2023,MPOX,2,RISKGROUPS,Risk group(s),NATIONAL,D28,Specific risk groups (pre and post-exposure)
PRT,2023,PCV13,2,,General/routine,NATIONAL,M4,
PRT,2023,PCV13,3,,General/routine,NATIONAL,M12,
PRT,2023,PCV13,1,,General/routine,NATIONAL,M2,
PRT,2023,PCV13,1,RISKGROUPS,Risk group(s),NATIONAL,,Specific risk groups
PRT,2023,PPV23,1,RISKGROUPS,Risk group(s),NATIONAL,,Specific risk groups
PRT,2023,RABIES,1,RISKGROUPS,Risk group(s),NATIONAL,,Post-exposure prophylaxis
PRT,2023,ROTAVIRUS_1,1,RISKGROUPS,Risk group(s),NATIONAL,M2,Specific risk groups
PRT,2023,ROTAVIRUS_1,2,RISKGROUPS,Risk group(s),NATIONAL,M4,Specific risk groups
PRT,2023,ROTAVIRUS_5,1,RISKGROUPS,Risk group(s),NATIONAL,M2,Specific risk groups
PRT,2023,ROTAVIRUS_5,2,RISKGROUPS,Risk group(s),NATIONAL,M4,Specific risk groups
PRT,2023,ROTAVIRUS_5,3,RISKGROUPS,Risk group(s),NATIONAL,M6,Specific risk groups
PRT,2023,TBE_ADULT,1,TRAVELLERS,Travellers,NATIONAL,,Travellers
PRT,2023,TD_S,1,ADULTS,Adults,NATIONAL,Y25,Adults
PRT,2023,TD_S,2,ADULTS,Adults,NATIONAL,Y45,Adults
PRT,2023,TD_S,3,ADULTS,Adults,NATIONAL,Y65,Adults
PRT,2023,TD_S,4,ADULTS,Adults,NATIONAL,+Y10,Adults
PRT,2023,TD_S,5,ADULTS,Adults,NATIONAL,+Y10,Adults
PRT,2023,TD_S,6,B_ADO_W,General/routine,NATIONAL,Y10,
PRT,2023,TD_S,1,RISKGROUPS,Risk group(s),NATIONAL,,Travellers; Specific risk groups
PRT,2023,TD_S,1,TRAVELLERS,Travellers,NATIONAL,,Travellers; Specific risk groups
PRT,2023,TDAP_S,1,PW,Pregnant women,NATIONAL,,"Risk group - Pregnant women, 1 dose per pregnancy"
PRT,2023,TYPHOID_CONJ,1,TRAVELLERS,Travellers,NATIONAL,,Travellers
PRT,2023,YF,1,TRAVELLERS,Travellers,NATIONAL,,Travellers
PRY,2023,BCG,1,,General/routine,NATIONAL,B,
PRY,2023,DTAP,1,RISKGROUPS,Risk group(s),NATIONAL,1st contact,Esta vacuna se utiliza en nios con contra indicaciones de aplicarse la DPT a clulas enteras.
PRY,2023,DTAPHIBHEPBIPV,1,,General/routine,NATIONAL,M2,
PRY,2023,DTAPHIBHEPBIPV,2,,General/routine,NATIONAL,M4,
PRY,2023,DTAPHIBHEPBIPV,3,,General/routine,NATIONAL,M6,
PRY,2023,DTAPHIBHEPBIPV,4,B_2YL_W,General/routine,NATIONAL,M18,
PRY,2023,DTWP,5,B_CHILD_W,General/routine,NATIONAL,Y4,
PRY,2023,HEPA_ADULT,1,RISKGROUPS,Risk group(s),NATIONAL,1st contact,"En inmuno comprometidos, Enfermos hepticos crnico."
PRY,2023,HEPA_PEDIATRIC,1,,General/routine,NATIONAL,M15,
PRY,2023,HEPB_ADULT,1,HW,Health workers,NATIONAL,1st contact,"Trabajadores de la salud, adolescentes con conductas de riesgo, homosexuales o bisexuales con ms de una pareja, adictos a drogas endovenosas, heterosexuales con ms de una pareja o antecedentes de enfermedades de transmisin sexual, convivientes y contactos sexuales con portadores del virus de hepatitis b o personas con infeccin aguda, hemodializados y pacientes con insuficiencia renal, personal y pacientes de instituciones con discapacitados mentales, pacientes que deben recibir transfusiones frecuentes, pacientes HIV, hepatopatas crnicas de otra etiologa diferente de hepatits b, pacientes en lista para transplante de rganos, prisioneros o personal de crceles, viajeros a pases de alta endemicidad y pacientes que reciben factores de coagulacin en forma peridica."
PRY,2023,HEPB_ADULT,2,HW,Health workers,NATIONAL,+M1,"Trabajadores de la salud, adolescentes con conductas de riesgo, homosexuales o bisexuales con ms de una pareja, adictos a drogas endovenosas, heterosexuales con ms de una pareja o antecedentes de enfermedades de transmisin sexual, convivientes y contactos sexuales con portadores del virus de hepatitis b o personas con infeccin aguda, hemodializados y pacientes con insuficiencia renal, personal y pacientes de instituciones con discapacitados mentales, pacientes que deben recibir transfusiones frecuentes, pacientes HIV, hepatopatas crnicas de otra etiologa diferente de hepatits b, pacientes en lista para transplante de rganos, prisioneros o personal de crceles, viajeros a pases de alta endemicidad y pacientes que reciben factores de coagulacin en forma peridica."
PRY,2023,HEPB_ADULT,3,HW,Health workers,NATIONAL,+M6,"Trabajadores de la salud, adolescentes con conductas de riesgo, homosexuales o bisexuales con ms de una pareja, adictos a drogas endovenosas, heterosexuales con ms de una pareja o antecedentes de enfermedades de transmisin sexual, convivientes y contactos sexuales con portadores del virus de hepatitis b o personas con infeccin aguda, hemodializados y pacientes con insuficiencia renal, personal y pacientes de instituciones con discapacitados mentales, pacientes que deben recibir transfusiones frecuentes, pacientes HIV, hepatopatas crnicas de otra etiologa diferente de hepatits b, pacientes en lista para transplante de rganos, prisioneros o personal de crceles, viajeros a pases de alta endemicidad y pacientes que reciben factores de coagulacin en forma peridica."
PRY,2023,HEPB_ADULT,3,RISKGROUPS,Risk group(s),NATIONAL,+M6,"Trabajadores de la salud, adolescentes con conductas de riesgo, homosexuales o bisexuales con ms de una pareja, adictos a drogas endovenosas, heterosexuales con ms de una pareja o antecedentes de enfermedades de transmisin sexual, convivientes y contactos sexuales con portadores del virus de hepatitis b o personas con infeccin aguda, hemodializados y pacientes con insuficiencia renal, personal y pacientes de instituciones con discapacitados mentales, pacientes que deben recibir transfusiones frecuentes, pacientes HIV, hepatopatas crnicas de otra etiologa diferente de hepatits b, pacientes en lista para transplante de rganos, prisioneros o personal de crceles, viajeros a pases de alta endemicidad y pacientes que reciben factores de coagulacin en forma peridica."
PRY,2023,HEPB_ADULT,2,RISKGROUPS,Risk group(s),NATIONAL,+M1,"Trabajadores de la salud, adolescentes con conductas de riesgo, homosexuales o bisexuales con ms de una pareja, adictos a drogas endovenosas, heterosexuales con ms de una pareja o antecedentes de enfermedades de transmisin sexual, convivientes y contactos sexuales con portadores del virus de hepatitis b o personas con infeccin aguda, hemodializados y pacientes con insuficiencia renal, personal y pacientes de instituciones con discapacitados mentales, pacientes que deben recibir transfusiones frecuentes, pacientes HIV, hepatopatas crnicas de otra etiologa diferente de hepatits b, pacientes en lista para transplante de rganos, prisioneros o personal de crceles, viajeros a pases de alta endemicidad y pacientes que reciben factores de coagulacin en forma peridica."
PRY,2023,HEPB_ADULT,1,RISKGROUPS,Risk group(s),NATIONAL,1st contact,"Trabajadores de la salud, adolescentes con conductas de riesgo, homosexuales o bisexuales con ms de una pareja, adictos a drogas endovenosas, heterosexuales con ms de una pareja o antecedentes de enfermedades de transmisin sexual, convivientes y contactos sexuales con portadores del virus de hepatitis b o personas con infeccin aguda, hemodializados y pacientes con insuficiencia renal, personal y pacientes de instituciones con discapacitados mentales, pacientes que deben recibir transfusiones frecuentes, pacientes HIV, hepatopatas crnicas de otra etiologa diferente de hepatits b, pacientes en lista para transplante de rganos, prisioneros o personal de crceles, viajeros a pases de alta endemicidad y pacientes que reciben factores de coagulacin en forma peridica."
PRY,2023,HEPB_ADULT,1,TRAVELLERS,Travellers,NATIONAL,1st contact,"Trabajadores de la salud, adolescentes con conductas de riesgo, homosexuales o bisexuales con ms de una pareja, adictos a drogas endovenosas, heterosexuales con ms de una pareja o antecedentes de enfermedades de transmisin sexual, convivientes y contactos sexuales con portadores del virus de hepatitis b o personas con infeccin aguda, hemodializados y pacientes con insuficiencia renal, personal y pacientes de instituciones con discapacitados mentales, pacientes que deben recibir transfusiones frecuentes, pacientes HIV, hepatopatas crnicas de otra etiologa diferente de hepatits b, pacientes en lista para transplante de rganos, prisioneros o personal de crceles, viajeros a pases de alta endemicidad y pacientes que reciben factores de coagulacin en forma peridica."
PRY,2023,HEPB_ADULT,2,TRAVELLERS,Travellers,NATIONAL,+M1,"Trabajadores de la salud, adolescentes con conductas de riesgo, homosexuales o bisexuales con ms de una pareja, adictos a drogas endovenosas, heterosexuales con ms de una pareja o antecedentes de enfermedades de transmisin sexual, convivientes y contactos sexuales con portadores del virus de hepatitis b o personas con infeccin aguda, hemodializados y pacientes con insuficiencia renal, personal y pacientes de instituciones con discapacitados mentales, pacientes que deben recibir transfusiones frecuentes, pacientes HIV, hepatopatas crnicas de otra etiologa diferente de hepatits b, pacientes en lista para transplante de rganos, prisioneros o personal de crceles, viajeros a pases de alta endemicidad y pacientes que reciben factores de coagulacin en forma peridica."
PRY,2023,HEPB_ADULT,3,TRAVELLERS,Travellers,NATIONAL,+M6,"Trabajadores de la salud, adolescentes con conductas de riesgo, homosexuales o bisexuales con ms de una pareja, adictos a drogas endovenosas, heterosexuales con ms de una pareja o antecedentes de enfermedades de transmisin sexual, convivientes y contactos sexuales con portadores del virus de hepatitis b o personas con infeccin aguda, hemodializados y pacientes con insuficiencia renal, personal y pacientes de instituciones con discapacitados mentales, pacientes que deben recibir transfusiones frecuentes, pacientes HIV, hepatopatas crnicas de otra etiologa diferente de hepatits b, pacientes en lista para transplante de rganos, prisioneros o personal de crceles, viajeros a pases de alta endemicidad y pacientes que reciben factores de coagulacin en forma peridica."
PRY,2023,HEPB_PEDIATRIC,1,,General/routine,NATIONAL,B,
PRY,2023,HIB,1,RISKGROUPS,Risk group(s),NATIONAL,1st contact,"a) nios menores de 5 aos que requieran realizarse una esplenoctoma programada con esquema primario completo y dosis de refuerzo, podrn beneficiarse con una dosis adicional de vacuna conjugada contra Hib administrada 7-10 das antes del procedimiento, b) infeccin por VIH, c) defict de inmunoglobulina subclase 2 (IgG2), d) oncolgicos, e) trasplantados con precursores hematopoyticos y f) trasplante de rgano slido g) nios entre 12 - 59 meses con afeccin subyacente que no fueron inmunizados o slo hayan recibido una nica dosis antes de los 12 meses de edad, deben recibir dos dosis de vacuna anti - haemophilus influenzae b (con intervalos de 2 meses entre dosis) y en caso de haber recibido dos dosis antes de los 12 meses de vida se recomienda administrar una dosis adicional."
PRY,2023,HIB,2,RISKGROUPS,Risk group(s),NATIONAL,+M2,"a) nios menores de 5 aos que requieran realizarse una esplenoctoma programada con esquema primario completo y dosis de refuerzo, podrn beneficiarse con una dosis adicional de vacuna conjugada contra Hib administrada 7-10 das antes del procedimiento, b) infeccin por VIH, c) defict de inmunoglobulina subclase 2 (IgG2), d) oncolgicos, e) trasplantados con precursores hematopoyticos y f) trasplante de rgano slido g) nios entre 12 - 59 meses con afeccin subyacente que no fueron inmunizados o slo hayan recibido una nica dosis antes de los 12 meses de edad, deben recibir dos dosis de vacuna anti - haemophilus influenzae b (con intervalos de 2 meses entre dosis) y en caso de haber recibido dos dosis antes de los 12 meses de vida se recomienda administrar una dosis adicional."
PRY,2023,HPV4,1,FEMALE,HPV for females only,NATIONAL,Y9-Y14,Nias de 9 a 14 aos de edad.
PRY,2023,HPV4,2,FEMALE,HPV for females only,NATIONAL,+M6,Nias de 9 a 14 aos de edad.
PRY,2023,INFLUENZA_ADULT,1,ADULTS,Adults,NATIONAL,>Y18,and older persons >=60 years
PRY,2023,INFLUENZA_ADULT,1,HW,Health workers,NATIONAL,,Health and care workers
PRY,2023,INFLUENZA_ADULT,1,PW,Pregnant women,NATIONAL,,Pregnant women
PRY,2023,INFLUENZA_ADULT,1,RISKGROUPS,Risk group(s),NATIONAL,,"Residents living in long-term care facilities, other groups"
PRY,2023,INFLUENZA_PEDIATRIC,1,,General/routine,NATIONAL,M6-M35,
PRY,2023,INFLUENZA_PEDIATRIC,2,,General/routine,NATIONAL,>=Y3,
PRY,2023,IPV,5,,General/routine,NATIONAL,Y4,
PRY,2023,IPV,1,RISKGROUPS,Risk group(s),NATIONAL,1st contact,"Adicionalmente se administra a grupos de alto riesgo, pacientes con inmunocompromiso. Las personas inmunodeprimidas, por las mismas caractersticas de la inmunodefensa, no deben recibir vacunas compuestos por agentes vivos atenuados. De tal manera a que una de las indicaciones es recibir vacunas inactivadas como es el caso de la vacuna frente al Polio Virus Antipoliomielitica Inactivada (IPV). Indicada adems en Pacientes que padecen alguna inmunodeficiencia primaria o secundaria, al igual que sus contactos cercanos, por el riesgo de parlisis asociada a la vacuna OPV. Mayores de 18 aos que requieren completar esquemas o reforzarlos ante situaciones de riesgo (viajeros, epidemias)."
PRY,2023,IPV,1,TRAVELLERS,Travellers,NATIONAL,1st contact,"Adicionalmente se administra a grupos de alto riesgo, pacientes con inmunocompromiso. Las personas inmunodeprimidas, por las mismas caractersticas de la inmunodefensa, no deben recibir vacunas compuestos por agentes vivos atenuados. De tal manera a que una de las indicaciones es recibir vacunas inactivadas como es el caso de la vacuna frente al Polio Virus Antipoliomielitica Inactivada (IPV). Indicada adems en Pacientes que padecen alguna inmunodeficiencia primaria o secundaria, al igual que sus contactos cercanos, por el riesgo de parlisis asociada a la vacuna OPV. Mayores de 18 aos que requieren completar esquemas o reforzarlos ante situaciones de riesgo (viajeros, epidemias)."
PRY,2023,MEN_ACYW_135CONJ,1,HW,Health workers,NATIONAL,,"En situaciones y poblaciones especiales. a) Personas de 2 a 55 aos con asplenia anatmica o funcional, o dficit de factores terminales del complemento, deben recibir 1 dosis y un refuerzo cada 5 aos. b) Personal de salud o trabajadores de laboratorio de microbiologa que manipulan o procesan cultivos bacteriolgicos con potencial exposicin a Neisseria meningitidis: una sola dosis con revacunacin cada 5 aos mientras se mantenga la exposicin. c) Nios con infeccin por VIH."
PRY,2023,MEN_ACYW_135CONJ,2,RISKGROUPS,Risk group(s),NATIONAL,+Y5,"En situaciones y poblaciones especiales. a) Personas de 2 a 55 aos con asplenia anatmica o funcional, o dficit de factores terminales del complemento, deben recibir 1 dosis y un refuerzo cada 5 aos. b) Personal de salud o trabajadores de laboratorio de microbiologa que manipulan o procesan cultivos bacteriolgicos con potencial exposicin a Neisseria meningitidis: una sola dosis con revacunacin cada 5 aos mientras se mantenga la exposicin. c) Nios con infeccin por VIH."
PRY,2023,MEN_ACYW_135CONJ,1,RISKGROUPS,Risk group(s),NATIONAL,1st contact,"En situaciones y poblaciones especiales. a) Personas de 2 a 55 aos con asplenia anatmica o funcional, o dficit de factores terminales del complemento, deben recibir 1 dosis y un refuerzo cada 5 aos. b) Personal de salud o trabajadores de laboratorio de microbiologa que manipulan o procesan cultivos bacteriolgicos con potencial exposicin a Neisseria meningitidis: una sola dosis con revacunacin cada 5 aos mientras se mantenga la exposicin. c) Nios con infeccin por VIH."
PRY,2023,MMR,1,,General/routine,NATIONAL,M12,
PRY,2023,MMR,2,,General/routine,NATIONAL,M18,
PRY,2023,MMR,2,RISKGROUPS,Risk group(s),NATIONAL,+M1,"Para la inmunizacin activa contra el sarampin y rubola en bebs, nios, adolescentes y adultos jvenes en riesgo. A partir de los 11 aos de edad podr ser administrada la vacuna triple viral en aquellas personas que no cuenten con antecedente de vacunacin previa con 2 dosis de SPR, debido a que la vacuna Triple viral forma parte del esquema de vacunacin nacional en edades de 12 y 18 meses."
PRY,2023,MMR,1,RISKGROUPS,Risk group(s),NATIONAL,1st contact,"Para la inmunizacin activa contra el sarampin y rubola en bebs, nios, adolescentes y adultos jvenes en riesgo. A partir de los 11 aos de edad podr ser administrada la vacuna triple viral en aquellas personas que no cuenten con antecedente de vacunacin previa con 2 dosis de SPR, debido a que la vacuna Triple viral forma parte del esquema de vacunacin nacional en edades de 12 y 18 meses."
PRY,2023,PCV13,1,,General/routine,NATIONAL,M2,
PRY,2023,PCV13,2,,General/routine,NATIONAL,M4,
PRY,2023,PCV13,3,,General/routine,NATIONAL,Y1,
PRY,2023,PPV23,1,ADULTS,Adults,NATIONAL,>=Y60,"La vacuna neumococica polisacarida 23 valente se administra a toda persona de igual o mayor edad a 60 aos, adicionalmente a personas de alto riesgo de padecer enfermedad invasiva por Streptococcus pneumoniae. La vacuna 23 valente est indicada para los nios a partir de los dos aos de edad y en adultos que integran los grupos de alto riesgo de padecer enfermedad invasiva por Streptococcus pneumoniae, dictados a continuacin: anemia drepanoctica, cardiopatia congnita, enfermedades pulmonares crnicas, diabetes mellitus, hepatopata crnica, fistula de LCR, asplenia funcional o anatmica, implante coclear, 60 aos o mayor, infeccin por VIH, leucemias, neoplasias, falla renal crnica, sindrome nefrtico, tabaquismo."
PRY,2023,PPV23,1,RISKGROUPS,Risk group(s),NATIONAL,,"La vacuna neumococica polisacarida 23 valente se administra a toda persona de igual o mayor edad a 60 aos, adicionalmente a personas de alto riesgo de padecer enfermedad invasiva por Streptococcus pneumoniae. La vacuna 23 valente est indicada para los nios a partir de los dos aos de edad y en adultos que integran los grupos de alto riesgo de padecer enfermedad invasiva por Streptococcus pneumoniae, dictados a continuacin: anemia drepanoctica, cardiopatia congnita, enfermedades pulmonares crnicas, diabetes mellitus, hepatopata crnica, fistula de LCR, asplenia funcional o anatmica, implante coclear, 60 aos o mayor, infeccin por VIH, leucemias, neoplasias, falla renal crnica, sindrome nefrtico, tabaquismo."
PRY,2023,RABIES,3,RISKGROUPS,Risk group(s),NATIONAL,+Y1,"Pre exposicin: constituye un grupo de personas que no fueron mordidos por ningn tipo de animal, pero debido al tipo de exposicin se considera de alto riesgo: Veterinarios, Bilogos, Laboratoristas, Personal de Zoolgico, Personas que viajan a pases endmicos de rabia. Consiste en la aplicacin de 2 (dos) dosis primarias no mas a 2,5UI por dosis, la 1ra(da 0) y 2da(7 das) y un refuerzo al ao. Post Exposicin: En funcin de la gravedad del contacto con el animal presuntamente rabioso 1ra dosis en da ""0"", 2da dosis en da ""3"", 3ra dosis en da ""7"" y 4ta dosis en da ""14"". Se administran a quienes han mantenido contacto con mordeduras o araazos transdermicos (uno o ms), lamedura en piel lesionada; contaminacin de mucosas con saliva por lamedura; contacto con murcilagos, animales silvestres. Se administra la inmunoglobulina en un mximo de 7 (siete) das posterior al inicio del tratamiento coincidentemente con la tercera dosis de la vacuna antirrbica de uso humano."
PRY,2023,RABIES,1,RISKGROUPS,Risk group(s),NATIONAL,1st contact,"Pre exposicin: constituye un grupo de personas que no fueron mordidos por ningn tipo de animal, pero debido al tipo de exposicin se considera de alto riesgo: Veterinarios, Bilogos, Laboratoristas, Personal de Zoolgico, Personas que viajan a pases endmicos de rabia. Consiste en la aplicacin de 2 (dos) dosis primarias no mas a 2,5UI por dosis, la 1ra(da 0) y 2da(7 das) y un refuerzo al ao. Post Exposicin: En funcin de la gravedad del contacto con el animal presuntamente rabioso 1ra dosis en da ""0"", 2da dosis en da ""3"", 3ra dosis en da ""7"" y 4ta dosis en da ""14"". Se administran a quienes han mantenido contacto con mordeduras o araazos transdermicos (uno o ms), lamedura en piel lesionada; contaminacin de mucosas con saliva por lamedura; contacto con murcilagos, animales silvestres. Se administra la inmunoglobulina en un mximo de 7 (siete) das posterior al inicio del tratamiento coincidentemente con la tercera dosis de la vacuna antirrbica de uso humano."
PRY,2023,RABIES,2,RISKGROUPS,Risk group(s),NATIONAL,+D7,"Pre exposicin: constituye un grupo de personas que no fueron mordidos por ningn tipo de animal, pero debido al tipo de exposicin se considera de alto riesgo: Veterinarios, Bilogos, Laboratoristas, Personal de Zoolgico, Personas que viajan a pases endmicos de rabia. Consiste en la aplicacin de 2 (dos) dosis primarias no mas a 2,5UI por dosis, la 1ra(da 0) y 2da(7 das) y un refuerzo al ao. Post Exposicin: En funcin de la gravedad del contacto con el animal presuntamente rabioso 1ra dosis en da ""0"", 2da dosis en da ""3"", 3ra dosis en da ""7"" y 4ta dosis en da ""14"". Se administran a quienes han mantenido contacto con mordeduras o araazos transdermicos (uno o ms), lamedura en piel lesionada; contaminacin de mucosas con saliva por lamedura; contacto con murcilagos, animales silvestres. Se administra la inmunoglobulina en un mximo de 7 (siete) das posterior al inicio del tratamiento coincidentemente con la tercera dosis de la vacuna antirrbica de uso humano."
PRY,2023,RABIES,2,TRAVELLERS,Travellers,NATIONAL,+D7,"Pre exposicin: constituye un grupo de personas que no fueron mordidos por ningn tipo de animal, pero debido al tipo de exposicin se considera de alto riesgo: Veterinarios, Bilogos, Laboratoristas, Personal de Zoolgico, Personas que viajan a pases endmicos de rabia. Consiste en la aplicacin de 2 (dos) dosis primarias no mas a 2,5UI por dosis, la 1ra(da 0) y 2da(7 das) y un refuerzo al ao. Post Exposicin: En funcin de la gravedad del contacto con el animal presuntamente rabioso 1ra dosis en da ""0"", 2da dosis en da ""3"", 3ra dosis en da ""7"" y 4ta dosis en da ""14"". Se administran a quienes han mantenido contacto con mordeduras o araazos transdermicos (uno o ms), lamedura en piel lesionada; contaminacin de mucosas con saliva por lamedura; contacto con murcilagos, animales silvestres. Se administra la inmunoglobulina en un mximo de 7 (siete) das posterior al inicio del tratamiento coincidentemente con la tercera dosis de la vacuna antirrbica de uso humano."
PRY,2023,RABIES,1,TRAVELLERS,Travellers,NATIONAL,1st contact,"Pre exposicin: constituye un grupo de personas que no fueron mordidos por ningn tipo de animal, pero debido al tipo de exposicin se considera de alto riesgo: Veterinarios, Bilogos, Laboratoristas, Personal de Zoolgico, Personas que viajan a pases endmicos de rabia. Consiste en la aplicacin de 2 (dos) dosis primarias no mas a 2,5UI por dosis, la 1ra(da 0) y 2da(7 das) y un refuerzo al ao. Post Exposicin: En funcin de la gravedad del contacto con el animal presuntamente rabioso 1ra dosis en da ""0"", 2da dosis en da ""3"", 3ra dosis en da ""7"" y 4ta dosis en da ""14"". Se administran a quienes han mantenido contacto con mordeduras o araazos transdermicos (uno o ms), lamedura en piel lesionada; contaminacin de mucosas con saliva por lamedura; contacto con murcilagos, animales silvestres. Se administra la inmunoglobulina en un mximo de 7 (siete) das posterior al inicio del tratamiento coincidentemente con la tercera dosis de la vacuna antirrbica de uso humano."
PRY,2023,RABIES,3,TRAVELLERS,Travellers,NATIONAL,+Y1,"Pre exposicin: constituye un grupo de personas que no fueron mordidos por ningn tipo de animal, pero debido al tipo de exposicin se considera de alto riesgo: Veterinarios, Bilogos, Laboratoristas, Personal de Zoolgico, Personas que viajan a pases endmicos de rabia. Consiste en la aplicacin de 2 (dos) dosis primarias no mas a 2,5UI por dosis, la 1ra(da 0) y 2da(7 das) y un refuerzo al ao. Post Exposicin: En funcin de la gravedad del contacto con el animal presuntamente rabioso 1ra dosis en da ""0"", 2da dosis en da ""3"", 3ra dosis en da ""7"" y 4ta dosis en da ""14"". Se administran a quienes han mantenido contacto con mordeduras o araazos transdermicos (uno o ms), lamedura en piel lesionada; contaminacin de mucosas con saliva por lamedura; contacto con murcilagos, animales silvestres. Se administra la inmunoglobulina en un mximo de 7 (siete) das posterior al inicio del tratamiento coincidentemente con la tercera dosis de la vacuna antirrbica de uso humano."
PRY,2023,ROTAVIRUS_1,1,,General/routine,NATIONAL,M2,
PRY,2023,ROTAVIRUS_1,2,,General/routine,NATIONAL,M4,
PRY,2023,TD_S,5,CATCHUP_A,Catch-up adults,NATIONAL,+Y1,Se administra como puesta al da en adultos y nios a partir de los 7 aos de edad de acuerdo al antecedente de vacunacin.
PRY,2023,TD_S,3,CATCHUP_A,Catch-up adults,NATIONAL,+Y1,Se administra como puesta al da en adultos y nios a partir de los 7 aos de edad de acuerdo al antecedente de vacunacin.
PRY,2023,TD_S,4,CATCHUP_A,Catch-up adults,NATIONAL,+Y1,Se administra como puesta al da en adultos y nios a partir de los 7 aos de edad de acuerdo al antecedente de vacunacin.
PRY,2023,TD_S,1,CATCHUP_A,Catch-up adults,NATIONAL,1st contact,Se administra como puesta al da en adultos y nios a partir de los 7 aos de edad de acuerdo al antecedente de vacunacin.
PRY,2023,TD_S,2,CATCHUP_A,Catch-up adults,NATIONAL,+M1,Se administra como puesta al da en adultos y nios a partir de los 7 aos de edad de acuerdo al antecedente de vacunacin.
PRY,2023,TD_S,2,CATCHUP_C,Catch-up children,NATIONAL,+M1,Se administra como puesta al da en adultos y nios a partir de los 7 aos de edad de acuerdo al antecedente de vacunacin.
PRY,2023,TD_S,1,CATCHUP_C,Catch-up children,NATIONAL,>=Y7,Se administra como puesta al da en adultos y nios a partir de los 7 aos de edad de acuerdo al antecedente de vacunacin.
PRY,2023,TD_S,5,CATCHUP_C,Catch-up children,NATIONAL,+Y1,Se administra como puesta al da en adultos y nios a partir de los 7 aos de edad de acuerdo al antecedente de vacunacin.
PRY,2023,TD_S,4,CATCHUP_C,Catch-up children,NATIONAL,+Y1,Se administra como puesta al da en adultos y nios a partir de los 7 aos de edad de acuerdo al antecedente de vacunacin.
PRY,2023,TD_S,3,CATCHUP_C,Catch-up children,NATIONAL,+Y1,Se administra como puesta al da en adultos y nios a partir de los 7 aos de edad de acuerdo al antecedente de vacunacin.
PRY,2023,TDAP_S,6,B_ADO_W,General/routine,NATIONAL,Y10,
PRY,2023,TDAP_S,1,HW,Health workers,NATIONAL,,"Adicionalmente al Personal de salud dosis nica, Embarazadas a partir de las 20 semanas de gestacin en cada embarazo, Purperas que no lo han recibido durante su embarazo con hijos menores de 6 meses."
PRY,2023,TDAP_S,1,PW,Pregnant women,NATIONAL,,"Adicionalmente al Personal de salud dosis nica, Embarazadas a partir de las 20 semanas de gestacin en cada embarazo, Purperas que no lo han recibido durante su embarazo con hijos menores de 6 meses."
PRY,2023,TDAP_S,1,RISKGROUPS,Risk group(s),NATIONAL,1st contact,"Adicionalmente al Personal de salud dosis nica, Embarazadas a partir de las 20 semanas de gestacin en cada embarazo, Purperas que no lo han recibido durante su embarazo con hijos menores de 6 meses."
PRY,2023,VARICELLA,1,,General/routine,NATIONAL,M15,
PRY,2023,VARICELLA,2,,General/routine,NATIONAL,Y5,
PRY,2023,YF,1,,General/routine,NATIONAL,M12,
PRY,2023,YF,1,RISKGROUPS,Risk group(s),NATIONAL,Y2-Y59,"Dentro del calendario regular a los 1 aos de edad, adicionalmente tambin podr administrarse a la poblacin de 2 a 59 aos que an no hayan recibido la vacuna y se desplacen a paises endmicos."
PRY,2023,YF,1,TRAVELLERS,Travellers,NATIONAL,Y2-Y59,"Dentro del calendario regular a los 1 aos de edad, adicionalmente tambin podr administrarse a la poblacin de 2 a 59 aos que an no hayan recibido la vacuna y se desplacen a paises endmicos."
PSE,2023,BCG,1,,General/routine,NATIONAL,W1,
PSE,2023,DT,5,B_CHILD_W,General/routine,NATIONAL,Y6,
PSE,2023,DTWP,4,B_2YL_W,General/routine,NATIONAL,M18,
PSE,2023,DTWPHIBHEPB,1,,General/routine,NATIONAL,M2,
PSE,2023,DTWPHIBHEPB,2,,General/routine,NATIONAL,M4,
PSE,2023,DTWPHIBHEPB,3,,General/routine,NATIONAL,M6,
PSE,2023,HEPB_ADULT,1,RISKGROUPS,Risk group(s),NATIONAL,,Special groups
PSE,2023,HEPB_PEDIATRIC,1,,General/routine,NATIONAL,B,
PSE,2023,HIB,1,RISKGROUPS,Risk group(s),SUBNATIONAL,,Special groups
PSE,2023,INFLUENZA_ADULT,1,ADULTS,Adults,NATIONAL,>Y18,and older persons
PSE,2023,INFLUENZA_ADULT,1,HW,Health workers,NATIONAL,,Health and care workers
PSE,2023,INFLUENZA_ADULT,1,PW,Pregnant women,NATIONAL,,Pregnant women
PSE,2023,INFLUENZA_ADULT,1,RISKGROUPS,Risk group(s),NATIONAL,,Adults with chronic conditions
PSE,2023,INFLUENZA_PEDIATRIC,1,,General/routine,NATIONAL,>=M6,
PSE,2023,INFLUENZA_PEDIATRIC,1,RISKGROUPS,Risk group(s),NATIONAL,,Children with chronic conditions
PSE,2023,IPV,1,,General/routine,NATIONAL,M1,
PSE,2023,IPV,2,,General/routine,NATIONAL,M2,
PSE,2023,MEN_ACYW_135CONJ,1,RISKGROUPS,Risk group(s),NATIONAL,,Special groups
PSE,2023,MMR,1,,General/routine,NATIONAL,M12,
PSE,2023,MMR,2,,General/routine,NATIONAL,M18,
PSE,2023,OPV,1,,General/routine,NATIONAL,M2,
PSE,2023,OPV,2,,General/routine,NATIONAL,M4,
PSE,2023,OPV,3,,General/routine,NATIONAL,M6,
PSE,2023,OPV,4,,General/routine,NATIONAL,M18,
PSE,2023,OPV,5,,General/routine,NATIONAL,Y6,
PSE,2023,PCV10,1,,General/routine,NATIONAL,M2,
PSE,2023,PCV10,2,,General/routine,NATIONAL,M4,
PSE,2023,PCV10,3,,General/routine,NATIONAL,M12,
PSE,2023,RABIES,1,RISKGROUPS,Risk group(s),NATIONAL,,Special groups
PSE,2023,ROTAVIRUS_1,1,,General/routine,NATIONAL,M2,
PSE,2023,ROTAVIRUS_1,2,,General/routine,NATIONAL,M4,
PSE,2023,ROTAVIRUS_1,3,,General/routine,NATIONAL,M6,
PSE,2023,TD_S,6,B_ADO_W,General/routine,NATIONAL,Y15,
PSE,2023,TD_S,1,PW,Pregnant women,NATIONAL,,Pregnant women
PSE,2023,YF,1,TRAVELLERS,Travellers,NATIONAL,,Travellers to high risk areas
PYF,2023,BCG,1,,General/routine,NATIONAL,B,
PYF,2023,DTAPHIBHEPBIPV,1,,General/routine,NATIONAL,M2,
PYF,2023,DTAPHIBHEPBIPV,3,,General/routine,NATIONAL,M10,
PYF,2023,DTAPHIBIPV,2,,General/routine,NATIONAL,M4,
PYF,2023,DTAPIPV,4,B_CHILD_W,General/routine,NATIONAL,Y6,
PYF,2023,HEPB_ADULT,1,HW,Health workers,NATIONAL,1st contact,Healthcare workers
PYF,2023,HEPB_ADULT,2,HW,Health workers,NATIONAL,+M1,Healthcare workers
PYF,2023,HEPB_ADULT,3,HW,Health workers,NATIONAL,+M6,Healthcare workers
PYF,2023,HEPB_PEDIATRIC,1,,General/routine,NATIONAL,B,
PYF,2023,INFLUENZA_ADULT,1,ADULTS,Adults,NATIONAL,>=Y60,
PYF,2023,INFLUENZA_ADULT,1,HW,Health workers,NATIONAL,,Health and care workers
PYF,2023,INFLUENZA_ADULT,1,PW,Pregnant women,NATIONAL,,Pregnant women
PYF,2023,INFLUENZA_ADULT,1,RISKGROUPS,Risk group(s),NATIONAL,,"Adults with chronic conditions, residents living in long-term care facilities, other groups"
PYF,2023,INFLUENZA_PEDIATRIC,1,RISKGROUPS,Risk group(s),NATIONAL,,Children with chronic conditions
PYF,2023,MMR,1,,General/routine,NATIONAL,M12,
PYF,2023,MMR,2,,General/routine,NATIONAL,M18,
PYF,2023,PCV13,2,,General/routine,NATIONAL,M4,
PYF,2023,PCV13,3,,General/routine,NATIONAL,M10,
PYF,2023,PCV13,1,,General/routine,NATIONAL,M2,
PYF,2023,PCV13,1,RISKGROUPS,Risk group(s),NATIONAL,1st contact,Preterm or risk of invasive pneumococcal infection (chronic disease)
PYF,2023,PPV23,1,,General/routine,NATIONAL,Y5,
PYF,2023,PPV23,2,RISKGROUPS,Risk group(s),NATIONAL,+M2,Prime boost scheme: 1st dose with PCV13 and 2nd dose with PPV
PYF,2023,TDAP_S_IPV,5,B_ADO_W,General/routine,NATIONAL,Y11,
QAT,2023,BCG,1,,General/routine,NATIONAL,B,
QAT,2023,DTAP,5,B_CHILD_W,General/routine,NATIONAL,Y4-Y6,
QAT,2023,DTAPHIB,4,B_2YL_W,General/routine,NATIONAL,M18,
QAT,2023,DTAPHIBHEPB,3,,General/routine,NATIONAL,M6,
QAT,2023,DTAPHIBHEPBIPV,1,,General/routine,NATIONAL,M2,
QAT,2023,DTAPHIBHEPBIPV,2,,General/routine,NATIONAL,M4,
QAT,2023,HEPA_ADULT,1,TRAVELLERS,Travellers,NATIONAL,1st contact,Two doses 6 months apart are recommended for those with frequent travel to high risk countries
QAT,2023,HEPA_ADULT,2,TRAVELLERS,Travellers,NATIONAL,+M6,Two doses 6 months apart are recommended for those with frequent travel to high risk countries
QAT,2023,HEPA_PEDIATRIC,1,,General/routine,NATIONAL,M12,
QAT,2023,HEPA_PEDIATRIC,2,,General/routine,NATIONAL,M18,
QAT,2023,HEPB_ADULT,3,HW,Health workers,NATIONAL,+M6,"3 doses are recommended at 0, 2, 6 months apart especially for those with high risk of exposure like the health care workers and laboratory personal"
QAT,2023,HEPB_ADULT,2,HW,Health workers,NATIONAL,+M2,"3 doses are recommended at 0, 2, 6 months apart especially for those with high risk of exposure like the health care workers and laboratory personal"
QAT,2023,HEPB_ADULT,1,HW,Health workers,NATIONAL,1st contact,"3 doses are recommended at 0, 2, 6 months apart especially for those with high risk of exposure like the health care workers and laboratory personal"
QAT,2023,HEPB_ADULT,1,RISKGROUPS,Risk group(s),NATIONAL,1st contact,"3 doses are recommended at 0, 2, 6 months apart especially for those with high risk of exposure like the health care workers and laboratory personal"
QAT,2023,HEPB_ADULT,2,RISKGROUPS,Risk group(s),NATIONAL,+M2,"3 doses are recommended at 0, 2, 6 months apart especially for those with high risk of exposure like the health care workers and laboratory personal"
QAT,2023,HEPB_ADULT,3,RISKGROUPS,Risk group(s),NATIONAL,+M6,"3 doses are recommended at 0, 2, 6 months apart especially for those with high risk of exposure like the health care workers and laboratory personal"
QAT,2023,HEPB_PEDIATRIC,1,,General/routine,NATIONAL,B,
QAT,2023,HPV9,1,BOTH,HPV administered to females and males,NATIONAL,Y9-Y14,"Males and females aged 11-26 years: 9-14 years x2 doses of 0.5ml at 0, 6 months; 15 years and above x3 doses of 0.5ml at 0, 1 and 6 months"
QAT,2023,HPV9,2,BOTH,HPV administered to females and males,NATIONAL,+M6,"Males and females aged 11-26 years: 9-14 years x2 doses of 0.5ml at 0, 6 months; 15 years and above x3 doses of 0.5ml at 0, 1 and 6 months"
QAT,2023,INFLUENZA_ADULT,1,ADULTS,Adults,NATIONAL,>Y18,and older persons >65 years
QAT,2023,INFLUENZA_ADULT,1,HW,Health workers,NATIONAL,,Health and care workers
QAT,2023,INFLUENZA_ADULT,1,PW,Pregnant women,NATIONAL,,Pregnant women
QAT,2023,INFLUENZA_ADULT,1,RISKGROUPS,Risk group(s),NATIONAL,,"Adults with chronic conditions, residents living in long-term care facilities"
QAT,2023,INFLUENZA_PEDIATRIC,1,,General/routine,NATIONAL,M6-Y5,
QAT,2023,INFLUENZA_PEDIATRIC,2,,General/routine,NATIONAL,>Y6,
QAT,2023,INFLUENZA_PEDIATRIC,1,RISKGROUPS,Risk group(s),NATIONAL,,Children with chronic conditions
QAT,2023,IPV,1,RISKGROUPS,Risk group(s),NATIONAL,,Recommended for defaulters in the Defaulters schedule for those children who have never received any IPV containing vaccines
QAT,2023,MEN_ACYW_135CONJ,1,RISKGROUPS,Risk group(s),NATIONAL,>=Y2,travellers and high risk
QAT,2023,MEN_ACYW_135CONJ,1,TRAVELLERS,Travellers,NATIONAL,>=Y2,travellers and high risk
QAT,2023,MMR,1,,General/routine,NATIONAL,M12,
QAT,2023,MMR,2,,General/routine,NATIONAL,M18,
QAT,2023,OPV,1,,General/routine,NATIONAL,M6,
QAT,2023,OPV,2,,General/routine,NATIONAL,M18,
QAT,2023,OPV,3,,General/routine,NATIONAL,Y4-Y6,
QAT,2023,PCV13,1,,General/routine,NATIONAL,M2,
QAT,2023,PCV13,2,,General/routine,NATIONAL,M4,
QAT,2023,PCV13,3,,General/routine,NATIONAL,M6,
QAT,2023,PCV13,4,,General/routine,NATIONAL,M15,
QAT,2023,PPV23,1,RISKGROUPS,Risk group(s),NATIONAL,>=Y2,high risk groups
QAT,2023,ROTAVIRUS_1,1,,General/routine,NATIONAL,M2,
QAT,2023,ROTAVIRUS_1,2,,General/routine,NATIONAL,M4,
QAT,2023,TDAP_S,6,B_ADO_W,General/routine,NATIONAL,Y13-Y18,
QAT,2023,VARICELLA,1,,General/routine,NATIONAL,M12,
QAT,2023,VARICELLA,2,,General/routine,NATIONAL,Y4-Y6,
ROU,2023,BCG,1,,General/routine,NATIONAL,B,
ROU,2023,DTAPHIBHEPBIPV,1,,General/routine,NATIONAL,M2,
ROU,2023,DTAPHIBHEPBIPV,2,,General/routine,NATIONAL,M4,
ROU,2023,DTAPHIBHEPBIPV,3,,General/routine,NATIONAL,M11,
ROU,2023,DTAPIPV,4,B_CHILD_W,General/routine,NATIONAL,Y6,
ROU,2023,HEPA_ADULT,1,RISKGROUPS,Risk group(s),SUBNATIONAL,,"Currently, this type of vaccination is done within hepatitis A foci."
ROU,2023,HEPA_PEDIATRIC,1,RISKGROUPS,Risk group(s),SUBNATIONAL,,"Currently, this type of vaccination is done within hepatitis A foci."
ROU,2023,HEPB_ADULT,1,RISKGROUPS,Risk group(s),SUBNATIONAL,,Private sector
ROU,2023,HEPB_PEDIATRIC,1,,General/routine,NATIONAL,B,
ROU,2023,HPV9,1,FEMALE,HPV for females only,NATIONAL,Y11-Y18,11-18 y girls on request
ROU,2023,INFLUENZA_ADULT,1,ADULTS,Adults,NATIONAL,>Y18,and older persons >65 years old
ROU,2023,INFLUENZA_ADULT,1,HW,Health workers,NATIONAL,,Health and care workers
ROU,2023,INFLUENZA_ADULT,1,PW,Pregnant women,NATIONAL,,Pregnant women
ROU,2023,INFLUENZA_ADULT,1,RISKGROUPS,Risk group(s),NATIONAL,,"Adults with chronic conditions, residents living in long-term care facilities"
ROU,2023,INFLUENZA_PEDIATRIC,1,,General/routine,NATIONAL,M6-Y3,
ROU,2023,INFLUENZA_PEDIATRIC,2,,General/routine,NATIONAL,>Y3,
ROU,2023,INFLUENZA_PEDIATRIC,1,RISKGROUPS,Risk group(s),NATIONAL,,Children with chronic conditions
ROU,2023,MEN_AC_CONJ,1,TRAVELLERS,Travellers,SUBNATIONAL,,Travellers
ROU,2023,MEN_ACYW_135CONJ,1,TRAVELLERS,Travellers,SUBNATIONAL,,Travellers
ROU,2023,MMR,1,,General/routine,NATIONAL,M12,
ROU,2023,MMR,2,,General/routine,NATIONAL,Y5,
ROU,2023,PCV13,1,,General/routine,NATIONAL,M2,
ROU,2023,PCV13,2,,General/routine,NATIONAL,M4,
ROU,2023,PCV13,3,,General/routine,NATIONAL,M11,
ROU,2023,ROTAVIRUS_1,1,RISKGROUPS,Risk group(s),SUBNATIONAL,,Private sector
ROU,2023,TDAP_S,5,B_ADO_W,General/routine,NATIONAL,Y14,
ROU,2023,TDAP_S,1,PW,Pregnant women,NATIONAL,,Pregnant women
ROU,2023,TT,1,RISKGROUPS,Risk group(s),NATIONAL,,In case of injuries
ROU,2023,TYPHOID_PS,1,TRAVELLERS,Travellers,SUBNATIONAL,,Travellers
ROU,2023,VARICELLA,1,RISKGROUPS,Risk group(s),NATIONAL,,Private sector
ROU,2023,YF,1,TRAVELLERS,Travellers,SUBNATIONAL,,Travellers
RUS,2023,ANTHRAX,1,RISKGROUPS,Risk group(s),SUBNATIONAL,1st contact,"????????????? ???????????? ????????? ????  ??????????  ? 14-??????? ????????. ?????????? ???????? ? ???????? ??????? ? ?? ????????????? ?????????? .???????? ????????? ????????: ????, ?????????? ? ?????? ?????????? ??????????? ????????? ????, ? ??????????? ????????????? ????????? ??? ???????????? ???????????? ??????????, ?????????? ???????????? ????????? ????;      ????, ???????????? ???? ?????, ??????? ??????????, ??????, ?????????, ????????????????, ???????????? ? ??????????? ????? ????????? ?????????????;      ????, ??????????? ????????? ?????? ?? ??????????? ?? ????????? ???? ???????????:      ???????????? ????????????? ?????;      ????????????????????, ????- ? ??????????????????, ???????????? ? ?????? ??????, ????????? ? ??????? ? ???????????? ??????;      ???????????????, ???????????, ?????????????, ?????????????, ??????????????."
RUS,2023,ANTHRAX,2,RISKGROUPS,Risk group(s),SUBNATIONAL,+?1,"????????????? ???????????? ????????? ????  ??????????  ? 14-??????? ????????. ?????????? ???????? ? ???????? ??????? ? ?? ????????????? ?????????? .???????? ????????? ????????: ????, ?????????? ? ?????? ?????????? ??????????? ????????? ????, ? ??????????? ????????????? ????????? ??? ???????????? ???????????? ??????????, ?????????? ???????????? ????????? ????;      ????, ???????????? ???? ?????, ??????? ??????????, ??????, ?????????, ????????????????, ???????????? ? ??????????? ????? ????????? ?????????????;      ????, ??????????? ????????? ?????? ?? ??????????? ?? ????????? ???? ???????????:      ???????????? ????????????? ?????;      ????????????????????, ????- ? ??????????????????, ???????????? ? ?????? ??????, ????????? ? ??????? ? ???????????? ??????;      ???????????????, ???????????, ?????????????, ?????????????, ??????????????."
RUS,2023,ANTHRAX,3,RISKGROUPS,Risk group(s),SUBNATIONAL,+Y1-Y2,"????????????? ???????????? ????????? ????  ??????????  ? 14-??????? ????????. ?????????? ???????? ? ???????? ??????? ? ?? ????????????? ?????????? .???????? ????????? ????????: ????, ?????????? ? ?????? ?????????? ??????????? ????????? ????, ? ??????????? ????????????? ????????? ??? ???????????? ???????????? ??????????, ?????????? ???????????? ????????? ????;      ????, ???????????? ???? ?????, ??????? ??????????, ??????, ?????????, ????????????????, ???????????? ? ??????????? ????? ????????? ?????????????;      ????, ??????????? ????????? ?????? ?? ??????????? ?? ????????? ???? ???????????:      ???????????? ????????????? ?????;      ????????????????????, ????- ? ??????????????????, ???????????? ? ?????? ??????, ????????? ? ??????? ? ???????????? ??????;      ???????????????, ???????????, ?????????????, ?????????????, ??????????????."
RUS,2023,BCG,1,,General/routine,NATIONAL,D3,
RUS,2023,BCG,2,,General/routine,NATIONAL,Y7,
RUS,2023,D_S,1,ADULTS,Adults,NATIONAL,,"??????? ????????????? ??? ???????????? ???????? ? ????? ? 6-?? ??????? ????????, ?????????? ? ????????."
RUS,2023,DIP,1,,General/routine,NATIONAL,>=Y6,"??????? ????????????? ??? ???????????? ???????? ? ????? ? 6-?? ??????? ????????, ?????????? ? ????????."
RUS,2023,DT,1,RISKGROUPS,Risk group(s),NATIONAL,M3,"???????? Ç???È-??????????? ???????? ? ??????, ???? ??????? ????? ???????????????? ? ?????????? ??????? ????, ?????????? ????????? ?????????."
RUS,2023,DT,2,RISKGROUPS,Risk group(s),NATIONAL,M4.5,"???????? Ç???È-??????????? ???????? ? ??????, ???? ??????? ????? ???????????????? ? ?????????? ??????? ????, ?????????? ????????? ?????????."
RUS,2023,DT,3,RISKGROUPS,Risk group(s),NATIONAL,M6,"???????? Ç???È-??????????? ???????? ? ??????, ???? ??????? ????? ???????????????? ? ?????????? ??????? ????, ?????????? ????????? ?????????."
RUS,2023,DT,4,RISKGROUPS,Risk group(s),NATIONAL,M18,"???????? Ç???È-??????????? ???????? ? ??????, ???? ??????? ????? ???????????????? ? ?????????? ??????? ????, ?????????? ????????? ?????????."
RUS,2023,DT,5,RISKGROUPS,Risk group(s),NATIONAL,Y6,"???????? Ç???È-??????????? ???????? ? ??????, ???? ??????? ????? ???????????????? ? ?????????? ??????? ????, ?????????? ????????? ?????????."
RUS,2023,DTAPHIBIPV,1,,General/routine,NATIONAL,M3,"? ???????????? ? ???????????? ?????????? ???????????????? ???????? ?????????? ????????? ???? ????????? ?????????? ??????? ?? 3-? ??? ???????, ???????? ? ?????????? ? 1.5 ???: ???????????? ???????? ?????????? ? ???????? 18 ???????"
RUS,2023,DTAPHIBIPV,2,,General/routine,NATIONAL,M4.5,"? ???????????? ? ???????????? ?????????? ???????????????? ???????? ?????????? ????????? ???? ????????? ?????????? ??????? ?? 3-? ??? ???????, ???????? ? ?????????? ? 1.5 ???: ???????????? ???????? ?????????? ? ???????? 18 ???????"
RUS,2023,DTAPHIBIPV,3,,General/routine,NATIONAL,M6,"? ???????????? ? ???????????? ?????????? ???????????????? ???????? ?????????? ????????? ???? ????????? ?????????? ??????? ?? 3-? ??? ???????, ???????? ? ?????????? ? 1.5 ???: ???????????? ???????? ?????????? ? ???????? 18 ???????"
RUS,2023,DTAPHIBIPV,4,B_2YL_W,General/routine,NATIONAL,M18,"? ???????????? ? ???????????? ?????????? ???????????????? ???????? ?????????? ????????? ???? ????????? ?????????? ??????? ?? 3-? ??? ???????, ???????? ? ?????????? ? 1.5 ???: ???????????? ???????? ?????????? ? ???????? 18 ???????"
RUS,2023,DTWP,1,,General/routine,NATIONAL,M3,???????? ????-???????? ???????? ? ???????? ?? 3 ??????? ?? ?????????? ???????? 3 ???? 11 ??? 29 ????.???? ? ?????????????????? ? ?????????? ????-??????? ????? ???? ??????? ???-???????????.
RUS,2023,DTWP,2,,General/routine,NATIONAL,M4.5,???????? ????-???????? ???????? ? ???????? ?? 3 ??????? ?? ?????????? ???????? 3 ???? 11 ??? 29 ????.???? ? ?????????????????? ? ?????????? ????-??????? ????? ???? ??????? ???-???????????.
RUS,2023,DTWP,3,,General/routine,NATIONAL,M6,???????? ????-???????? ???????? ? ???????? ?? 3 ??????? ?? ?????????? ???????? 3 ???? 11 ??? 29 ????.???? ? ?????????????????? ? ?????????? ????-??????? ????? ???? ??????? ???-???????????.
RUS,2023,DTWP,4,B_2YL_W,General/routine,NATIONAL,M18,???????? ????-???????? ???????? ? ???????? ?? 3 ??????? ?? ?????????? ???????? 3 ???? 11 ??? 29 ????.???? ? ?????????????????? ? ?????????? ????-??????? ????? ???? ??????? ???-???????????.
RUS,2023,DTWPHEPB,3,,General/routine,NATIONAL,M6,"?????, ???????? ???????????? ????????? ? ?????? 24 ? ????? ? ?? ??????????? ? ??????? ????? ?????????  ??????????? ???????? ????-???? ?  6 ???. ?????? ??????? ????? ??????????? ? ???????????? ? ??????????? ???????? ???????."
RUS,2023,HEPA_ADULT,1,HW,Health workers,SUBNATIONAL,1st contact,"??????????? ?????????? ?????, ??????????? ? ????????, ??????????????? ?? ?????????????? ???????? ????????? ?, ? ????? ?????, ???????????? ????????????????? ????? ????????? (??????????? ?????????, ????????? ????? ???????????? ?????????, ??????? ?? ???????????? ??????? ??????????????, ? ????? ????????????? ????????????? ? ??????????????? ??????????, ???????????? ? ????).  ????, ?????????? ? ??????????????? ?????? (???????), ??? ?????????????? ?????????? ?????????????? ???????? ????????? ?. ?????????? ???? ? ?????? ????????? ???????? ?.  ?? ????????????? ?????????? ???????? ?????????? ??? ?????? ????????????? ???????? ??? ??????? ????????? ???????? ? (????????? ????????, ??????? ?????? ?? ????????????? ? ??????????????? ????)."
RUS,2023,HEPA_ADULT,2,HW,Health workers,SUBNATIONAL,+M6-M12,"??????????? ?????????? ?????, ??????????? ? ????????, ??????????????? ?? ?????????????? ???????? ????????? ?, ? ????? ?????, ???????????? ????????????????? ????? ????????? (??????????? ?????????, ????????? ????? ???????????? ?????????, ??????? ?? ???????????? ??????? ??????????????, ? ????? ????????????? ????????????? ? ??????????????? ??????????, ???????????? ? ????).  ????, ?????????? ? ??????????????? ?????? (???????), ??? ?????????????? ?????????? ?????????????? ???????? ????????? ?. ?????????? ???? ? ?????? ????????? ???????? ?.  ?? ????????????? ?????????? ???????? ?????????? ??? ?????? ????????????? ???????? ??? ??????? ????????? ???????? ? (????????? ????????, ??????? ?????? ?? ????????????? ? ??????????????? ????)."
RUS,2023,HEPA_ADULT,1,RISKGROUPS,Risk group(s),SUBNATIONAL,1st contact,"??????????? ?????????? ?????, ??????????? ? ????????, ??????????????? ?? ?????????????? ???????? ????????? ?, ? ????? ?????, ???????????? ????????????????? ????? ????????? (??????????? ?????????, ????????? ????? ???????????? ?????????, ??????? ?? ???????????? ??????? ??????????????, ? ????? ????????????? ????????????? ? ??????????????? ??????????, ???????????? ? ????).  ????, ?????????? ? ??????????????? ?????? (???????), ??? ?????????????? ?????????? ?????????????? ???????? ????????? ?. ?????????? ???? ? ?????? ????????? ???????? ?.  ?? ????????????? ?????????? ???????? ?????????? ??? ?????? ????????????? ???????? ??? ??????? ????????? ???????? ? (????????? ????????, ??????? ?????? ?? ????????????? ? ??????????????? ????)."
RUS,2023,HEPA_ADULT,2,RISKGROUPS,Risk group(s),SUBNATIONAL,+M6-M12,"??????????? ?????????? ?????, ??????????? ? ????????, ??????????????? ?? ?????????????? ???????? ????????? ?, ? ????? ?????, ???????????? ????????????????? ????? ????????? (??????????? ?????????, ????????? ????? ???????????? ?????????, ??????? ?? ???????????? ??????? ??????????????, ? ????? ????????????? ????????????? ? ??????????????? ??????????, ???????????? ? ????).  ????, ?????????? ? ??????????????? ?????? (???????), ??? ?????????????? ?????????? ?????????????? ???????? ????????? ?. ?????????? ???? ? ?????? ????????? ???????? ?.  ?? ????????????? ?????????? ???????? ?????????? ??? ?????? ????????????? ???????? ??? ??????? ????????? ???????? ? (????????? ????????, ??????? ?????? ?? ????????????? ? ??????????????? ????)."
RUS,2023,HEPA_ADULT,1,TRAVELLERS,Travellers,SUBNATIONAL,1st contact,"??????????? ?????????? ?????, ??????????? ? ????????, ??????????????? ?? ?????????????? ???????? ????????? ?, ? ????? ?????, ???????????? ????????????????? ????? ????????? (??????????? ?????????, ????????? ????? ???????????? ?????????, ??????? ?? ???????????? ??????? ??????????????, ? ????? ????????????? ????????????? ? ??????????????? ??????????, ???????????? ? ????).  ????, ?????????? ? ??????????????? ?????? (???????), ??? ?????????????? ?????????? ?????????????? ???????? ????????? ?. ?????????? ???? ? ?????? ????????? ???????? ?.  ?? ????????????? ?????????? ???????? ?????????? ??? ?????? ????????????? ???????? ??? ??????? ????????? ???????? ? (????????? ????????, ??????? ?????? ?? ????????????? ? ??????????????? ????)."
RUS,2023,HEPA_ADULT,2,TRAVELLERS,Travellers,SUBNATIONAL,+M6-M12,"??????????? ?????????? ?????, ??????????? ? ????????, ??????????????? ?? ?????????????? ???????? ????????? ?, ? ????? ?????, ???????????? ????????????????? ????? ????????? (??????????? ?????????, ????????? ????? ???????????? ?????????, ??????? ?? ???????????? ??????? ??????????????, ? ????? ????????????? ????????????? ? ??????????????? ??????????, ???????????? ? ????).  ????, ?????????? ? ??????????????? ?????? (???????), ??? ?????????????? ?????????? ?????????????? ???????? ????????? ?. ?????????? ???? ? ?????? ????????? ???????? ?.  ?? ????????????? ?????????? ???????? ?????????? ??? ?????? ????????????? ???????? ??? ??????? ????????? ???????? ? (????????? ????????, ??????? ?????? ?? ????????????? ? ??????????????? ????)."
RUS,2023,HEPA_PEDIATRIC,2,,General/routine,SUBNATIONAL,+M6-M12,"??????????? ???????? ????? ? ???????? ? 12 ???., ??????????? ? ????????, ??????????????? ?? ??, ? ?????? ?? ? ?????????? ? ??????????????? ??????"
RUS,2023,HEPA_PEDIATRIC,1,,General/routine,SUBNATIONAL,>M12,"??????????? ???????? ????? ? ???????? ? 12 ???., ??????????? ? ????????, ??????????????? ?? ??, ? ?????? ?? ? ?????????? ? ??????????????? ??????"
RUS,2023,HEPA_PEDIATRIC,2,RISKGROUPS,Risk group(s),SUBNATIONAL,+M6-M12,"??????????? ???????? ????? ? ???????? ? 12 ???., ??????????? ? ????????, ??????????????? ?? ??, ? ?????? ?? ? ?????????? ? ??????????????? ??????"
RUS,2023,HEPA_PEDIATRIC,1,RISKGROUPS,Risk group(s),SUBNATIONAL,1st contact,"??????????? ???????? ????? ? ???????? ? 12 ???., ??????????? ? ????????, ??????????????? ?? ??, ? ?????? ?? ? ?????????? ? ??????????????? ??????"
RUS,2023,HEPA_PEDIATRIC,1,TRAVELLERS,Travellers,SUBNATIONAL,1st contact,"??????????? ???????? ????? ? ???????? ? 12 ???., ??????????? ? ????????, ??????????????? ?? ??, ? ?????? ?? ? ?????????? ? ??????????????? ??????"
RUS,2023,HEPA_PEDIATRIC,2,TRAVELLERS,Travellers,SUBNATIONAL,+M6-M12,"??????????? ???????? ????? ? ???????? ? 12 ???., ??????????? ? ????????, ??????????????? ?? ??, ? ?????? ?? ? ?????????? ? ??????????????? ??????"
RUS,2023,HEPB_ADULT,1,RISKGROUPS,Risk group(s),NATIONAL,1st contact,"??????????? ?????? ??? ???????? ???????? ? 18-55 ???,  ?? ???????? ????? ?????? ???????? ?"
RUS,2023,HEPB_ADULT,2,RISKGROUPS,Risk group(s),NATIONAL,+M1,"??????????? ?????? ??? ???????? ???????? ? 18-55 ???,  ?? ???????? ????? ?????? ???????? ?"
RUS,2023,HEPB_ADULT,3,RISKGROUPS,Risk group(s),NATIONAL,+M6,"??????????? ?????? ??? ???????? ???????? ? 18-55 ???,  ?? ???????? ????? ?????? ???????? ?"
RUS,2023,HEPB_PEDIATRIC,1,,General/routine,NATIONAL,B,??????  ???????? ???????? ? ?????? ????? ????????.
RUS,2023,HEPB_PEDIATRIC,2,,General/routine,NATIONAL,M1,??????  ???????? ???????? ? ?????? ????? ????????.
RUS,2023,HEPB_PEDIATRIC,3,,General/routine,NATIONAL,M6,??????  ???????? ???????? ? ?????? ????? ????????.
RUS,2023,HIB,1,,General/routine,NATIONAL,?3,"???? ????? ? ?????? ????????????? ????????? ???????????????? ????????. ? 2023 ?. ??????? ?????? ??????? ?? ????, ?? ??? ???????????? ? ????? ?????????? ? 2024 ?."
RUS,2023,HIB,2,,General/routine,NATIONAL,M4.5,"???? ????? ? ?????? ????????????? ????????? ???????????????? ????????. ? 2023 ?. ??????? ?????? ??????? ?? ????, ?? ??? ???????????? ? ????? ?????????? ? 2024 ?."
RUS,2023,HIB,3,,General/routine,NATIONAL,?6,"???? ????? ? ?????? ????????????? ????????? ???????????????? ????????. ? 2023 ?. ??????? ?????? ??????? ?? ????, ?? ??? ???????????? ? ????? ?????????? ? 2024 ?."
RUS,2023,HIB,4,,General/routine,NATIONAL,?18,"???? ????? ? ?????? ????????????? ????????? ???????????????? ????????. ? 2023 ?. ??????? ?????? ??????? ?? ????, ?? ??? ???????????? ? ????? ?????????? ? 2024 ?."
RUS,2023,HPV4,1,FEMALE,HPV for females only,SUBNATIONAL,Y12-Y14,"12-14 ??? ???????; ????????????? ???? ?????????? ??????? ?? 3 ??? ? ?????????? ?? ????? (0-2-6 ???): ?????? ???? Ð ? ??????????? ????; ?????? ???? Ð ????? 2 ??? ????? ??????; ?????? ???? Ð ????? 6 ??? ????? ??????. ?????? ??? ???????? ?? ??????? ? ???????????? ????????? ???????????????? ????????, ??????? ????? ?????????? ?? ???????? ???????????? ???????? ??? ??????????????? ??????????."
RUS,2023,HPV4,2,FEMALE,HPV for females only,SUBNATIONAL,+M2,"12-14 ??? ???????; ????????????? ???? ?????????? ??????? ?? 3 ??? ? ?????????? ?? ????? (0-2-6 ???): ?????? ???? Ð ? ??????????? ????; ?????? ???? Ð ????? 2 ??? ????? ??????; ?????? ???? Ð ????? 6 ??? ????? ??????. ?????? ??? ???????? ?? ??????? ? ???????????? ????????? ???????????????? ????????, ??????? ????? ?????????? ?? ???????? ???????????? ???????? ??? ??????????????? ??????????."
RUS,2023,HPV4,3,FEMALE,HPV for females only,SUBNATIONAL,+M6,"12-14 ??? ???????; ????????????? ???? ?????????? ??????? ?? 3 ??? ? ?????????? ?? ????? (0-2-6 ???): ?????? ???? Ð ? ??????????? ????; ?????? ???? Ð ????? 2 ??? ????? ??????; ?????? ???? Ð ????? 6 ??? ????? ??????. ?????? ??? ???????? ?? ??????? ? ???????????? ????????? ???????????????? ????????, ??????? ????? ?????????? ?? ???????? ???????????? ???????? ??? ??????????????? ??????????."
RUS,2023,INFLUENZA_ADULT,1,ADULTS,Adults,NATIONAL,>Y18,and older persons >=Y60
RUS,2023,INFLUENZA_ADULT,1,HW,Health workers,NATIONAL,,Health and care workers
RUS,2023,INFLUENZA_ADULT,1,PW,Pregnant women,NATIONAL,,Pregnant women
RUS,2023,INFLUENZA_ADULT,1,RISKGROUPS,Risk group(s),NATIONAL,,"Adults with chronic conditions, residents living in long-term care facilities, other risk groups"
RUS,2023,INFLUENZA_PEDIATRIC,2,,General/routine,NATIONAL,>Y7,
RUS,2023,INFLUENZA_PEDIATRIC,1,,General/routine,NATIONAL,M6-Y7,
RUS,2023,INFLUENZA_PEDIATRIC,1,RISKGROUPS,Risk group(s),NATIONAL,,Children with chronic conditions
RUS,2023,IPV,1,,General/routine,NATIONAL,M3,"? ?????????? ????????? ? 2022 ???? ?????? ????? ???????????? ????????? ???????????????? ????????, ??????? ???????????????  ??????????? ?????? ???????????? ???????? ??? ? 1-4 ????, ? ????? ????? ?? ????? ????? 5-6 ???? ?.?  ? ???????? 20 ??? ? 6 ???."
RUS,2023,IPV,2,,General/routine,NATIONAL,M4.5,"? ?????????? ????????? ? 2022 ???? ?????? ????? ???????????? ????????? ???????????????? ????????, ??????? ???????????????  ??????????? ?????? ???????????? ???????? ??? ? 1-4 ????, ? ????? ????? ?? ????? ????? 5-6 ???? ?.?  ? ???????? 20 ??? ? 6 ???."
RUS,2023,IPV,3,,General/routine,NATIONAL,M6,"? ?????????? ????????? ? 2022 ???? ?????? ????? ???????????? ????????? ???????????????? ????????, ??????? ???????????????  ??????????? ?????? ???????????? ???????? ??? ? 1-4 ????, ? ????? ????? ?? ????? ????? 5-6 ???? ?.?  ? ???????? 20 ??? ? 6 ???."
RUS,2023,IPV,4,,General/routine,NATIONAL,M18,"? ?????????? ????????? ? 2022 ???? ?????? ????? ???????????? ????????? ???????????????? ????????, ??????? ???????????????  ??????????? ?????? ???????????? ???????? ??? ? 1-4 ????, ? ????? ????? ?? ????? ????? 5-6 ???? ?.?  ? ???????? 20 ??? ? 6 ???."
RUS,2023,IPV,5,RISKGROUPS,Risk group(s),NATIONAL,M20,"? ?????????? ????????? ? 2022 ???? ?????? ????? ???????????? ????????? ???????????????? ????????, ??????? ???????????????  ??????????? ?????? ???????????? ???????? ??? ? 1-4 ????, ? ????? ????? ?? ????? ????? 5-6 ???? ?.?  ? ???????? 20 ??? ? 6 ???."
RUS,2023,IPV,6,RISKGROUPS,Risk group(s),NATIONAL,Y6,"? ?????????? ????????? ? 2022 ???? ?????? ????? ???????????? ????????? ???????????????? ????????, ??????? ???????????????  ??????????? ?????? ???????????? ???????? ??? ? 1-4 ????, ? ????? ????? ?? ????? ????? 5-6 ???? ?.?  ? ???????? 20 ??? ? 6 ???."
RUS,2023,MEASLES,3,ADULTS,Adults,NATIONAL,Y18-Y35,"? 18-35 ???, ? 36 ?? 55 ?????? ?????"
RUS,2023,MEASLES,2,,General/routine,NATIONAL,Y6,"? ?????????? ? ????????? ? ?????? ????????????? ????????? ???????????????? ????????, ????? ??????????? ? ?????? ?????????????? ??????? ???????????, ?? ? ???, ??????? ????? ?????????? ??? ?? ???????? ???????????? ???????, ??? ? ?? ???????????? ????????."
RUS,2023,MEASLES,1,,General/routine,NATIONAL,M12,"? ?????????? ? ????????? ? ?????? ????????????? ????????? ???????????????? ????????, ????? ??????????? ? ?????? ?????????????? ??????? ???????????, ?? ? ???, ??????? ????? ?????????? ??? ?? ???????? ???????????? ???????, ??? ? ?? ???????????? ????????."
RUS,2023,MEASLES,1,RISKGROUPS,Risk group(s),NATIONAL,Y36-Y55,"? 18-35 ???, ? 36 ?? 55 ?????? ?????"
RUS,2023,MEN_A_PS,1,ADULTS,Adults,SUBNATIONAL,>Y18,"?????????? ????? ?????? 1 ????, ?????????? ? ????????:  ? ?????? ??????????????? ????????, ????????? ?????????????? ?????????? ?; ? ?????????? ???????, ? ????? ? ?????? ????????, ????????? ?????????????? ?????????? ?; ?????????? ???, ?????????? ??????? ?? ??????? ??????."
RUS,2023,MEN_A_PS,1,RISKGROUPS,Risk group(s),SUBNATIONAL,>Y1,"?????????? ????? ?????? 1 ????, ?????????? ? ????????:  ? ?????? ??????????????? ????????, ????????? ?????????????? ?????????? ?; ? ?????????? ???????, ? ????? ? ?????? ????????, ????????? ?????????????? ?????????? ?; ?????????? ???, ?????????? ??????? ?? ??????? ??????."
RUS,2023,MEN_AC_PS,1,ADULTS,Adults,SUBNATIONAL,Y18-Y60,"?????????? ???????? ?? 18 ?? 60 ???:  - ? ?????? ??????????????? ????????, ????????? ?????????????? ????????? ? ??? ?;  - ? ?????????? ????????, ? ????? ? ?????? ????????, ????????? ?????????????? ????????? ? ??? ?;  - ?????????? ???, ?????????? ??????? ?? ??????? ??????."
RUS,2023,MEN_AC_PS,1,RISKGROUPS,Risk group(s),SUBNATIONAL,>Y18,"?????????? ???????? ?? 18 ?? 60 ???:  - ? ?????? ??????????????? ????????, ????????? ?????????????? ????????? ? ??? ?;  - ? ?????????? ????????, ? ????? ? ?????? ????????, ????????? ?????????????? ????????? ? ??? ?;  - ?????????? ???, ?????????? ??????? ?? ??????? ??????."
RUS,2023,MEN_ACYW_135CONJ,1,RISKGROUPS,Risk group(s),SUBNATIONAL,1st contact,"?? ??????????????, ??? ??????????, ????? ? ?????? ???????????? ?????????? ???????????????? ????????. ? ???????????? ?????????? ???????? ????  ? ???????? ? 3-6 ??? ????? ???????????? ? ??????? ?????????? ??????????????? ??????????? ."
RUS,2023,MEN_ACYW_135CONJ,2,RISKGROUPS,Risk group(s),SUBNATIONAL,+Y3,"?? ??????????????, ??? ??????????, ????? ? ?????? ???????????? ?????????? ???????????????? ????????. ? ???????????? ?????????? ???????? ????  ? ???????? ? 3-6 ??? ????? ???????????? ? ??????? ?????????? ??????????????? ??????????? ."
RUS,2023,MM,1,,General/routine,NATIONAL,M12,"? ?????????? ? ????????? ? ?????? ????????????? ????????? ???????????????? ????????, ????? ??????????? ? ?????? ?????????????? ??????? ???????????, ?? ? ???, ??????? ????? ?????????? ??? ?? ???????? ???????????? ???????, ??? ? ?? ???????????? ????????."
RUS,2023,MM,2,,General/routine,NATIONAL,Y6,"? ?????????? ? ????????? ? ?????? ????????????? ????????? ???????????????? ????????, ????? ??????????? ? ?????? ?????????????? ??????? ???????????, ?? ? ???, ??????? ????? ?????????? ??? ?? ???????? ???????????? ???????, ??? ? ?? ???????????? ????????."
RUS,2023,MMR,1,,General/routine,NATIONAL,M12,"? ?????????? ? ????????? ? ?????? ????????????? ????????? ???????????????? ????????, ????? ??????????? ? ?????? ?????????????? ??????? ???????????, ?? ? ???, ??????? ????? ?????????? ??? ?? ???????? ???????????? ???????, ??? ? ?? ???????????? ????????."
RUS,2023,MMR,2,,General/routine,NATIONAL,Y6,"? ?????????? ? ????????? ? ?????? ????????????? ????????? ???????????????? ????????, ????? ??????????? ? ?????? ?????????????? ??????? ???????????, ?? ? ???, ??????? ????? ?????????? ??? ?? ???????? ???????????? ???????, ??? ? ?? ???????????? ????????."
RUS,2023,MUMPS,1,,General/routine,NATIONAL,M12,"? ?????????? ? ????????? ? ?????? ????????????? ????????? ???????????????? ????????, ????? ??????????? ? ?????? ?????????????? ??????? ???????????, ?? ? ???, ??????? ????? ??????????, ??? ?? ???????? ???????????? ???????, ??? ? ?? ???????????? ????????."
RUS,2023,MUMPS,2,,General/routine,NATIONAL,Y6,"? ?????????? ? ????????? ? ?????? ????????????? ????????? ???????????????? ????????, ????? ??????????? ? ?????? ?????????????? ??????? ???????????, ?? ? ???, ??????? ????? ??????????, ??? ?? ???????? ???????????? ???????, ??? ? ?? ???????????? ????????."
RUS,2023,OPV,1,,General/routine,NATIONAL,M20,????????? ?? ?????? ???????? ???????  ???  ????????? ? ???????????? ? ????? ??????????? ?????????? ???????? ? 2022?.
RUS,2023,OPV,2,,General/routine,NATIONAL,Y6,????????? ?? ?????? ???????? ???????  ???  ????????? ? ???????????? ? ????? ??????????? ?????????? ???????? ? 2022?.
RUS,2023,PCV13,1,,General/routine,NATIONAL,M2,
RUS,2023,PCV13,2,,General/routine,NATIONAL,M4.5,
RUS,2023,PCV13,3,,General/routine,NATIONAL,M15,
RUS,2023,PPV23,1,ADULTS,Adults,SUBNATIONAL,>Y18,
RUS,2023,PPV23,2,ADULTS,Adults,SUBNATIONAL,+Y3,
RUS,2023,RABIES,1,RISKGROUPS,Risk group(s),SUBNATIONAL,1st contact,"? ???????????????? ????? ???????????? ???, ??????? ??????? ???? ????????? ?????????? (?????????? ???????????, ?????????? ? ??????? ??????? ?????????; ???????????? ?????????; ?????, ????????, ???????; ????, ??????????? ?????? ?? ?????? ? ?????????? ???????? ? ?????? ???????????????? ??????)"
RUS,2023,RABIES,2,RISKGROUPS,Risk group(s),SUBNATIONAL,+D7,"? ???????????????? ????? ???????????? ???, ??????? ??????? ???? ????????? ?????????? (?????????? ???????????, ?????????? ? ??????? ??????? ?????????; ???????????? ?????????; ?????, ????????, ???????; ????, ??????????? ?????? ?? ?????? ? ?????????? ???????? ? ?????? ???????????????? ??????)"
RUS,2023,RABIES,3,RISKGROUPS,Risk group(s),SUBNATIONAL,+D30,"? ???????????????? ????? ???????????? ???, ??????? ??????? ???? ????????? ?????????? (?????????? ???????????, ?????????? ? ??????? ??????? ?????????; ???????????? ?????????; ?????, ????????, ???????; ????, ??????????? ?????? ?? ?????? ? ?????????? ???????? ? ?????? ???????????????? ??????)"
RUS,2023,RABIES,4,RISKGROUPS,Risk group(s),SUBNATIONAL,+Y1,"? ???????????????? ????? ???????????? ???, ??????? ??????? ???? ????????? ?????????? (?????????? ???????????, ?????????? ? ??????? ??????? ?????????; ???????????? ?????????; ?????, ????????, ???????; ????, ??????????? ?????? ?? ?????? ? ?????????? ???????? ? ?????? ???????????????? ??????)"
RUS,2023,RABIES,5,RISKGROUPS,Risk group(s),SUBNATIONAL,+Y3,"? ???????????????? ????? ???????????? ???, ??????? ??????? ???? ????????? ?????????? (?????????? ???????????, ?????????? ? ??????? ??????? ?????????; ???????????? ?????????; ?????, ????????, ???????; ????, ??????????? ?????? ?? ?????? ? ?????????? ???????? ? ?????? ???????????????? ??????)"
RUS,2023,ROTAVIRUS_5,1,,General/routine,SUBNATIONAL,M2,
RUS,2023,ROTAVIRUS_5,2,,General/routine,SUBNATIONAL,M3,
RUS,2023,ROTAVIRUS_5,3,,General/routine,SUBNATIONAL,?4.5,
RUS,2023,RUBELLA,1,,General/routine,NATIONAL,M12,
RUS,2023,RUBELLA,2,,General/routine,NATIONAL,Y6,
RUS,2023,RUBELLA,3,,General/routine,NATIONAL,Y18-Y25,"??????????? ??? ??????????? ?????? ? ???????? ?? 18 ?? 25 ??? ????????????, ????? ?? ????????, ???????? ?????????? ? ?? ???????? ?????????"
RUS,2023,TBE_ADULT,1,ADULTS,Adults,SUBNATIONAL,1st contact,"??? ?????????, ???????????? ?? ?????????? ??????????? ??? ?????????? ? ?????????? ???????"
RUS,2023,TBE_ADULT,2,ADULTS,Adults,SUBNATIONAL,+?1,"??? ?????????, ???????????? ?? ?????????? ??????????? ??? ?????????? ? ?????????? ???????"
RUS,2023,TBE_ADULT,3,ADULTS,Adults,SUBNATIONAL,+Y1,"??? ?????????, ???????????? ?? ?????????? ??????????? ??? ?????????? ? ?????????? ???????"
RUS,2023,TBE_ADULT,4,ADULTS,Adults,SUBNATIONAL,+Y3,"??? ?????????, ???????????? ?? ?????????? ??????????? ??? ?????????? ? ?????????? ???????"
RUS,2023,TBE_ADULT,4,TRAVELLERS,Travellers,SUBNATIONAL,+Y3,"??? ?????????, ???????????? ?? ?????????? ??????????? ??? ?????????? ? ?????????? ???????"
RUS,2023,TBE_ADULT,3,TRAVELLERS,Travellers,SUBNATIONAL,+Y1,"??? ?????????, ???????????? ?? ?????????? ??????????? ??? ?????????? ? ?????????? ???????"
RUS,2023,TBE_ADULT,2,TRAVELLERS,Travellers,SUBNATIONAL,+?1,"??? ?????????, ???????????? ?? ?????????? ??????????? ??? ?????????? ? ?????????? ???????"
RUS,2023,TBE_ADULT,1,TRAVELLERS,Travellers,SUBNATIONAL,1st contact,"??? ?????????, ???????????? ?? ?????????? ??????????? ??? ?????????? ? ?????????? ???????"
RUS,2023,TBE_PEDIATRIC,1,,General/routine,SUBNATIONAL,Y3,"??? ?????????, ???????????? ?? ?????????? ??????????? ??? ?????????? ? ?????????? ???????"
RUS,2023,TBE_PEDIATRIC,2,,General/routine,SUBNATIONAL,+?1,"??? ?????????, ???????????? ?? ?????????? ??????????? ??? ?????????? ? ?????????? ???????"
RUS,2023,TBE_PEDIATRIC,3,,General/routine,SUBNATIONAL,+Y1,"??? ?????????, ???????????? ?? ?????????? ??????????? ??? ?????????? ? ?????????? ???????"
RUS,2023,TBE_PEDIATRIC,4,,General/routine,SUBNATIONAL,+Y3,"??? ?????????, ???????????? ?? ?????????? ??????????? ??? ?????????? ? ?????????? ???????"
RUS,2023,TBE_PEDIATRIC,1,TRAVELLERS,Travellers,SUBNATIONAL,1st contact,"??? ?????????, ???????????? ?? ?????????? ??????????? ??? ?????????? ? ?????????? ???????"
RUS,2023,TBE_PEDIATRIC,2,TRAVELLERS,Travellers,SUBNATIONAL,+?1,"??? ?????????, ???????????? ?? ?????????? ??????????? ??? ?????????? ? ?????????? ???????"
RUS,2023,TBE_PEDIATRIC,3,TRAVELLERS,Travellers,SUBNATIONAL,+Y1,"??? ?????????, ???????????? ?? ?????????? ??????????? ??? ?????????? ? ?????????? ???????"
RUS,2023,TBE_PEDIATRIC,4,TRAVELLERS,Travellers,SUBNATIONAL,+Y3,"??? ?????????, ???????????? ?? ?????????? ??????????? ??? ?????????? ? ?????????? ???????"
RUS,2023,TD_S,3,ADULTS,Adults,NATIONAL,Y24,"??????? ????????????? ??? ???????????? ???????? ? ????? ? 6-?? ??????? ????????, ?????????? ? ????????."
RUS,2023,TD_S,4,ADULTS,Adults,NATIONAL,+Y10,"??????? ????????????? ??? ???????????? ???????? ? ????? ? 6-?? ??????? ????????, ?????????? ? ????????."
RUS,2023,TD_S,1,B_CHILD_W,General/routine,NATIONAL,Y6-Y7,"??????? ????????????? ??? ???????????? ???????? ? ????? ? 6-?? ??????? ????????, ?????????? ? ????????."
RUS,2023,TD_S,2,B_ADO_W,General/routine,NATIONAL,Y14,"??????? ????????????? ??? ???????????? ???????? ? ????? ? 6-?? ??????? ????????, ?????????? ? ????????."
RUS,2023,TDAP_S,1,ADULTS,Adults,SUBNATIONAL,,? ???????????? ?????????? ???????????  ???????? ???? ?  6-???????  ???????? ? ????????.
RUS,2023,TDAP_S,1,RISKGROUPS,Risk group(s),SUBNATIONAL,>Y6,? ???????????? ?????????? ???????????  ???????? ???? ?  6-???????  ???????? ? ????????.
RUS,2023,TT,1,RISKGROUPS,Risk group(s),NATIONAL,1st contact,"???????? ??????????? ?????????? ??  ?????????? ? ???, ????? ?? ???????? ?????? ?????????, ? ?.?. ?? ????????????? ?????????? (?????? ? ??.)."
RUS,2023,TT,2,RISKGROUPS,Risk group(s),NATIONAL,+M6-M12,"???????? ??????????? ?????????? ??  ?????????? ? ???, ????? ?? ???????? ?????? ?????????, ? ?.?. ?? ????????????? ?????????? (?????? ? ??.)."
RUS,2023,TULAREMIA,1,ADULTS,Adults,SUBNATIONAL,1st contact,"??????????? ?????? ????????? ?????????? ? 7-??????? ???????? (? 14 ??? - ? ?????? ???????? ????).  ????????? ???????? ?????????, ??????????? ?? ??????????? ?? ????????? ???????????, ? ????? ????????? ?? ??? ?????????? ????, ??????????? ????????? ??????:  ????????????????????; ??????????????????; ????????????; ?????? ?????? ?? ?????? ? ??????????? ??????; ???????????????; ???????????; ?????????????; ?????????????; ??????????????; ??????????????? ? ???????????????; ?? ?????????????, ????????? ? ??????????????? ????, ??? ???????????? ? ?????? ?????????."
RUS,2023,TULAREMIA,2,ADULTS,Adults,SUBNATIONAL,+Y5,"??????????? ?????? ????????? ?????????? ? 7-??????? ???????? (? 14 ??? - ? ?????? ???????? ????).  ????????? ???????? ?????????, ??????????? ?? ??????????? ?? ????????? ???????????, ? ????? ????????? ?? ??? ?????????? ????, ??????????? ????????? ??????:  ????????????????????; ??????????????????; ????????????; ?????? ?????? ?? ?????? ? ??????????? ??????; ???????????????; ???????????; ?????????????; ?????????????; ??????????????; ??????????????? ? ???????????????; ?? ?????????????, ????????? ? ??????????????? ????, ??? ???????????? ? ?????? ?????????."
RUS,2023,TULAREMIA,1,RISKGROUPS,Risk group(s),SUBNATIONAL,1st contact,"??????????? ?????? ????????? ?????????? ? 7-??????? ???????? (? 14 ??? - ? ?????? ???????? ????).  ????????? ???????? ?????????, ??????????? ?? ??????????? ?? ????????? ???????????, ? ????? ????????? ?? ??? ?????????? ????, ??????????? ????????? ??????:  ????????????????????; ??????????????????; ????????????; ?????? ?????? ?? ?????? ? ??????????? ??????; ???????????????; ???????????; ?????????????; ?????????????; ??????????????; ??????????????? ? ???????????????; ?? ?????????????, ????????? ? ??????????????? ????, ??? ???????????? ? ?????? ?????????."
RUS,2023,TULAREMIA,2,RISKGROUPS,Risk group(s),SUBNATIONAL,+Y5,"??????????? ?????? ????????? ?????????? ? 7-??????? ???????? (? 14 ??? - ? ?????? ???????? ????).  ????????? ???????? ?????????, ??????????? ?? ??????????? ?? ????????? ???????????, ? ????? ????????? ?? ??? ?????????? ????, ??????????? ????????? ??????:  ????????????????????; ??????????????????; ????????????; ?????? ?????? ?? ?????? ? ??????????? ??????; ???????????????; ???????????; ?????????????; ?????????????; ??????????????; ??????????????? ? ???????????????; ?? ?????????????, ????????? ? ??????????????? ????, ??? ???????????? ? ?????? ?????????."
RUS,2023,TYPHOID_PS,1,RISKGROUPS,Risk group(s),SUBNATIONAL,1st contact,??? ????? ????? ???????????? ?????? 3 ????
RUS,2023,TYPHOID_PS,2,RISKGROUPS,Risk group(s),SUBNATIONAL,+Y3,??? ????? ????? ???????????? ?????? 3 ????
RUS,2023,VARICELLA,1,,General/routine,SUBNATIONAL,>=?12,
RUS,2023,YF,1,TRAVELLERS,Travellers,SUBNATIONAL,>?9,??? ?????????? ? ?????????? ??????
RUS,2023,YF,2,TRAVELLERS,Travellers,SUBNATIONAL,+Y10,??? ?????????? ? ?????????? ??????
RWA,2023,BCG,1,,General/routine,NATIONAL,B,Live birth
RWA,2023,DTWPHIBHEPB,1,,General/routine,NATIONAL,W6,Surviving enfant
RWA,2023,DTWPHIBHEPB,2,,General/routine,NATIONAL,W10,Surviving enfant
RWA,2023,DTWPHIBHEPB,3,,General/routine,NATIONAL,W14,Surviving enfant
RWA,2023,HPV4,1,FEMALE,HPV for females only,NATIONAL,Y12,12 years old females
RWA,2023,HPV4,2,FEMALE,HPV for females only,NATIONAL,+M6,12 years old females
RWA,2023,IPV,1,,General/routine,NATIONAL,W14,Surviving enfant
RWA,2023,IPV,2,,General/routine,NATIONAL,M9,Surviving enfant
RWA,2023,MR,1,,General/routine,NATIONAL,M9,Surviving enfant
RWA,2023,MR,2,,General/routine,NATIONAL,M15,Surviving enfant
RWA,2023,OPV,1,,General/routine,NATIONAL,B,Surviving enfant
RWA,2023,OPV,2,,General/routine,NATIONAL,W6,Surviving enfant
RWA,2023,OPV,3,,General/routine,NATIONAL,W10,Surviving enfant
RWA,2023,OPV,4,,General/routine,NATIONAL,W14,Surviving enfant
RWA,2023,PCV13,1,,General/routine,NATIONAL,W6,Surviving enfant
RWA,2023,PCV13,2,,General/routine,NATIONAL,W10,Surviving enfant
RWA,2023,PCV13,3,,General/routine,NATIONAL,W14,Surviving enfant
RWA,2023,ROTAVIRUS_1,1,,General/routine,NATIONAL,W6,Surviving enfant
RWA,2023,ROTAVIRUS_1,2,,General/routine,NATIONAL,W10,Surviving enfant
RWA,2023,TD_S,1,PW,Pregnant women,NATIONAL,1st contact,pregnant women
RWA,2023,TD_S,2,PW,Pregnant women,NATIONAL,+M1,pregnant women
RWA,2023,TD_S,3,PW,Pregnant women,NATIONAL,+M6,pregnant women
RWA,2023,TD_S,4,PW,Pregnant women,NATIONAL,+Y1,pregnant women
RWA,2023,TD_S,5,PW,Pregnant women,NATIONAL,+Y1,pregnant women
SAU,2023,BCG,1,,General/routine,NATIONAL,M6,
SAU,2023,DT,1,RISKGROUPS,Risk group(s),NATIONAL,<Y7,DTP contrindicated
SAU,2023,DTAP,5,B_CHILD_W,General/routine,NATIONAL,Y4-Y6,
SAU,2023,DTAPHIB,4,B_2YL_W,General/routine,NATIONAL,M18,
SAU,2023,DTAPHIBHEPBIPV,1,,General/routine,NATIONAL,M2,
SAU,2023,DTAPHIBHEPBIPV,2,,General/routine,NATIONAL,M4,
SAU,2023,DTAPHIBHEPBIPV,3,,General/routine,NATIONAL,M6,
SAU,2023,HEPA_PEDIATRIC,1,,General/routine,NATIONAL,M18,
SAU,2023,HEPA_PEDIATRIC,2,,General/routine,NATIONAL,M24,
SAU,2023,HEPB_PEDIATRIC,1,,General/routine,NATIONAL,B,
SAU,2023,HPV4,1,,General/routine,NATIONAL,Y11,High risk groups
SAU,2023,HPV4,2,,General/routine,NATIONAL,Y12,High risk groups
SAU,2023,INFLUENZA_ADULT,1,ADULTS,Adults,NATIONAL,>=Y18,and older persons 50Y
SAU,2023,INFLUENZA_ADULT,1,HW,Health workers,NATIONAL,,Health and care workers
SAU,2023,INFLUENZA_ADULT,1,PW,Pregnant women,NATIONAL,,Pregnant women
SAU,2023,INFLUENZA_ADULT,1,RISKGROUPS,Risk group(s),NATIONAL,,"Adults with chronic conditions, residents in long-term care facilities"
SAU,2023,INFLUENZA_PEDIATRIC,2,,General/routine,NATIONAL,>Y5,
SAU,2023,INFLUENZA_PEDIATRIC,1,,General/routine,NATIONAL,M6-Y5,
SAU,2023,INFLUENZA_PEDIATRIC,1,RISKGROUPS,Risk group(s),NATIONAL,,Children with chronic conditions
SAU,2023,MEASLES,1,,General/routine,NATIONAL,M9,
SAU,2023,MEN_ACYW_135CONJ,1,,General/routine,NATIONAL,M9,
SAU,2023,MEN_ACYW_135CONJ,2,,General/routine,NATIONAL,M12,
SAU,2023,MMR,2,,General/routine,NATIONAL,M18,
SAU,2023,MMR,3,,General/routine,NATIONAL,Y4-Y6,
SAU,2023,MMR,1,,General/routine,NATIONAL,M12,
SAU,2023,MMR,2,RISKGROUPS,Risk group(s),NATIONAL,+D30,Premarital and postnatal females (+30 days)
SAU,2023,MMR,1,RISKGROUPS,Risk group(s),NATIONAL,Y18,Premarital and postnatal females (+30 days)
SAU,2023,OPV,1,,General/routine,NATIONAL,M6,
SAU,2023,OPV,2,,General/routine,NATIONAL,M12,
SAU,2023,OPV,3,,General/routine,NATIONAL,M18,
SAU,2023,OPV,4,,General/routine,NATIONAL,Y4-Y6,
SAU,2023,PCV13,1,,General/routine,NATIONAL,M2,
SAU,2023,PCV13,2,,General/routine,NATIONAL,M4,
SAU,2023,PCV13,3,,General/routine,NATIONAL,M6,
SAU,2023,PCV13,4,,General/routine,NATIONAL,M12,
SAU,2023,PCV13,1,RISKGROUPS,Risk group(s),NATIONAL,Y18,High risk groups
SAU,2023,ROTAVIRUS_5,1,,General/routine,NATIONAL,M2,
SAU,2023,ROTAVIRUS_5,2,,General/routine,NATIONAL,M4,
SAU,2023,ROTAVIRUS_5,3,,General/routine,NATIONAL,M6,
SAU,2023,TD_S,1,,General/routine,NATIONAL,>=Y7,
SAU,2023,TDAP_S,1,PW,Pregnant women,NATIONAL,,Pregnant women between 27-36 weeks
SAU,2023,VARICELLA,1,,General/routine,NATIONAL,M18,
SAU,2023,VARICELLA,2,,General/routine,NATIONAL,Y4-Y6,
SAU,2023,ZOSTER,1,ADULTS,Adults,NATIONAL,>=Y50,50 years and above
SAU,2023,ZOSTER,2,ADULTS,Adults,NATIONAL,+M2-M6,50 years and above
SDN,2023,BCG,1,,General/routine,NATIONAL,B,Live Birth
SDN,2023,DTWPHIBHEPB,1,,General/routine,NATIONAL,W6,Surviving infants
SDN,2023,DTWPHIBHEPB,2,,General/routine,NATIONAL,W10,Surviving infants
SDN,2023,DTWPHIBHEPB,3,,General/routine,NATIONAL,W14,Surviving infants
SDN,2023,IPV,1,,General/routine,NATIONAL,W6,Surviving infants
SDN,2023,IPV,3,,General/routine,NATIONAL,W14,Surviving infants
SDN,2023,MEASLES,1,,General/routine,NATIONAL,M9,Surviving infants
SDN,2023,MEASLES,2,,General/routine,NATIONAL,M18,Surviving infants
SDN,2023,MEN_A_CONJ,1,,General/routine,NATIONAL,M9,Surviving infants
SDN,2023,OPV,1,,General/routine,NATIONAL,W6,Surviving infants
SDN,2023,OPV,2,,General/routine,NATIONAL,W10,Surviving infants
SDN,2023,OPV,3,,General/routine,NATIONAL,W14,Surviving infants
SDN,2023,PCV13,1,,General/routine,NATIONAL,W6,Surviving infants
SDN,2023,PCV13,2,,General/routine,NATIONAL,W10,Surviving infants
SDN,2023,PCV13,3,,General/routine,NATIONAL,W14,Surviving infants
SDN,2023,ROTAVIRUS_1,1,,General/routine,NATIONAL,W6,Surviving infants
SDN,2023,ROTAVIRUS_1,2,,General/routine,NATIONAL,W10,Surviving infants
SDN,2023,ROTAVIRUS_1,3,,General/routine,NATIONAL,W14,Surviving infants
SDN,2023,TD_S,1,PW,Pregnant women,NATIONAL,1st contact,Pregnant women
SDN,2023,TD_S,2,PW,Pregnant women,NATIONAL,+M1,Pregnant women
SDN,2023,TD_S,3,PW,Pregnant women,NATIONAL,+M6,Pregnant women
SDN,2023,TD_S,4,PW,Pregnant women,NATIONAL,+Y1,Pregnant women
SDN,2023,TD_S,5,PW,Pregnant women,NATIONAL,+Y1,Pregnant women
SEN,2023,BCG,1,,General/routine,NATIONAL,B,
SEN,2023,DTWPHIBHEPB,1,,General/routine,NATIONAL,W6,
SEN,2023,DTWPHIBHEPB,2,,General/routine,NATIONAL,W10,
SEN,2023,DTWPHIBHEPB,3,,General/routine,NATIONAL,W14,
SEN,2023,HEPB_PEDIATRIC,1,,General/routine,NATIONAL,B,
SEN,2023,HPV4,1,FEMALE,HPV for females only,NATIONAL,Y9,filles de 9-14 ans
SEN,2023,HPV4,2,FEMALE,HPV for females only,NATIONAL,+M6,filles de 9-14 ans
SEN,2023,IPV,1,,General/routine,NATIONAL,W6,
SEN,2023,IPV,2,,General/routine,NATIONAL,W14,
SEN,2023,MR,1,,General/routine,NATIONAL,M9,
SEN,2023,MR,2,,General/routine,NATIONAL,M15,
SEN,2023,OPV,1,,General/routine,NATIONAL,B,
SEN,2023,OPV,2,,General/routine,NATIONAL,W6,
SEN,2023,OPV,3,,General/routine,NATIONAL,W10,
SEN,2023,OPV,4,,General/routine,NATIONAL,W14,
SEN,2023,PCV13,1,,General/routine,NATIONAL,W6,
SEN,2023,PCV13,2,,General/routine,NATIONAL,W10,
SEN,2023,PCV13,3,,General/routine,NATIONAL,W14,
SEN,2023,ROTAVIRUS_1,1,,General/routine,NATIONAL,W6,
SEN,2023,ROTAVIRUS_1,2,,General/routine,NATIONAL,W10,
SEN,2023,ROTAVIRUS_1,3,,General/routine,NATIONAL,W14,
SEN,2023,TD_S,1,ADULTS,Adults,NATIONAL,1st contact,La cible pour le PEV est  les Femmes enceintes. Cependant les autres cibles bnficient aussi de la vaccination car la srie vaccinale est poursuivie aprs l'accouchement. De mme les autres femmes en  ge de reproduction  aussi vaccines
SEN,2023,TD_S,2,ADULTS,Adults,NATIONAL,+M1,La cible pour le PEV est  les Femmes enceintes. Cependant les autres cibles bnficient aussi de la vaccination car la srie vaccinale est poursuivie aprs l'accouchement. De mme les autres femmes en  ge de reproduction  aussi vaccines
SEN,2023,TD_S,3,ADULTS,Adults,NATIONAL,+M6,La cible pour le PEV est  les Femmes enceintes. Cependant les autres cibles bnficient aussi de la vaccination car la srie vaccinale est poursuivie aprs l'accouchement. De mme les autres femmes en  ge de reproduction  aussi vaccines
SEN,2023,TD_S,4,ADULTS,Adults,NATIONAL,+Y1,La cible pour le PEV est  les Femmes enceintes. Cependant les autres cibles bnficient aussi de la vaccination car la srie vaccinale est poursuivie aprs l'accouchement. De mme les autres femmes en  ge de reproduction  aussi vaccines
SEN,2023,TD_S,5,ADULTS,Adults,NATIONAL,+Y1,La cible pour le PEV est  les Femmes enceintes. Cependant les autres cibles bnficient aussi de la vaccination car la srie vaccinale est poursuivie aprs l'accouchement. De mme les autres femmes en  ge de reproduction  aussi vaccines
SEN,2023,TD_S,1,PW,Pregnant women,NATIONAL,1st contact,La cible pour le PEV est  les Femmes enceintes. Cependant les autres cibles bnficient aussi de la vaccination car la srie vaccinale est poursuivie aprs l'accouchement. De mme les autres femmes en  ge de reproduction  aussi vaccines
SEN,2023,TD_S,2,PW,Pregnant women,NATIONAL,+M1,La cible pour le PEV est  les Femmes enceintes. Cependant les autres cibles bnficient aussi de la vaccination car la srie vaccinale est poursuivie aprs l'accouchement. De mme les autres femmes en  ge de reproduction  aussi vaccines
SEN,2023,TD_S,3,PW,Pregnant women,NATIONAL,+M6,La cible pour le PEV est  les Femmes enceintes. Cependant les autres cibles bnficient aussi de la vaccination car la srie vaccinale est poursuivie aprs l'accouchement. De mme les autres femmes en  ge de reproduction  aussi vaccines
SEN,2023,TD_S,4,PW,Pregnant women,NATIONAL,+Y1,La cible pour le PEV est  les Femmes enceintes. Cependant les autres cibles bnficient aussi de la vaccination car la srie vaccinale est poursuivie aprs l'accouchement. De mme les autres femmes en  ge de reproduction  aussi vaccines
SEN,2023,TD_S,5,PW,Pregnant women,NATIONAL,+Y1,La cible pour le PEV est  les Femmes enceintes. Cependant les autres cibles bnficient aussi de la vaccination car la srie vaccinale est poursuivie aprs l'accouchement. De mme les autres femmes en  ge de reproduction  aussi vaccines
SEN,2023,VITAMINA,1,,General/routine,NATIONAL,M6,
SEN,2023,VITAMINA,2,,General/routine,NATIONAL,M12,
SEN,2023,VITAMINA,3,,General/routine,NATIONAL,M18,
SEN,2023,VITAMINA,4,,General/routine,NATIONAL,M24,
SEN,2023,VITAMINA,5,,General/routine,NATIONAL,M30,
SEN,2023,VITAMINA,6,,General/routine,NATIONAL,M36,
SEN,2023,YF,1,,General/routine,NATIONAL,M9,
SGP,2023,BCG,1,,General/routine,NATIONAL,B,
SGP,2023,DTAPHIBHEPBIPV,1,,General/routine,NATIONAL,M2,
SGP,2023,DTAPHIBHEPBIPV,3,,General/routine,NATIONAL,M6,
SGP,2023,DTAPHIBIPV,2,,General/routine,NATIONAL,M4,
SGP,2023,DTAPHIBIPV,4,B_2YL_W,General/routine,NATIONAL,M18,
SGP,2023,HEPB_ADULT,1,CATCHUP_A,Catch-up adults,NATIONAL,,Catch-up
SGP,2023,HEPB_PEDIATRIC,1,,General/routine,NATIONAL,B,
SGP,2023,HPV2,1,CATCHUP_C,Catch-up children,NATIONAL,,Catch-up
SGP,2023,HPV2,1,FEMALE,HPV for females only,NATIONAL,Y13,females
SGP,2023,HPV2,2,FEMALE,HPV for females only,NATIONAL,Y14,females
SGP,2023,MMR,1,CATCHUP_A,Catch-up adults,NATIONAL,,Catch-up
SGP,2023,MMR,1,,General/routine,NATIONAL,M12,
SGP,2023,MMRV,2,,General/routine,NATIONAL,M15,
SGP,2023,PCV13,1,,General/routine,NATIONAL,M4,
SGP,2023,PCV13,2,,General/routine,NATIONAL,M6,
SGP,2023,PCV13,3,,General/routine,NATIONAL,M12,
SGP,2023,PCV13,1,RISKGROUPS,Risk group(s),NATIONAL,,high risk groups
SGP,2023,PPV23,1,,General/routine,NATIONAL,Y2-Y17,
SGP,2023,PPV23,1,RISKGROUPS,Risk group(s),NATIONAL,,high risk groups
SGP,2023,TDAP_S,1,PW,Pregnant women,NATIONAL,,pregnant women
SGP,2023,TDAP_S_IPV,5,B_ADO_W,General/routine,NATIONAL,Y11,
SGP,2023,VARICELLA,1,CATCHUP_A,Catch-up adults,NATIONAL,,
SGP,2023,VARICELLA,1,,General/routine,NATIONAL,M12,
SLB,2023,BCG,1,,General/routine,NATIONAL,B,
SLB,2023,DTWPHIBHEPB,1,,General/routine,NATIONAL,W6,
SLB,2023,DTWPHIBHEPB,2,,General/routine,NATIONAL,W10,
SLB,2023,DTWPHIBHEPB,3,,General/routine,NATIONAL,W14,
SLB,2023,HEPB_PEDIATRIC,1,,General/routine,NATIONAL,B,
SLB,2023,HPV9,1,FEMALE,HPV for females only,NATIONAL,Y9,Females
SLB,2023,IPV,1,,General/routine,NATIONAL,W14,
SLB,2023,MR,1,,General/routine,NATIONAL,M12,
SLB,2023,MR,2,,General/routine,NATIONAL,M18,
SLB,2023,OPV,1,,General/routine,NATIONAL,W6,
SLB,2023,OPV,2,,General/routine,NATIONAL,W10,
SLB,2023,OPV,3,,General/routine,NATIONAL,W14,
SLB,2023,PCV13,1,,General/routine,NATIONAL,W6,
SLB,2023,PCV13,2,,General/routine,NATIONAL,W10,
SLB,2023,PCV13,3,,General/routine,NATIONAL,W14,
SLB,2023,ROTAVIRUS_1,1,,General/routine,NATIONAL,W6,
SLB,2023,ROTAVIRUS_1,2,,General/routine,NATIONAL,W10,
SLB,2023,TD_S,1,PW,Pregnant women,NATIONAL,1st contact,1st contact pregnancy
SLB,2023,TD_S,2,PW,Pregnant women,NATIONAL,+M1,1st contact pregnancy
SLB,2023,TD_S,3,PW,Pregnant women,NATIONAL,+M6,1st contact pregnancy
SLB,2023,TD_S,4,PW,Pregnant women,NATIONAL,+Y1,1st contact pregnancy
SLE,2023,BCG,1,,General/routine,NATIONAL,B,0-11 months
SLE,2023,DTWPHIBHEPB,1,,General/routine,NATIONAL,W6,0-11 months
SLE,2023,DTWPHIBHEPB,2,,General/routine,NATIONAL,W10,0-11 months
SLE,2023,DTWPHIBHEPB,3,,General/routine,NATIONAL,W14,0-11 months
SLE,2023,HPV2,1,FEMALE,HPV for females only,NATIONAL,Y10,Females upon 1st contact
SLE,2023,HPV2,2,FEMALE,HPV for females only,NATIONAL,+M6,Females upon 1st contact
SLE,2023,IPV,1,,General/routine,NATIONAL,W14,0-11 months
SLE,2023,IPV,2,,General/routine,NATIONAL,M9,0-11 months
SLE,2023,MR,1,,General/routine,NATIONAL,M9,9-24 months
SLE,2023,MR,2,,General/routine,NATIONAL,M15,9-24 months
SLE,2023,OPV,1,,General/routine,NATIONAL,B,0-11 months
SLE,2023,OPV,2,,General/routine,NATIONAL,W6,0-11 months
SLE,2023,OPV,3,,General/routine,NATIONAL,W10,0-11 months
SLE,2023,OPV,4,,General/routine,NATIONAL,W14,0-11 months
SLE,2023,PCV13,1,,General/routine,NATIONAL,W6,0-11 months
SLE,2023,PCV13,2,,General/routine,NATIONAL,W10,0-11 months
SLE,2023,PCV13,3,,General/routine,NATIONAL,W14,0-11 months
SLE,2023,ROTAVIRUS_1,1,,General/routine,NATIONAL,W6,0-11 months
SLE,2023,ROTAVIRUS_1,2,,General/routine,NATIONAL,W10,0-11 months
SLE,2023,TD_S,4,ADULTS,Adults,NATIONAL,+Y1,WCBA
SLE,2023,TD_S,5,ADULTS,Adults,NATIONAL,+Y1,WCBA
SLE,2023,TD_S,1,ADULTS,Adults,NATIONAL,1st contact,WCBA
SLE,2023,TD_S,2,ADULTS,Adults,NATIONAL,+M1,WCBA
SLE,2023,TD_S,3,ADULTS,Adults,NATIONAL,+M6,WCBA
SLE,2023,TD_S,4,,General/routine,NATIONAL,+Y1,WCBA
SLE,2023,TD_S,3,,General/routine,NATIONAL,+M6,WCBA
SLE,2023,TD_S,2,,General/routine,NATIONAL,+M1,WCBA
SLE,2023,TD_S,5,,General/routine,NATIONAL,+Y1,WCBA
SLE,2023,TD_S,1,,General/routine,NATIONAL,1st contact,WCBA
SLE,2023,VITAMINA,1,,General/routine,NATIONAL,M6,0-59 months
SLE,2023,VITAMINA,2,,General/routine,NATIONAL,M12,0-59 months
SLE,2023,VITAMINA,3,,General/routine,NATIONAL,M18,0-59 months
SLE,2023,VITAMINA,4,,General/routine,NATIONAL,M24,0-59 months
SLE,2023,VITAMINA,5,,General/routine,NATIONAL,M30,0-59 months
SLE,2023,VITAMINA,6,,General/routine,NATIONAL,M36,0-59 months
SLE,2023,YF,1,,General/routine,NATIONAL,M9,0-11 months
SLV,2023,BCG,1,,General/routine,NATIONAL,B,"RN con peso mayor de 2,000gr antes de cumplir el ao de vida"
SLV,2023,DT,1,RISKGROUPS,Risk group(s),NATIONAL,M2,Nios que por alguna contraindicaicn no pudieron recibir la Pentavalente
SLV,2023,DT,2,RISKGROUPS,Risk group(s),NATIONAL,M4,Nios que por alguna contraindicaicn no pudieron recibir la Pentavalente
SLV,2023,DT,3,RISKGROUPS,Risk group(s),NATIONAL,M6,Nios que por alguna contraindicaicn no pudieron recibir la Pentavalente
SLV,2023,DT,4,RISKGROUPS,Risk group(s),NATIONAL,M15-M18,Nios que por alguna contraindicaicn no pudieron recibir la Pentavalente
SLV,2023,DT,5,RISKGROUPS,Risk group(s),NATIONAL,Y4,Nios que por alguna contraindicaicn no pudieron recibir la Pentavalente
SLV,2023,DTAPHIBHEPBIPV,4,,General/routine,NATIONAL,M18,Como 1¡ refuerzo a los 18 meses de edad
SLV,2023,DTWP,5,B_CHILD_W,General/routine,NATIONAL,Y4,Segundo refuerzo a los 4 aos
SLV,2023,DTWPHIBHEPB,1,,General/routine,NATIONAL,M2,"1¡ dosis a los 2 meses, 2¡ dosis a los 4 meses y 3¡ dosis a los 6 meses de edad, se utilizo como refuerzo a los 18 meses hasta el mes de julio 2023"
SLV,2023,DTWPHIBHEPB,2,,General/routine,NATIONAL,M4,"1¡ dosis a los 2 meses, 2¡ dosis a los 4 meses y 3¡ dosis a los 6 meses de edad, se utilizo como refuerzo a los 18 meses hasta el mes de julio 2023"
SLV,2023,DTWPHIBHEPB,3,,General/routine,NATIONAL,M6,"1¡ dosis a los 2 meses, 2¡ dosis a los 4 meses y 3¡ dosis a los 6 meses de edad, se utilizo como refuerzo a los 18 meses hasta el mes de julio 2023"
SLV,2023,DTWPHIBHEPB,4,B_2YL_W,General/routine,NATIONAL,M15-M18,"1¡ dosis a los 2 meses, 2¡ dosis a los 4 meses y 3¡ dosis a los 6 meses de edad, se utilizo como refuerzo a los 18 meses hasta el mes de julio 2023"
SLV,2023,HEPA_PEDIATRIC,1,,General/routine,NATIONAL,M15,Primera dosis nios de 15 meses y segunda dosis a los 24 meses (vacuna incorporada al esquema a partir de julio 2023)
SLV,2023,HEPA_PEDIATRIC,2,,General/routine,NATIONAL,M24,Primera dosis nios de 15 meses y segunda dosis a los 24 meses (vacuna incorporada al esquema a partir de julio 2023)
SLV,2023,HEPB_ADULT,1,HW,Health workers,NATIONAL,1st contact,Personal de salud
SLV,2023,HEPB_ADULT,3,HW,Health workers,NATIONAL,+M6,Personal de salud
SLV,2023,HEPB_ADULT,2,HW,Health workers,NATIONAL,+M1,Personal de salud
SLV,2023,HEPB_ADULT,3,RISKGROUPS,Risk group(s),NATIONAL,+M6,"Personal de riesgo y con enfermedades cronicas, se aplica en adultos la primera dosis posteriormente al mes de la primera dosis y posteriormente a los seis meses en donde se completa el esquema"
SLV,2023,HEPB_ADULT,2,RISKGROUPS,Risk group(s),NATIONAL,+M1,"Personal de riesgo y con enfermedades cronicas, se aplica en adultos la primera dosis posteriormente al mes de la primera dosis y posteriormente a los seis meses en donde se completa el esquema"
SLV,2023,HEPB_ADULT,1,RISKGROUPS,Risk group(s),NATIONAL,1st contact,"Personal de riesgo y con enfermedades cronicas, se aplica en adultos la primera dosis posteriormente al mes de la primera dosis y posteriormente a los seis meses en donde se completa el esquema"
SLV,2023,HEPB_PEDIATRIC,1,,General/routine,NATIONAL,B,Recien Nacido en las primeras 24 horas de vida
SLV,2023,HPV4,1,FEMALE,HPV for females only,NATIONAL,Y9,nias de 9 aos
SLV,2023,HPV4,2,FEMALE,HPV for females only,NATIONAL,+M6,nias de 9 aos
SLV,2023,INFLUENZA_ADULT,1,ADULTS,Adults,NATIONAL,>Y60,
SLV,2023,INFLUENZA_ADULT,1,HW,Health workers,NATIONAL,,Health and care workers
SLV,2023,INFLUENZA_ADULT,1,PW,Pregnant women,NATIONAL,,Pregnant women
SLV,2023,INFLUENZA_ADULT,1,RISKGROUPS,Risk group(s),NATIONAL,,Adults with chronic conditions
SLV,2023,INFLUENZA_PEDIATRIC,1,,General/routine,NATIONAL,M6-Y4,
SLV,2023,IPV,1,,General/routine,NATIONAL,M2,"Nios de 2 meses, 4 meses y 6 meses"
SLV,2023,IPV,2,,General/routine,NATIONAL,M4,"Nios de 2 meses, 4 meses y 6 meses"
SLV,2023,IPV,3,,General/routine,NATIONAL,M6,"Nios de 2 meses, 4 meses y 6 meses"
SLV,2023,MMR,1,,General/routine,NATIONAL,M12,Primera dosis a los 12 meses y segunda dosis a los 18 meses
SLV,2023,MMR,2,,General/routine,NATIONAL,M15-M18,Primera dosis a los 12 meses y segunda dosis a los 18 meses
SLV,2023,OPV,4,,General/routine,NATIONAL,M15-M18,"15 a 18 meses y 2¡ refuerzo a los 4 aos de edad, a partir del mes de julio 2023 se dio en cambio de primer refuerzo con Hexavalente"
SLV,2023,OPV,5,,General/routine,NATIONAL,Y4,"15 a 18 meses y 2¡ refuerzo a los 4 aos de edad, a partir del mes de julio 2023 se dio en cambio de primer refuerzo con Hexavalente"
SLV,2023,PCV13,1,ADULTS,Adults,NATIONAL,>Y60,"Personas  con enfermedades cronicas de alto riesgo , mayores de 60 aos de edad"
SLV,2023,PCV13,2,,General/routine,NATIONAL,M4,"Nios de 2, 4 meses y 1 ao de edad"
SLV,2023,PCV13,3,,General/routine,NATIONAL,Y1,"Nios de 2, 4 meses y 1 ao de edad"
SLV,2023,PCV13,1,,General/routine,NATIONAL,M2,"Nios de 2, 4 meses y 1 ao de edad"
SLV,2023,PCV13,1,RISKGROUPS,Risk group(s),NATIONAL,,"Personas  con enfermedades cronicas de alto riesgo , mayores de 60 aos de edad"
SLV,2023,PPV23,1,ADULTS,Adults,NATIONAL,>Y60,"Adultos  Mayores de 60 aos, Grupos de riesgo y personas con enfermedades cronicas"
SLV,2023,PPV23,1,RISKGROUPS,Risk group(s),NATIONAL,,"Adultos  Mayores de 60 aos, Grupos de riesgo y personas con enfermedades cronicas"
SLV,2023,RABIES,1,RISKGROUPS,Risk group(s),NATIONAL,,Personas agredidas por animal transmisor de rabia segn lineamiento
SLV,2023,ROTAVIRUS_1,1,,General/routine,NATIONAL,M2,Dos dosis a los 2 y 4 meses
SLV,2023,ROTAVIRUS_1,2,,General/routine,NATIONAL,M4,Dos dosis a los 2 y 4 meses
SLV,2023,TD_S,1,ADULTS,Adults,NATIONAL,,"Mujeres embarazadas se utiliza la Td, si el esquema de vacuna no esta completo o no hay evidencia de vacunacin previa, se coloca tdpa a las 20 semanas y luego 4 semanas posterior se colocara la Td a completar esquema, luego cada 10 aos se da un refuerzo."
SLV,2023,TD_S,6,B_ADO_W,General/routine,NATIONAL,Y10,nios de 10 ao de edad
SLV,2023,TD_S,1,PW,Pregnant women,NATIONAL,,"Mujeres embarazadas se utiliza la Td, si el esquema de vacuna no esta completo o no hay evidencia de vacunacin previa, se coloca tdpa a las 20 semanas y luego 4 semanas posterior se colocara la Td a completar esquema, luego cada 10 aos se da un refuerzo."
SLV,2023,TDAP_S,1,HW,Health workers,NATIONAL,,Mujeres embarazadas a partir de la 20a semana de edad gestacional en cada embarazo .Personal de salud que este en contacto directo con recin nacidos o lactantes
SLV,2023,TDAP_S,1,PW,Pregnant women,NATIONAL,,Mujeres embarazadas a partir de la 20a semana de edad gestacional en cada embarazo .Personal de salud que este en contacto directo con recin nacidos o lactantes
SLV,2023,VARICELLA,1,,General/routine,NATIONAL,M15,Primera dosis en nios de 15 meses y 4 aos (vacuna incorporada al esquema a partir de julio 2023)
SLV,2023,VARICELLA,2,,General/routine,NATIONAL,Y4,Primera dosis en nios de 15 meses y 4 aos (vacuna incorporada al esquema a partir de julio 2023)
SLV,2023,VITAMINA,1,,General/routine,NATIONAL,M6,se inicia a lo 6 meses de edad y posteriormente a los 11 meses al ao de edad
SLV,2023,VITAMINA,2,,General/routine,NATIONAL,M11,se inicia a lo 6 meses de edad y posteriormente a los 11 meses al ao de edad
SLV,2023,VITAMINA,3,,General/routine,NATIONAL,Y1,se inicia a lo 6 meses de edad y posteriormente a los 11 meses al ao de edad
SLV,2023,VITAMINA,4,,General/routine,NATIONAL,Y4,se inicia a lo 6 meses de edad y posteriormente a los 11 meses al ao de edad
SLV,2023,VITAMINA,5,,General/routine,NATIONAL,Y5,se inicia a lo 6 meses de edad y posteriormente a los 11 meses al ao de edad
SLV,2023,YF,1,TRAVELLERS,Travellers,NATIONAL,>=Y1,"una dosis a los Viajeros a pases endemicos, a partir del  1 ao de edad"
SMR,2023,CHOLERA,1,TRAVELLERS,Travellers,NATIONAL,,Travellers
SMR,2023,DTAPHIBHEPBIPV,1,,General/routine,NATIONAL,M3,
SMR,2023,DTAPHIBHEPBIPV,2,,General/routine,NATIONAL,M5,
SMR,2023,DTAPHIBHEPBIPV,3,,General/routine,NATIONAL,M11,
SMR,2023,DTAPIPV,4,B_CHILD_W,General/routine,NATIONAL,Y5,
SMR,2023,DTAPIPV,5,,General/routine,NATIONAL,Y15,
SMR,2023,HEPA_ADULT,1,RISKGROUPS,Risk group(s),NATIONAL,,"Risk categories, outbreaks, travellers"
SMR,2023,HEPA_ADULT,1,TRAVELLERS,Travellers,NATIONAL,,"Risk categories, outbreaks, travellers"
SMR,2023,HEPA_PEDIATRIC,1,RISKGROUPS,Risk group(s),NATIONAL,,"Risk categories, outbreaks, travellers"
SMR,2023,HEPA_PEDIATRIC,1,TRAVELLERS,Travellers,NATIONAL,,"Risk categories, outbreaks, travellers"
SMR,2023,HEPB_ADULT,1,RISKGROUPS,Risk group(s),NATIONAL,,Risk categories (workers not yet covered by vaccination are also included)
SMR,2023,HEPB_PEDIATRIC,1,RISKGROUPS,Risk group(s),NATIONAL,B,Administered to newborns of HBSaG positive mothers
SMR,2023,HIB,1,RISKGROUPS,Risk group(s),NATIONAL,,Risk categories
SMR,2023,HPV9,1,FEMALE,HPV for females only,NATIONAL,Y11-Y14,Females
SMR,2023,HPV9,2,FEMALE,HPV for females only,NATIONAL,+M6,Females
SMR,2023,INFLUENZA_ADULT,1,ADULTS,Adults,NATIONAL,>Y65,
SMR,2023,INFLUENZA_ADULT,1,HW,Health workers,NATIONAL,,Health and care workers
SMR,2023,INFLUENZA_ADULT,1,PW,Pregnant women,NATIONAL,,Pregnant women
SMR,2023,INFLUENZA_ADULT,1,RISKGROUPS,Risk group(s),NATIONAL,,"Adults with chronic conditions, residents living in long-term care facilities"
SMR,2023,INFLUENZA_PEDIATRIC,1,RISKGROUPS,Risk group(s),NATIONAL,,Children with chronic conditions
SMR,2023,IPV,1,TRAVELLERS,Travellers,NATIONAL,,Travellers
SMR,2023,JE_INACTD,1,TRAVELLERS,Travellers,NATIONAL,,Travellers (given in Italy)
SMR,2023,MEN_ACYW_135CONJ,1,,General/routine,NATIONAL,M13,
SMR,2023,MEN_ACYW_135CONJ,2,,General/routine,NATIONAL,Y13,
SMR,2023,MEN_ACYW_135CONJ,1,RISKGROUPS,Risk group(s),NATIONAL,,"Risk categories, travellers"
SMR,2023,MEN_ACYW_135CONJ,1,TRAVELLERS,Travellers,NATIONAL,,"Risk categories, travellers"
SMR,2023,MEN_B,1,,General/routine,NATIONAL,M4,
SMR,2023,MEN_B,2,,General/routine,NATIONAL,M6,
SMR,2023,MEN_B,3,,General/routine,NATIONAL,M13,
SMR,2023,MMR,1,,General/routine,NATIONAL,M15,
SMR,2023,MMR,2,,General/routine,NATIONAL,Y6,
SMR,2023,PCV13,1,,General/routine,NATIONAL,M3,
SMR,2023,PCV13,2,,General/routine,NATIONAL,M5,
SMR,2023,PCV13,3,,General/routine,NATIONAL,M11,
SMR,2023,PCV13,1,RISKGROUPS,Risk group(s),NATIONAL,,Risk categories
SMR,2023,PPV23,1,RISKGROUPS,Risk group(s),NATIONAL,,Risk categories
SMR,2023,RABIES,1,RISKGROUPS,Risk group(s),NATIONAL,,Risk categories
SMR,2023,ROTAVIRUS_1,1,RISKGROUPS,Risk group(s),NATIONAL,,Risk categories
SMR,2023,TDAP_S,1,ADULTS,Adults,NATIONAL,Y25,Adults every 10 years
SMR,2023,TDAP_S,2,ADULTS,Adults,NATIONAL,+Y10,Adults every 10 years
SMR,2023,TDAP_S,3,ADULTS,Adults,NATIONAL,+Y10,Adults every 10 years
SMR,2023,TDAP_S,4,ADULTS,Adults,NATIONAL,+Y10,Adults every 10 years
SMR,2023,TDAP_S,5,ADULTS,Adults,NATIONAL,+Y10,Adults every 10 years
SMR,2023,TDAP_S,6,ADULTS,Adults,NATIONAL,+Y10,Adults every 10 years
SMR,2023,TDAP_S_IPV,5,B_ADO_W,General/routine,NATIONAL,Y15,
SMR,2023,TT,1,ADULTS,Adults,NATIONAL,Y25,Every 10 years to individuals that refuse TdaP
SMR,2023,TT,2,ADULTS,Adults,NATIONAL,+Y10,Every 10 years to individuals that refuse TdaP
SMR,2023,TT,3,ADULTS,Adults,NATIONAL,+Y10,Every 10 years to individuals that refuse TdaP
SMR,2023,TT,4,ADULTS,Adults,NATIONAL,+Y10,Every 10 years to individuals that refuse TdaP
SMR,2023,TT,5,ADULTS,Adults,NATIONAL,+Y10,Every 10 years to individuals that refuse TdaP
SMR,2023,TT,6,ADULTS,Adults,NATIONAL,+Y10,Every 10 years to individuals that refuse TdaP
SMR,2023,TYPHOID_CONJ,1,TRAVELLERS,Travellers,NATIONAL,,Travellers
SMR,2023,TYPHOID_PS,1,TRAVELLERS,Travellers,NATIONAL,,Travellers
SMR,2023,VARICELLA,1,,General/routine,NATIONAL,M15,
SMR,2023,VARICELLA,2,,General/routine,NATIONAL,Y6,
SMR,2023,YF,1,TRAVELLERS,Travellers,NATIONAL,,Travellers (given in Italy)
SMR,2023,ZOSTER,1,RISKGROUPS,Risk group(s),NATIONAL,,Risk categories
SOM,2023,BCG,1,,General/routine,NATIONAL,B,Live birth
SOM,2023,DTWPHIBHEPB,1,,General/routine,NATIONAL,W6,<1 year
SOM,2023,DTWPHIBHEPB,2,,General/routine,NATIONAL,W10,<1 year
SOM,2023,DTWPHIBHEPB,3,,General/routine,NATIONAL,W14,<1 year
SOM,2023,IPV,1,,General/routine,NATIONAL,W14,given at 14 weeks with Penta3
SOM,2023,IPV,2,,General/routine,NATIONAL,M9,
SOM,2023,MEASLES,1,,General/routine,NATIONAL,M9,<1 year
SOM,2023,MEASLES,2,,General/routine,NATIONAL,M15,
SOM,2023,OPV,1,,General/routine,NATIONAL,B,
SOM,2023,OPV,2,,General/routine,NATIONAL,W6,
SOM,2023,OPV,3,,General/routine,NATIONAL,W10,
SOM,2023,OPV,4,,General/routine,NATIONAL,W14,
SOM,2023,TD_S,1,PW,Pregnant women,NATIONAL,1st contact,pregnant women
SOM,2023,TD_S,2,PW,Pregnant women,NATIONAL,+M1,pregnant women
SOM,2023,TD_S,3,PW,Pregnant women,NATIONAL,+M6,pregnant women
SOM,2023,TD_S,4,PW,Pregnant women,NATIONAL,+Y1,pregnant women
SOM,2023,TD_S,5,PW,Pregnant women,NATIONAL,+Y1,pregnant women
SOM,2023,TT,1,ADULTS,Adults,NATIONAL,1st contact,
SOM,2023,TT,2,ADULTS,Adults,NATIONAL,+M1,
SOM,2023,TT,3,ADULTS,Adults,NATIONAL,+M6,
SOM,2023,TT,4,ADULTS,Adults,NATIONAL,+Y1,
SOM,2023,TT,5,ADULTS,Adults,NATIONAL,+Y1,
SOM,2023,VITAMINA,1,,General/routine,NATIONAL,M36,
SRB,2023,BCG,1,,General/routine,NATIONAL,B,
SRB,2023,DTAPHIBIPV,1,,General/routine,NATIONAL,W8,
SRB,2023,DTAPHIBIPV,2,,General/routine,NATIONAL,W14,
SRB,2023,DTAPHIBIPV,3,,General/routine,NATIONAL,W20,
SRB,2023,DTAPHIBIPV,4,B_2YL_W,General/routine,NATIONAL,M18,
SRB,2023,DTAPIPV,5,B_CHILD_W,General/routine,NATIONAL,Y7,
SRB,2023,HEPA_ADULT,1,TRAVELLERS,Travellers,NATIONAL,,Travellers
SRB,2023,HEPB_ADULT,1,HW,Health workers,NATIONAL,,"Health and care workers, medical and other health-related students"
SRB,2023,HEPB_ADULT,1,RISKGROUPS,Risk group(s),NATIONAL,,"Post-exposure profilaxis, newborns of HBs Ag positive mothers, partners and household contacts of HBs Ag positive persons, iv drug users, persons with comorbidities includng HIV and Hepatitis C, residents of long-term health facilities, residents of long-term health facilities, health and care workers, medical and other health-related students"
SRB,2023,HEPB_PEDIATRIC,1,,General/routine,NATIONAL,B,
SRB,2023,HEPB_PEDIATRIC,2,,General/routine,NATIONAL,W4,
SRB,2023,HEPB_PEDIATRIC,3,,General/routine,NATIONAL,M6,
SRB,2023,HIB,1,RISKGROUPS,Risk group(s),NATIONAL,,Immunocompromised persons
SRB,2023,HPV9,1,BOTH,HPV administered to females and males,NATIONAL,Y9-Y19,"Recommended HPV 9 vaccine is free of charge (funded by National Health Insurance Fund) for children of both genders aged 9 to 19 years. The number of doses depends on age: two dose schedule (0, 6 months) is predicted for children aged 9 to 14 years while three dose schedule is predicted for children aged 15 to 19 years (regimen 0, 2, 6 months)."
SRB,2023,HPV9,2,BOTH,HPV administered to females and males,NATIONAL,+M6,"Recommended HPV 9 vaccine is free of charge (funded by National Health Insurance Fund) for children of both genders aged 9 to 19 years. The number of doses depends on age: two dose schedule (0, 6 months) is predicted for children aged 9 to 14 years while three dose schedule is predicted for children aged 15 to 19 years (regimen 0, 2, 6 months)."
SRB,2023,INFLUENZA_ADULT,1,ADULTS,Adults,NATIONAL,>Y65,
SRB,2023,INFLUENZA_ADULT,1,HW,Health workers,NATIONAL,,Health and care workers
SRB,2023,INFLUENZA_ADULT,1,PW,Pregnant women,NATIONAL,,Pregnant women
SRB,2023,INFLUENZA_ADULT,1,RISKGROUPS,Risk group(s),NATIONAL,,"Adults with chronic conditions, residents living in long-term care facilities"
SRB,2023,INFLUENZA_PEDIATRIC,1,RISKGROUPS,Risk group(s),NATIONAL,,Children with chronic conditions
SRB,2023,MEN_ACYW_135CONJ,1,HW,Health workers,NATIONAL,,"Immunocompromised persons, travellers, exposed health workers in laboratories"
SRB,2023,MEN_ACYW_135CONJ,1,RISKGROUPS,Risk group(s),NATIONAL,,"Immunocompromised persons, travellers, exposed health workers in laboratories"
SRB,2023,MEN_ACYW_135CONJ,1,TRAVELLERS,Travellers,NATIONAL,,"Immunocompromised persons, travellers, exposed health workers in laboratories"
SRB,2023,MMR,1,,General/routine,NATIONAL,M12,>12M
SRB,2023,MMR,2,,General/routine,NATIONAL,Y7,>12M
SRB,2023,MMR,1,HW,Health workers,NATIONAL,,"Health and care workers, susceptible contacts of measles cases, seronegative women of reproductive age"
SRB,2023,MMR,1,RISKGROUPS,Risk group(s),NATIONAL,,"Health and care workers, susceptible contacts of measles cases, seronegative women of reproductive age"
SRB,2023,PCV13,2,,General/routine,NATIONAL,W20,
SRB,2023,PCV13,3,,General/routine,NATIONAL,M18,
SRB,2023,PCV13,1,,General/routine,NATIONAL,W8,
SRB,2023,PCV13,1,RISKGROUPS,Risk group(s),NATIONAL,,"Immunocompromised persons, persons with comorbidities, residents of long-term health facilities"
SRB,2023,PPV23,1,RISKGROUPS,Risk group(s),NATIONAL,,"Immunocompromised persons, persons with comorbidities, residents of long-term health facilities"
SRB,2023,TD_S,6,B_ADO_W,General/routine,NATIONAL,Y14,
SRB,2023,TT,1,RISKGROUPS,Risk group(s),NATIONAL,,In case of injury
SRB,2023,TYPHOID_PS,1,TRAVELLERS,Travellers,NATIONAL,,Travellers
SRB,2023,VARICELLA,1,HW,Health workers,NATIONAL,,health and care workers
SRB,2023,VARICELLA,1,RISKGROUPS,Risk group(s),NATIONAL,,"suspectible contacts of varicella cases, children aged 12y who did not contracted varicella, seronegative women of reproductive age, household contacts of susceptible persons in risk of severe  health and care workers"
SRB,2023,YF,1,TRAVELLERS,Travellers,NATIONAL,,Travellers
SSD,2023,BCG,1,,General/routine,NATIONAL,B,0-11 months
SSD,2023,DTWPHIBHEPB,1,,General/routine,NATIONAL,W6,0-11 months
SSD,2023,DTWPHIBHEPB,2,,General/routine,NATIONAL,W10,0-11 months
SSD,2023,DTWPHIBHEPB,3,,General/routine,NATIONAL,W14,0-11 months
SSD,2023,IPV,1,,General/routine,NATIONAL,W14,0-11 months
SSD,2023,IPV,2,,General/routine,NATIONAL,M9,0-11 months
SSD,2023,MEASLES,1,,General/routine,NATIONAL,M9,0-11 months
SSD,2023,OPV,1,,General/routine,NATIONAL,W6,0-11 months
SSD,2023,OPV,2,,General/routine,NATIONAL,W10,0-11 months
SSD,2023,OPV,3,,General/routine,NATIONAL,W14,0-11 months
SSD,2023,TD_S,1,ADULTS,Adults,NATIONAL,1st contact,15-45 years
SSD,2023,TD_S,2,ADULTS,Adults,NATIONAL,+M1,15-45 years
SSD,2023,TD_S,3,ADULTS,Adults,NATIONAL,+M6,15-45 years
SSD,2023,TD_S,4,ADULTS,Adults,NATIONAL,+Y1,15-45 years
SSD,2023,TD_S,5,ADULTS,Adults,NATIONAL,+Y1,15-45 years
SSD,2023,TD_S,5,,General/routine,NATIONAL,+Y1,15-45 years
SSD,2023,TD_S,3,,General/routine,NATIONAL,+M6,15-45 years
SSD,2023,TD_S,4,,General/routine,NATIONAL,+Y1,15-45 years
SSD,2023,TD_S,1,,General/routine,NATIONAL,Y15,15-45 years
SSD,2023,TD_S,2,,General/routine,NATIONAL,+M1,15-45 years
STP,2023,BCG,1,,General/routine,NATIONAL,B,naissances vivantes
STP,2023,DTWPHIBHEPB,1,,General/routine,NATIONAL,W6,0-11 mois
STP,2023,DTWPHIBHEPB,2,,General/routine,NATIONAL,W10,0-11 mois
STP,2023,DTWPHIBHEPB,3,,General/routine,NATIONAL,W14,0-11 mois
STP,2023,HEPB_PEDIATRIC,1,,General/routine,NATIONAL,B,naissances vivantes
STP,2023,IPV,4,,General/routine,NATIONAL,W14,0-11 mois
STP,2023,MR,1,,General/routine,NATIONAL,M9,9-18 mois
STP,2023,MR,2,,General/routine,NATIONAL,M18,9-18 mois
STP,2023,OPV,1,,General/routine,NATIONAL,B,0-18 mois
STP,2023,OPV,2,,General/routine,NATIONAL,W6,0-18 mois
STP,2023,OPV,3,,General/routine,NATIONAL,W10,0-18 mois
STP,2023,OPV,4,,General/routine,NATIONAL,W14,0-18 mois
STP,2023,OPV,5,,General/routine,NATIONAL,M15,0-18 mois
STP,2023,PCV13,1,,General/routine,NATIONAL,W6,0-11 mois
STP,2023,PCV13,2,,General/routine,NATIONAL,W10,0-11 mois
STP,2023,PCV13,3,,General/routine,NATIONAL,W14,0-11 mois
STP,2023,ROTAVIRUS_5,1,,General/routine,NATIONAL,W6,0-11 mois
STP,2023,ROTAVIRUS_5,2,,General/routine,NATIONAL,W10,0-11 mois
STP,2023,ROTAVIRUS_5,3,,General/routine,NATIONAL,W14,0-11 mois
STP,2023,TD_S,1,PW,Pregnant women,NATIONAL,1st contact,femmes enceintes
STP,2023,TD_S,2,PW,Pregnant women,NATIONAL,+M1,femmes enceintes
STP,2023,TD_S,3,PW,Pregnant women,NATIONAL,+M6,femmes enceintes
STP,2023,TD_S,4,PW,Pregnant women,NATIONAL,+Y1,femmes enceintes
STP,2023,TD_S,5,PW,Pregnant women,NATIONAL,+Y2,femmes enceintes
STP,2023,VITAMINA,2,,General/routine,NATIONAL,M12,"6-11 mois, 12-59 mois et postpartum"
STP,2023,VITAMINA,3,,General/routine,NATIONAL,M18,"6-11 mois, 12-59 mois et postpartum"
STP,2023,VITAMINA,4,,General/routine,NATIONAL,M24,"6-11 mois, 12-59 mois et postpartum"
STP,2023,VITAMINA,5,,General/routine,NATIONAL,M30,"6-11 mois, 12-59 mois et postpartum"
STP,2023,VITAMINA,6,,General/routine,NATIONAL,M36,"6-11 mois, 12-59 mois et postpartum"
STP,2023,VITAMINA,1,,General/routine,NATIONAL,M6,"6-11 mois, 12-59 mois et postpartum"
STP,2023,VITAMINA,1,RISKGROUPS,Risk group(s),NATIONAL,,postpartum
STP,2023,YF,1,,General/routine,NATIONAL,M9,0-11 mois
SUR,2023,DTAP,1,RISKGROUPS,Risk group(s),NATIONAL,M2,Children hypersensitive to whole cell pertussis vaccine
SUR,2023,DTAP,2,RISKGROUPS,Risk group(s),NATIONAL,M4,Children hypersensitive to whole cell pertussis vaccine
SUR,2023,DTAP,3,RISKGROUPS,Risk group(s),NATIONAL,M6,Children hypersensitive to whole cell pertussis vaccine
SUR,2023,DTAP,4,RISKGROUPS,Risk group(s),NATIONAL,M18,Children hypersensitive to whole cell pertussis vaccine
SUR,2023,DTWP,4,B_2YL_W,General/routine,NATIONAL,M18,
SUR,2023,DTWP,5,B_CHILD_W,General/routine,NATIONAL,Y4-Y5,
SUR,2023,DTWPHIBHEPB,1,,General/routine,NATIONAL,M2,
SUR,2023,DTWPHIBHEPB,2,,General/routine,NATIONAL,M4,
SUR,2023,DTWPHIBHEPB,3,,General/routine,NATIONAL,M6,
SUR,2023,HEPB_ADULT,2,HW,Health workers,NATIONAL,+M1,Given to health care workers and those at high risk
SUR,2023,HEPB_ADULT,3,HW,Health workers,NATIONAL,+M6,Given to health care workers and those at high risk
SUR,2023,HEPB_ADULT,1,HW,Health workers,NATIONAL,1st contact,Given to health care workers and those at high risk
SUR,2023,HEPB_ADULT,1,RISKGROUPS,Risk group(s),NATIONAL,1st contact,Given to health care workers and those at high risk
SUR,2023,HEPB_ADULT,3,RISKGROUPS,Risk group(s),NATIONAL,+M6,Given to health care workers and those at high risk
SUR,2023,HEPB_ADULT,2,RISKGROUPS,Risk group(s),NATIONAL,+M1,Given to health care workers and those at high risk
SUR,2023,HEPB_PEDIATRIC,1,,General/routine,NATIONAL,B,
SUR,2023,HEPB_PEDIATRIC,2,RISKGROUPS,Risk group(s),NATIONAL,+M1,For those unable to receive penta
SUR,2023,HEPB_PEDIATRIC,3,RISKGROUPS,Risk group(s),NATIONAL,+M6,For those unable to receive penta
SUR,2023,HEPB_PEDIATRIC,1,RISKGROUPS,Risk group(s),NATIONAL,1st contact,For those unable to receive penta
SUR,2023,HPV2,1,FEMALE,HPV for females only,NATIONAL,Y9-Y13,Females
SUR,2023,HPV2,2,FEMALE,HPV for females only,NATIONAL,+M6,Females
SUR,2023,INFLUENZA_ADULT,1,ADULTS,Adults,,>Y18,and older persons
SUR,2023,INFLUENZA_ADULT,1,HW,Health workers,,,Health and care workers
SUR,2023,INFLUENZA_ADULT,1,PW,Pregnant women,,,Pregnant women
SUR,2023,INFLUENZA_ADULT,1,RISKGROUPS,Risk group(s),,,"Adults with chronic conditions, residents living in long-term care facilities, other groups"
SUR,2023,INFLUENZA_PEDIATRIC,1,,General/routine,NATIONAL,>=M6,
SUR,2023,INFLUENZA_PEDIATRIC,1,RISKGROUPS,Risk group(s),NATIONAL,,Children with chronic conditions
SUR,2023,IPV,1,,General/routine,NATIONAL,M2,
SUR,2023,IPV,2,,General/routine,NATIONAL,M4,
SUR,2023,MEN_ACYW_135CONJ,1,RISKGROUPS,Risk group(s),NATIONAL,1st contact,"Travellers, high risk individuals"
SUR,2023,MEN_ACYW_135CONJ,1,TRAVELLERS,Travellers,NATIONAL,1st contact,"Travellers, high risk individuals"
SUR,2023,MMR,1,,General/routine,NATIONAL,M12,
SUR,2023,MMR,2,,General/routine,NATIONAL,M18,
SUR,2023,OPV,3,,General/routine,NATIONAL,M6,children
SUR,2023,OPV,4,,General/routine,NATIONAL,M18,children
SUR,2023,OPV,5,,General/routine,NATIONAL,Y4-Y5,children
SUR,2023,RABIES,1,RISKGROUPS,Risk group(s),NATIONAL,1st contact,"Travellers to the interior, response to animal bites"
SUR,2023,RABIES,2,RISKGROUPS,Risk group(s),NATIONAL,+D3,"Travellers to the interior, response to animal bites"
SUR,2023,RABIES,3,RISKGROUPS,Risk group(s),NATIONAL,+D7,"Travellers to the interior, response to animal bites"
SUR,2023,RABIES,4,RISKGROUPS,Risk group(s),NATIONAL,+D14,"Travellers to the interior, response to animal bites"
SUR,2023,RABIES,5,RISKGROUPS,Risk group(s),NATIONAL,+D28,"Travellers to the interior, response to animal bites"
SUR,2023,RABIES,5,TRAVELLERS,Travellers,NATIONAL,+D28,"Travellers to the interior, response to animal bites"
SUR,2023,RABIES,4,TRAVELLERS,Travellers,NATIONAL,+D14,"Travellers to the interior, response to animal bites"
SUR,2023,RABIES,3,TRAVELLERS,Travellers,NATIONAL,+D7,"Travellers to the interior, response to animal bites"
SUR,2023,RABIES,2,TRAVELLERS,Travellers,NATIONAL,+D3,"Travellers to the interior, response to animal bites"
SUR,2023,RABIES,1,TRAVELLERS,Travellers,NATIONAL,1st contact,"Travellers to the interior, response to animal bites"
SUR,2023,TD_S,1,PW,Pregnant women,NATIONAL,1st contact,Pregnant women and others at risk without vaccination
SUR,2023,TD_S,3,PW,Pregnant women,NATIONAL,+Y1,Pregnant women and others at risk without vaccination
SUR,2023,TD_S,2,PW,Pregnant women,NATIONAL,+M6,Pregnant women and others at risk without vaccination
SUR,2023,TD_S,2,RISKGROUPS,Risk group(s),NATIONAL,+M6,Pregnant women and others at risk without vaccination
SUR,2023,TD_S,3,RISKGROUPS,Risk group(s),NATIONAL,+Y1,Pregnant women and others at risk without vaccination
SUR,2023,TD_S,1,RISKGROUPS,Risk group(s),NATIONAL,1st contact,Pregnant women and others at risk without vaccination
SUR,2023,YF,1,,General/routine,NATIONAL,M12,
SUR,2023,YF,1,TRAVELLERS,Travellers,NATIONAL,,Travellers
SVK,2023,DTAPHIBHEPBIPV,1,,General/routine,NATIONAL,M2,
SVK,2023,DTAPHIBHEPBIPV,2,,General/routine,NATIONAL,M4,
SVK,2023,DTAPHIBHEPBIPV,3,,General/routine,NATIONAL,M10,
SVK,2023,DTAPIPV,4,B_CHILD_W,General/routine,NATIONAL,Y5,
SVK,2023,HEPB_PEDIATRIC,1,RISKGROUPS,Risk group(s),NATIONAL,B,Administered only to high risk groups (newborns of HepB positive mothers)
SVK,2023,HPV9,1,BOTH,HPV administered to females and males,NATIONAL,Y12,12-14 years old girls and boys; 2nd dose of HPV is applicated 5M-13M after the first dose according to SPC for Gardasil-9; vaccine is not part of the regular mandatory vaccination but just recommended free of charge vaccination
SVK,2023,HPV9,2,BOTH,HPV administered to females and males,NATIONAL,+M5-M13,12-14 years old girls and boys; 2nd dose of HPV is applicated 5M-13M after the first dose according to SPC for Gardasil-9; vaccine is not part of the regular mandatory vaccination but just recommended free of charge vaccination
SVK,2023,INFLUENZA_ADULT,1,ADULTS,Adults,NATIONAL,>Y18,and older persons >=59 years
SVK,2023,INFLUENZA_ADULT,1,HW,Health workers,NATIONAL,,Health and care workers
SVK,2023,INFLUENZA_ADULT,1,PW,Pregnant women,NATIONAL,,Pregnant women
SVK,2023,INFLUENZA_ADULT,1,RISKGROUPS,Risk group(s),NATIONAL,,"Adults with chronic conditions, residents living in long-term care facilities, other groups"
SVK,2023,INFLUENZA_PEDIATRIC,1,,General/routine,NATIONAL,M6-Y15,
SVK,2023,INFLUENZA_PEDIATRIC,2,,General/routine,NATIONAL,>Y15,
SVK,2023,INFLUENZA_PEDIATRIC,1,RISKGROUPS,Risk group(s),NATIONAL,,Children with chronic conditions
SVK,2023,MMR,1,,General/routine,NATIONAL,M14,
SVK,2023,MMR,2,,General/routine,NATIONAL,Y4-Y10,Children born until the year 2015 (included) get the second dose at 11-th year of life. Children born in 2016 and afterwards should get the second dose at 5-th year of life.
SVK,2023,PCV10,1,,General/routine,NATIONAL,M2,10 and 13 valent vaccines administered; 15 valent vaccine is also available sine 2024
SVK,2023,PCV10,2,,General/routine,NATIONAL,M4,10 and 13 valent vaccines administered; 15 valent vaccine is also available sine 2024
SVK,2023,PCV10,3,,General/routine,NATIONAL,M10,10 and 13 valent vaccines administered; 15 valent vaccine is also available sine 2024
SVK,2023,PCV13,1,,General/routine,NATIONAL,M2,10 and 13 valent vaccines administered; 15 valent vaccine is also available sine 2024
SVK,2023,PCV13,2,,General/routine,NATIONAL,M4,10 and 13 valent vaccines administered; 15 valent vaccine is also available sine 2024
SVK,2023,PCV13,3,,General/routine,NATIONAL,M10,10 and 13 valent vaccines administered; 15 valent vaccine is also available sine 2024
SVK,2023,TD_S,6,ADULTS,Adults,NATIONAL,Y30,Vaccination in adults when reaching 30 years and than the revaccination every 15 years
SVK,2023,TD_S,7,ADULTS,Adults,NATIONAL,+Y15,Vaccination in adults when reaching 30 years and than the revaccination every 15 years
SVK,2023,TDAP_S_IPV,5,B_ADO_W,General/routine,NATIONAL,Y12,
SVN,2023,BCG,1,RISKGROUPS,Risk group(s),NATIONAL,B,Epidemiological indications
SVN,2023,DTAPHIBHEPBIPV,1,,General/routine,NATIONAL,M3,Children born after 1.10.2019
SVN,2023,DTAPHIBHEPBIPV,2,,General/routine,NATIONAL,M5,Children born after 1.10.2019
SVN,2023,DTAPHIBHEPBIPV,3,,General/routine,NATIONAL,M11-M18,Children born after 1.10.2019
SVN,2023,HEPA_ADULT,1,RISKGROUPS,Risk group(s),NATIONAL,,Epidemiological indications
SVN,2023,HEPA_HEPB,1,RISKGROUPS,Risk group(s),NATIONAL,,Risk groups
SVN,2023,HEPA_PEDIATRIC,1,RISKGROUPS,Risk group(s),NATIONAL,,Epidemiological indications
SVN,2023,HEPB_ADULT,1,HW,Health workers,NATIONAL,,Healthcare workers
SVN,2023,HEPB_ADULT,1,RISKGROUPS,Risk group(s),NATIONAL,,"Epidemiological indications, risk groups"
SVN,2023,HEPB_PEDIATRIC,1,,General/routine,NATIONAL,Y5,Children at school entrance (5-6 years old) who were vaccinated with DTaP-Hib-IPV
SVN,2023,HEPB_PEDIATRIC,2,,General/routine,NATIONAL,Y5,Children at school entrance (5-6 years old) who were vaccinated with DTaP-Hib-IPV
SVN,2023,HEPB_PEDIATRIC,3,,General/routine,NATIONAL,Y6,Children at school entrance (5-6 years old) who were vaccinated with DTaP-Hib-IPV
SVN,2023,HEPB_PEDIATRIC,1,RISKGROUPS,Risk group(s),NATIONAL,B,"HepBBD only administered to newborns of HBsAG positive mothers, simultaneously with immunoglobulin against Hepatitis B"
SVN,2023,HIB,1,RISKGROUPS,Risk group(s),NATIONAL,,Risk groups
SVN,2023,HPV9,1,BOTH,HPV administered to females and males,NATIONAL,Y11,Females; in the 6th grade of elementary school; males in 6th grade of elementary school from September 2021
SVN,2023,HPV9,2,BOTH,HPV administered to females and males,NATIONAL,Y12,Females; in the 6th grade of elementary school; males in 6th grade of elementary school from September 2021
SVN,2023,INFLUENZA_ADULT,1,ADULTS,Adults,NATIONAL,>Y18,and older persons 65 years of age or more
SVN,2023,INFLUENZA_ADULT,1,HW,Health workers,NATIONAL,,Health and care workers
SVN,2023,INFLUENZA_ADULT,1,PW,Pregnant women,NATIONAL,,Pregnant women
SVN,2023,INFLUENZA_ADULT,1,RISKGROUPS,Risk group(s),NATIONAL,,"Adults with chronic conditions, residents of long-term care facilities"
SVN,2023,INFLUENZA_PEDIATRIC,1,,General/routine,NATIONAL,M6-M23,
SVN,2023,INFLUENZA_PEDIATRIC,2,,General/routine,NATIONAL,Y2-Y18,
SVN,2023,INFLUENZA_PEDIATRIC,1,RISKGROUPS,Risk group(s),NATIONAL,,Children with chronic conditions
SVN,2023,IPV,1,RISKGROUPS,Risk group(s),NATIONAL,,Epidemiological indications
SVN,2023,MEN_ACYW_135CONJ,1,RISKGROUPS,Risk group(s),NATIONAL,,"Epidemiological indications, risk groups"
SVN,2023,MEN_B,1,RISKGROUPS,Risk group(s),NATIONAL,,Risk groups
SVN,2023,MMR,2,,General/routine,NATIONAL,Y5,
SVN,2023,MMR,1,,General/routine,NATIONAL,M11-M18,
SVN,2023,MMR,1,RISKGROUPS,Risk group(s),NATIONAL,,Epidemiological indication
SVN,2023,PCV13,1,,General/routine,NATIONAL,M3,
SVN,2023,PCV13,2,,General/routine,NATIONAL,M5,
SVN,2023,PCV13,3,,General/routine,NATIONAL,M11-M18,
SVN,2023,PCV13,1,RISKGROUPS,Risk group(s),NATIONAL,,Risk groups
SVN,2023,PCV20,1,RISKGROUPS,Risk group(s),NATIONAL,,Immunocompromised persons
SVN,2023,PPV23,1,ADULTS,Adults,NATIONAL,>Y65,"Risk groups, older persons from 65 years"
SVN,2023,PPV23,1,RISKGROUPS,Risk group(s),NATIONAL,,"Risk groups, older persons from 65 years"
SVN,2023,RABIES,1,RISKGROUPS,Risk group(s),NATIONAL,,In case of injury by an animal suspected of rabies
SVN,2023,TBE_ADULT,1,ADULTS,Adults,NATIONAL,Y49,Adults
SVN,2023,TBE_ADULT,2,ADULTS,Adults,NATIONAL,+M1-M3,Adults
SVN,2023,TBE_ADULT,3,ADULTS,Adults,NATIONAL,+M5-M12,Adults
SVN,2023,TBE_PEDIATRIC,1,,General/routine,NATIONAL,Y1,Children born in 2020; Y3-Y3-Y4 children born from 1.1.2016 to 1.1.2020
SVN,2023,TBE_PEDIATRIC,2,,General/routine,NATIONAL,+M1-M3,Children born in 2020; Y3-Y3-Y4 children born from 1.1.2016 to 1.1.2020
SVN,2023,TBE_PEDIATRIC,3,,General/routine,NATIONAL,+M5-M12,Children born in 2020; Y3-Y3-Y4 children born from 1.1.2016 to 1.1.2020
SVN,2023,TD_S,1,ADULTS,Adults,NATIONAL,,Recommended every 10 years for adults
SVN,2023,TD_S,1,RISKGROUPS,Risk group(s),NATIONAL,,In case of injury
SVN,2023,TDAP_S,5,B_ADO_F,General/routine,NATIONAL,Y8,5th dose for children who were vaccinated with DTaP-Hib-IPV
SVN,2023,TDAP_S,1,PW,Pregnant women,NATIONAL,,Pregnant women
SVN,2023,TT,6,,General/routine,NATIONAL,Y17,6th dose for those that were vaccinated with DTaP-Hib-IPV
SVN,2023,VARICELLA,1,RISKGROUPS,Risk group(s),NATIONAL,,Risk groups
SVN,2023,ZOSTER,1,RISKGROUPS,Risk group(s),NATIONAL,,Immunocompromised persons
SWE,2023,BCG,1,RISKGROUPS,Risk group(s),NATIONAL,W6-M6,Risk groups
SWE,2023,DTAPHIBHEPBIPV,1,,General/routine,NATIONAL,M3,
SWE,2023,DTAPHIBHEPBIPV,2,,General/routine,NATIONAL,M5,
SWE,2023,DTAPHIBHEPBIPV,3,,General/routine,NATIONAL,M12,
SWE,2023,DTAPIPV,4,B_CHILD_W,General/routine,NATIONAL,Y5,
SWE,2023,HEPB_PEDIATRIC,1,RISKGROUPS,Risk group(s),NATIONAL,B,"Children to HBsAg+ mothers (following doses are given as DTP-IPV-Hib-HepB at M3, M5 and M12)"
SWE,2023,HEPB_PEDIATRIC,2,RISKGROUPS,Risk group(s),NATIONAL,M1,"Children to HBsAg+ mothers (following doses are given as DTP-IPV-Hib-HepB at M3, M5 and M12)"
SWE,2023,HPV9,1,BOTH,HPV administered to females and males,NATIONAL,Y10-Y11,Both females and males
SWE,2023,HPV9,2,BOTH,HPV administered to females and males,NATIONAL,Y11-Y12,Both females and males
SWE,2023,INFLUENZA_ADULT,1,ADULTS,Adults,NATIONAL,>=Y65,
SWE,2023,INFLUENZA_ADULT,1,HW,Health workers,NATIONAL,,Health and care workers
SWE,2023,INFLUENZA_ADULT,1,PW,Pregnant women,NATIONAL,,Pregnant women
SWE,2023,INFLUENZA_ADULT,1,RISKGROUPS,Risk group(s),NATIONAL,,"Adults with chronic conditions, residents living in long-term care facilities"
SWE,2023,INFLUENZA_PEDIATRIC,1,RISKGROUPS,Risk group(s),NATIONAL,,Children with chronic conditions
SWE,2023,MMR,1,,General/routine,NATIONAL,M18,
SWE,2023,MMR,2,,General/routine,NATIONAL,Y6-Y8,
SWE,2023,MPOX,1,RISKGROUPS,Risk group(s),NATIONAL,,Risk groups
SWE,2023,PCV_15_VALENT,1,,General/routine,NATIONAL,M3,
SWE,2023,PCV_15_VALENT,2,,General/routine,NATIONAL,M5,
SWE,2023,PCV_15_VALENT,3,,General/routine,NATIONAL,M12,
SWE,2023,PCV10,1,,General/routine,NATIONAL,M3,
SWE,2023,PCV10,2,,General/routine,NATIONAL,M5,
SWE,2023,PCV10,3,,General/routine,NATIONAL,M12,
SWE,2023,PCV20,1,RISKGROUPS,Risk group(s),NATIONAL,,"Persons in medical risk groups with high risk for IPD, eg immunocompromised, asplenic and hyposplenic"
SWE,2023,PPV23,1,ADULTS,Adults,NATIONAL,Y75,Medical risk groups and persons at age 75 yrs are offered vaccination within the NIP. PPV23 is recommended to risk groups with increased risk for IPD Vaccinaton with PPV23 is also recommended to all persons 65 years and older
SWE,2023,PPV23,1,RISKGROUPS,Risk group(s),NATIONAL,>=Y65,Medical risk groups and persons at age 75 yrs are offered vaccination within the NIP. PPV23 is recommended to risk groups with increased risk for IPD Vaccinaton with PPV23 is also recommended to all persons 65 years and older
SWE,2023,ROTAVIRUS_1,1,,General/routine,NATIONAL,W6,
SWE,2023,ROTAVIRUS_1,2,,General/routine,NATIONAL,M3,
SWE,2023,ROTAVIRUS_5,1,,General/routine,NATIONAL,W6,
SWE,2023,ROTAVIRUS_5,2,,General/routine,NATIONAL,M3,
SWE,2023,ROTAVIRUS_5,3,,General/routine,NATIONAL,M5,
SWE,2023,TDAP_S,5,B_ADO_W,General/routine,NATIONAL,Y14-Y16,
SWE,2023,TDAP_S,1,PW,Pregnant women,SUBNATIONAL,,"Pregnant women, from week 16"
SWZ,2023,BCG,1,,General/routine,NATIONAL,B,6 W - 23 M
SWZ,2023,DT,1,B_CHILD_W,General/routine,NATIONAL,Y5,5 Y - 9 Y
SWZ,2023,DTWPHIBHEPB,1,,General/routine,NATIONAL,W6,6 W - 23 M
SWZ,2023,DTWPHIBHEPB,2,,General/routine,NATIONAL,W10,6 W - 23 M
SWZ,2023,DTWPHIBHEPB,3,,General/routine,NATIONAL,W14,6 W - 23 M
SWZ,2023,DTWPHIBHEPB,4,B_2YL_W,General/routine,NATIONAL,M18,6 W - 23 M
SWZ,2023,HEPB_ADULT,1,HW,Health workers,NATIONAL,1st contact,Health care workers
SWZ,2023,HEPB_ADULT,2,HW,Health workers,NATIONAL,+W4,Health care workers
SWZ,2023,HEPB_ADULT,3,HW,Health workers,NATIONAL,+W4,Health care workers
SWZ,2023,HEPB_ADULT,3,RISKGROUPS,Risk group(s),NATIONAL,+W4,"Armed forces, Fire fighters,"
SWZ,2023,HEPB_ADULT,2,RISKGROUPS,Risk group(s),NATIONAL,+W4,"Armed forces, Fire fighters,"
SWZ,2023,HEPB_ADULT,1,RISKGROUPS,Risk group(s),NATIONAL,1st contact,"Armed forces, Fire fighters,"
SWZ,2023,IPV,1,,General/routine,NATIONAL,W14,14 W - 23 W
SWZ,2023,MR,1,,General/routine,NATIONAL,M9,9 - 59 M
SWZ,2023,MR,2,,General/routine,NATIONAL,M18,9 - 59 M
SWZ,2023,OPV,1,,General/routine,NATIONAL,B,All New Born Babies
SWZ,2023,OPV,2,,General/routine,NATIONAL,W6,All New Born Babies
SWZ,2023,OPV,3,,General/routine,NATIONAL,W10,All New Born Babies
SWZ,2023,OPV,4,,General/routine,NATIONAL,W14,All New Born Babies
SWZ,2023,OPV,5,,General/routine,NATIONAL,M18,All New Born Babies
SWZ,2023,OPV,6,,General/routine,NATIONAL,Y5,All New Born Babies
SWZ,2023,PCV13,1,,General/routine,NATIONAL,W6,6 W - 23 M
SWZ,2023,PCV13,2,,General/routine,NATIONAL,W10,6 W - 23 M
SWZ,2023,PCV13,3,,General/routine,NATIONAL,W14,6 W - 23 M
SWZ,2023,ROTAVIRUS_1,1,,General/routine,NATIONAL,W6,6 W - 23 M
SWZ,2023,ROTAVIRUS_1,2,,General/routine,NATIONAL,W10,6 W - 23 M
SWZ,2023,TD_S,1,PW,Pregnant women,NATIONAL,1st contact,Pregnant women
SWZ,2023,TD_S,2,PW,Pregnant women,NATIONAL,+W4,Pregnant women
SWZ,2023,TD_S,3,PW,Pregnant women,NATIONAL,+M6,Pregnant women
SWZ,2023,TD_S,4,PW,Pregnant women,NATIONAL,+Y1,Pregnant women
SWZ,2023,TD_S,5,PW,Pregnant women,NATIONAL,+Y1,Pregnant women
SWZ,2023,TD_S,6,PW,Pregnant women,NATIONAL,+Y1,Pregnant women
SWZ,2023,VITAMINA,1,,General/routine,NATIONAL,M6,6-59 months
SWZ,2023,VITAMINA,2,,General/routine,NATIONAL,M12,6-59 months
SWZ,2023,VITAMINA,3,,General/routine,NATIONAL,M18,6-59 months
SWZ,2023,VITAMINA,4,,General/routine,NATIONAL,M24,6-59 months
SWZ,2023,VITAMINA,5,,General/routine,NATIONAL,M30,6-59 months
SWZ,2023,VITAMINA,6,,General/routine,NATIONAL,M36,6-59 months
SWZ,2023,YF,1,TRAVELLERS,Travellers,,,Travellers
SXM,2019,DTAPHIBIPV,3,,General/routine,NATIONAL,M4,
SXM,2019,DTAPHIBIPV,1,,General/routine,NATIONAL,M2,
SXM,2019,DTAPHIBIPV,2,,General/routine,NATIONAL,M3,
SXM,2019,DTAPHIBIPV,4,B_2YL_W,General/routine,NATIONAL,M12,
SXM,2019,DTIPV,6,,General/routine,NATIONAL,Y9,
SXM,2019,DTIPV,5,B_CHILD_W,General/routine,NATIONAL,Y4,
SXM,2019,HEPB_ADULT,3,RISKGROUPS,Risk group(s),NATIONAL,+M7,for risk group adults and children over 55kg
SXM,2019,HEPB_ADULT,2,RISKGROUPS,Risk group(s),NATIONAL,+M1,for risk group adults and children over 55kg
SXM,2019,HEPB_ADULT,1,RISKGROUPS,Risk group(s),NATIONAL,1st contact,for risk group adults and children over 55kg
SXM,2019,HEPB_PEDIATRIC,2,,General/routine,NATIONAL,M3,
SXM,2019,HEPB_PEDIATRIC,3,,General/routine,NATIONAL,M6,
SXM,2019,HEPB_PEDIATRIC,1,,General/routine,NATIONAL,M2,
SXM,2019,HPV9,1,FEMALE,HPV for females only,NATIONAL,+M6,females in primary school; switched to nonavalent in 2018
SXM,2019,HPV9,2,FEMALE,HPV for females only,NATIONAL,Y9-Y11,females in primary school; switched to nonavalent in 2018
SXM,2019,MMR,1,,General/routine,NATIONAL,Y1,
SXM,2019,MMR,2,,General/routine,NATIONAL,Y4,
SXM,2019,PCV13,2,,General/routine,NATIONAL,M6,
SXM,2019,PCV13,3,,General/routine,NATIONAL,M15,
SXM,2019,PCV13,1,,General/routine,NATIONAL,M4,
SXM,2019,YF,1,RISKGROUPS,Risk group(s),NATIONAL,1st contact,travellers to endemic countries
SYC,2023,BCG,1,,General/routine,NATIONAL,B,
SYC,2023,DT,5,B_CHILD_W,General/routine,NATIONAL,Y6,
SYC,2023,DTWP,4,B_2YL_W,General/routine,NATIONAL,M18,
SYC,2023,DTWPHIBHEPB,1,,General/routine,NATIONAL,M3,
SYC,2023,DTWPHIBHEPB,2,,General/routine,NATIONAL,M4,
SYC,2023,DTWPHIBHEPB,3,,General/routine,NATIONAL,M5,
SYC,2023,HEPB_ADULT,1,RISKGROUPS,Risk group(s),NATIONAL,1st contact,high risk
SYC,2023,HEPB_ADULT,2,RISKGROUPS,Risk group(s),NATIONAL,+M1,high risk
SYC,2023,HEPB_ADULT,3,RISKGROUPS,Risk group(s),NATIONAL,+M1,high risk
SYC,2023,HEPB_PEDIATRIC,1,,General/routine,NATIONAL,B,new born
SYC,2023,HPV4,1,FEMALE,HPV for females only,NATIONAL,Y10,females; P6
SYC,2023,HPV4,2,FEMALE,HPV for females only,NATIONAL,Y11,females; P6
SYC,2023,IPV,1,,General/routine,NATIONAL,M4,
SYC,2023,MMR,1,,General/routine,NATIONAL,M15,
SYC,2023,MMR,2,,General/routine,NATIONAL,Y6,
SYC,2023,MR,1,ADULTS,Adults,NATIONAL,,whole population
SYC,2023,OPV,1,,General/routine,NATIONAL,M3,
SYC,2023,OPV,2,,General/routine,NATIONAL,M4,
SYC,2023,OPV,3,,General/routine,NATIONAL,M5,
SYC,2023,OPV,4,,General/routine,NATIONAL,M18,
SYC,2023,OPV,5,,General/routine,NATIONAL,Y6,
SYC,2023,OPV,6,,General/routine,NATIONAL,Y15,
SYC,2023,PCV13,1,,General/routine,NATIONAL,M3,
SYC,2023,PCV13,2,,General/routine,NATIONAL,M4,
SYC,2023,PCV13,3,,General/routine,NATIONAL,M5,
SYC,2023,ROTAVIRUS_1,1,,General/routine,NATIONAL,M3,
SYC,2023,ROTAVIRUS_1,2,,General/routine,NATIONAL,M4,
SYC,2023,TD_S,1,ADULTS,Adults,NATIONAL,>=Y25,pregnant women and other adults every 10 years
SYC,2023,TD_S,6,B_ADO_W,General/routine,NATIONAL,Y15,
SYC,2023,TD_S,1,PW,Pregnant women,NATIONAL,,pregnant women and other adults every 10 years
SYC,2023,TT,1,ADULTS,Adults,NATIONAL,>=Y25,pregnant women and other adults every 10 years
SYC,2023,TT,6,,General/routine,NATIONAL,Y15,
SYC,2023,TT,1,PW,Pregnant women,NATIONAL,,pregnant women and other adults every 10 years
SYC,2023,YF,1,,General/routine,NATIONAL,M12,
SYC,2023,YF,1,TRAVELLERS,Travellers,NATIONAL,,travellers one dose for life
SYR,2023,BCG,1,,General/routine,NATIONAL,B,
SYR,2023,DT,5,B_CHILD_W,General/routine,NATIONAL,Y6,
SYR,2023,DTWPHIBHEPB,1,,General/routine,NATIONAL,W8,
SYR,2023,DTWPHIBHEPB,2,,General/routine,NATIONAL,W16,
SYR,2023,DTWPHIBHEPB,3,,General/routine,NATIONAL,W24,
SYR,2023,DTWPHIBHEPB,4,B_2YL_W,General/routine,NATIONAL,M18,
SYR,2023,HEPB_PEDIATRIC,1,,General/routine,NATIONAL,B,
SYR,2023,INFLUENZA_ADULT,1,ADULTS,Adults,NATIONAL,>=Y55,
SYR,2023,INFLUENZA_ADULT,1,RISKGROUPS,Risk group(s),NATIONAL,,"Adults with chronic conditions, other groups"
SYR,2023,INFLUENZA_PEDIATRIC,1,,General/routine,NATIONAL,>=M6,
SYR,2023,INFLUENZA_PEDIATRIC,1,RISKGROUPS,Risk group(s),NATIONAL,,Children with chronic conditions
SYR,2023,IPV,1,,General/routine,NATIONAL,W8,
SYR,2023,IPV,2,,General/routine,NATIONAL,W16,
SYR,2023,MMR,1,,General/routine,NATIONAL,M12,
SYR,2023,MMR,2,,General/routine,NATIONAL,M18,
SYR,2023,OPV,1,,General/routine,NATIONAL,B,
SYR,2023,OPV,2,,General/routine,NATIONAL,W24,
SYR,2023,OPV,3,,General/routine,NATIONAL,M12,
SYR,2023,OPV,4,,General/routine,NATIONAL,M18,
SYR,2023,OPV,5,,General/routine,NATIONAL,Y6,
SYR,2023,TD_S,5,ADULTS,Adults,NATIONAL,+Y1,"For adults, pregnant women & risk groups"
SYR,2023,TD_S,1,ADULTS,Adults,NATIONAL,1st contact,"For adults, pregnant women & risk groups"
SYR,2023,TD_S,2,ADULTS,Adults,NATIONAL,+M1,"For adults, pregnant women & risk groups"
SYR,2023,TD_S,3,ADULTS,Adults,NATIONAL,+M6,"For adults, pregnant women & risk groups"
SYR,2023,TD_S,4,ADULTS,Adults,NATIONAL,+Y1,"For adults, pregnant women & risk groups"
SYR,2023,TD_S,6,B_ADO_W,General/routine,NATIONAL,Y12,
SYR,2023,TD_S,5,PW,Pregnant women,NATIONAL,+Y1,"For adults, pregnant women & risk groups"
SYR,2023,TD_S,4,PW,Pregnant women,NATIONAL,+Y1,"For adults, pregnant women & risk groups"
SYR,2023,TD_S,3,PW,Pregnant women,NATIONAL,+M6,"For adults, pregnant women & risk groups"
SYR,2023,TD_S,2,PW,Pregnant women,NATIONAL,+M1,"For adults, pregnant women & risk groups"
SYR,2023,TD_S,1,PW,Pregnant women,NATIONAL,1st contact,"For adults, pregnant women & risk groups"
SYR,2023,TD_S,1,RISKGROUPS,Risk group(s),NATIONAL,1st contact,"For adults, pregnant women & risk groups"
SYR,2023,TD_S,2,RISKGROUPS,Risk group(s),NATIONAL,+M1,"For adults, pregnant women & risk groups"
SYR,2023,TD_S,3,RISKGROUPS,Risk group(s),NATIONAL,+M6,"For adults, pregnant women & risk groups"
SYR,2023,TD_S,4,RISKGROUPS,Risk group(s),NATIONAL,+Y1,"For adults, pregnant women & risk groups"
SYR,2023,TD_S,5,RISKGROUPS,Risk group(s),NATIONAL,+Y1,"For adults, pregnant women & risk groups"
SYR,2023,VITAMINA,1,,General/routine,NATIONAL,M12,
SYR,2023,VITAMINA,2,,General/routine,NATIONAL,M18,
TCA,2023,BCG,1,,General/routine,NATIONAL,B-M24,
TCA,2023,DT,1,CATCHUP_C,Catch-up children,NATIONAL,Y7-Y11,Given to children age 7 to 10 years who missed doses
TCA,2023,DTWP,4,B_2YL_W,General/routine,NATIONAL,M18,
TCA,2023,DTWP,5,B_CHILD_F,General/routine,NATIONAL,Y3,
TCA,2023,DTWPHIBHEPB,1,,General/routine,NATIONAL,M2,
TCA,2023,DTWPHIBHEPB,2,,General/routine,NATIONAL,M4,
TCA,2023,DTWPHIBHEPB,3,,General/routine,NATIONAL,M6,
TCA,2023,HEPB_ADULT,1,CATCHUP_C,Catch-up children,NATIONAL,>=Y15,1st contact from >=15 years who missed their childhood doses
TCA,2023,HEPB_ADULT,2,CATCHUP_C,Catch-up children,NATIONAL,+M1,1st contact from >=15 years who missed their childhood doses
TCA,2023,HEPB_ADULT,3,CATCHUP_C,Catch-up children,NATIONAL,+M6,1st contact from >=15 years who missed their childhood doses
TCA,2023,HEPB_PEDIATRIC,1,,General/routine,NATIONAL,B,"Introduction began 4th quarter of 2019, disrupted by COVID-19 outbreak"
TCA,2023,HPV4,1,BOTH,HPV administered to females and males,NATIONAL,Y11,"Quadrivalent vaccine for girls 9+ years, but focus on 11 year old girls up to 26 years old women. The first HPV vaccine was bivalent and it was introduced on February 1st 2019 to girls only.  The quadrivalent is being to administered to both male and females."
TCA,2023,INFLUENZA_ADULT,1,ADULTS,Adults,NATIONAL,>Y18,and older persons
TCA,2023,INFLUENZA_ADULT,1,HW,Health workers,NATIONAL,,Health and care workers
TCA,2023,INFLUENZA_ADULT,1,PW,Pregnant women,NATIONAL,,Pregnant women
TCA,2023,INFLUENZA_ADULT,1,RISKGROUPS,Risk group(s),NATIONAL,,"Adults with chronic conditions, residents in long-term care facilities, other groups"
TCA,2023,INFLUENZA_PEDIATRIC,1,,General/routine,NATIONAL,>=M6,
TCA,2023,INFLUENZA_PEDIATRIC,2,,General/routine,NATIONAL,>=M6,
TCA,2023,INFLUENZA_PEDIATRIC,1,RISKGROUPS,Risk group(s),NATIONAL,,Children with chronic conditions
TCA,2023,IPV,1,,General/routine,NATIONAL,M2,
TCA,2023,IPV,2,,General/routine,NATIONAL,M4,
TCA,2023,MMR,1,,General/routine,NATIONAL,Y1,
TCA,2023,MMR,2,,General/routine,NATIONAL,Y3,
TCA,2023,OPV,3,,General/routine,NATIONAL,M6,
TCA,2023,OPV,4,,General/routine,NATIONAL,M18,
TCA,2023,OPV,5,,General/routine,NATIONAL,Y3,
TCA,2023,TD_S,1,CATCHUP_A,Catch-up adults,NATIONAL,1st contact,"Persons 15 years and older with missed doses in childhood and pregnant women. After initial dose; doses are given at 4 weeks, 6 months"
TCA,2023,TD_S,2,CATCHUP_A,Catch-up adults,NATIONAL,+M1,"Persons 15 years and older with missed doses in childhood and pregnant women. After initial dose; doses are given at 4 weeks, 6 months"
TCA,2023,TD_S,3,CATCHUP_A,Catch-up adults,NATIONAL,+M6,"Persons 15 years and older with missed doses in childhood and pregnant women. After initial dose; doses are given at 4 weeks, 6 months"
TCA,2023,TD_S,2,CATCHUP_C,Catch-up children,NATIONAL,+M1,"Persons 15 years and older with missed doses in childhood and pregnant women. After initial dose; doses are given at 4 weeks, 6 months"
TCA,2023,TD_S,3,CATCHUP_C,Catch-up children,NATIONAL,+M6,"Persons 15 years and older with missed doses in childhood and pregnant women. After initial dose; doses are given at 4 weeks, 6 months"
TCA,2023,TD_S,1,CATCHUP_C,Catch-up children,NATIONAL,1st contact,"Persons 15 years and older with missed doses in childhood and pregnant women. After initial dose; doses are given at 4 weeks, 6 months"
TCA,2023,TD_S,6,B_ADO_W,General/routine,NATIONAL,Y11-Y12,
TCA,2023,TD_S,2,PW,Pregnant women,NATIONAL,+M1,"Persons 15 years and older with missed doses in childhood and pregnant women. After initial dose; doses are given at 4 weeks, 6 months"
TCA,2023,TD_S,3,PW,Pregnant women,NATIONAL,+M6,"Persons 15 years and older with missed doses in childhood and pregnant women. After initial dose; doses are given at 4 weeks, 6 months"
TCA,2023,TD_S,1,PW,Pregnant women,NATIONAL,1st contact,"Persons 15 years and older with missed doses in childhood and pregnant women. After initial dose; doses are given at 4 weeks, 6 months"
TCA,2023,YF,1,TRAVELLERS,Travellers,NATIONAL,>=M9,Only for travelers to endemic countries. Can be administered to travelers as young as 9/12
TCD,2023,BCG,1,,General/routine,NATIONAL,B,0-11 mois
TCD,2023,DTWPHIBHEPB,1,,General/routine,NATIONAL,W6,0-11 mois
TCD,2023,DTWPHIBHEPB,2,,General/routine,NATIONAL,W10,0-11 mois
TCD,2023,DTWPHIBHEPB,3,,General/routine,NATIONAL,W14,0-11 mois
TCD,2023,IPV,1,,General/routine,NATIONAL,W14,0-11 mois
TCD,2023,IPV,2,,General/routine,NATIONAL,M9,0-11 mois
TCD,2023,MEASLES,1,,General/routine,NATIONAL,M9,0-23 mois
TCD,2023,MEASLES,2,,General/routine,NATIONAL,M15,0-23 mois
TCD,2023,MEN_A_CONJ,1,,General/routine,NATIONAL,M9,0-11 mois
TCD,2023,OPV,1,,General/routine,NATIONAL,B,0-11 mois
TCD,2023,OPV,2,,General/routine,NATIONAL,W6,0-11 mois
TCD,2023,OPV,3,,General/routine,NATIONAL,W10,0-11 mois
TCD,2023,OPV,4,,General/routine,NATIONAL,W14,0-11 mois
TCD,2023,TD_S,5,ADULTS,Adults,NATIONAL,+Y1,femmes enceintes et femmes en ge de procrer
TCD,2023,TD_S,1,ADULTS,Adults,NATIONAL,1st contact,femmes enceintes et femmes en ge de procrer
TCD,2023,TD_S,2,ADULTS,Adults,NATIONAL,+M1,femmes enceintes et femmes en ge de procrer
TCD,2023,TD_S,3,ADULTS,Adults,NATIONAL,+M6,femmes enceintes et femmes en ge de procrer
TCD,2023,TD_S,4,ADULTS,Adults,NATIONAL,+Y1,femmes enceintes et femmes en ge de procrer
TCD,2023,TD_S,5,PW,Pregnant women,NATIONAL,+Y1,femmes enceintes et femmes en ge de procrer
TCD,2023,TD_S,4,PW,Pregnant women,NATIONAL,+Y1,femmes enceintes et femmes en ge de procrer
TCD,2023,TD_S,3,PW,Pregnant women,NATIONAL,+M6,femmes enceintes et femmes en ge de procrer
TCD,2023,TD_S,2,PW,Pregnant women,NATIONAL,+M1,femmes enceintes et femmes en ge de procrer
TCD,2023,TD_S,1,PW,Pregnant women,NATIONAL,1st contact,femmes enceintes et femmes en ge de procrer
TCD,2023,VITAMINA,1,,General/routine,NATIONAL,M9,0-11 mois
TCD,2023,YF,1,,General/routine,NATIONAL,M9,0-11 mois
TGO,2023,BCG,1,,General/routine,NATIONAL,B,naissances vivantes
TGO,2023,DTWPHIBHEPB,1,,General/routine,NATIONAL,W6,enfants survivants (0-11 mois)
TGO,2023,DTWPHIBHEPB,2,,General/routine,NATIONAL,W10,enfants survivants (0-11 mois)
TGO,2023,DTWPHIBHEPB,3,,General/routine,NATIONAL,W14,enfants survivants (0-11 mois)
TGO,2023,IPV,1,,General/routine,NATIONAL,W14,enfants survivants (0-11 mois)
TGO,2023,IPV,2,,General/routine,NATIONAL,M9,enfants survivants (0-11 mois)
TGO,2023,MEN_A_CONJ,1,,General/routine,NATIONAL,M15,15  23 M
TGO,2023,MR,1,,General/routine,NATIONAL,M9,enfants 9-23 mois
TGO,2023,MR,2,,General/routine,NATIONAL,M15,enfants 9-23 mois
TGO,2023,OPV,1,,General/routine,NATIONAL,B,enfants survivants (0-11 mois)
TGO,2023,OPV,2,,General/routine,NATIONAL,W6,enfants survivants (0-11 mois)
TGO,2023,OPV,3,,General/routine,NATIONAL,W10,enfants survivants (0-11 mois)
TGO,2023,OPV,4,,General/routine,NATIONAL,W14,enfants survivants (0-11 mois)
TGO,2023,PCV13,1,,General/routine,NATIONAL,W6,enfants survivants (0-11 mois)
TGO,2023,PCV13,2,,General/routine,NATIONAL,W10,enfants survivants (0-11 mois)
TGO,2023,PCV13,3,,General/routine,NATIONAL,W14,enfants survivants (0-11 mois)
TGO,2023,ROTAVIRUS_1,1,,General/routine,NATIONAL,W6,enfants survivants (0-11 mois)
TGO,2023,ROTAVIRUS_1,2,,General/routine,NATIONAL,W10,enfants survivants (0-11 mois)
TGO,2023,TD_S,1,PW,Pregnant women,NATIONAL,1st contact,1st contact grossesse - femmes enceintes
TGO,2023,TD_S,2,PW,Pregnant women,NATIONAL,+M1,1st contact grossesse - femmes enceintes
TGO,2023,TD_S,3,PW,Pregnant women,NATIONAL,+M6,1st contact grossesse - femmes enceintes
TGO,2023,TD_S,4,PW,Pregnant women,NATIONAL,+Y1,1st contact grossesse - femmes enceintes
TGO,2023,TD_S,5,PW,Pregnant women,NATIONAL,+Y1,1st contact grossesse - femmes enceintes
TGO,2023,VITAMINA,1,,General/routine,NATIONAL,M9,enfants survivants (0-11 mois)
TGO,2023,YF,1,,General/routine,NATIONAL,M9,enfants 9-11 mois
THA,2023,BCG,1,,General/routine,NATIONAL,B,
THA,2023,DTWP,1,,General/routine,NATIONAL,M2,
THA,2023,DTWP,2,,General/routine,NATIONAL,M4,
THA,2023,DTWP,3,,General/routine,NATIONAL,M6,
THA,2023,DTWP,4,B_2YL_W,General/routine,NATIONAL,Y1.5,
THA,2023,DTWP,5,B_CHILD_W,General/routine,NATIONAL,Y4,
THA,2023,DTWPHIBHEPB,1,,General/routine,NATIONAL,M2,
THA,2023,DTWPHIBHEPB,2,,General/routine,NATIONAL,M4,
THA,2023,DTWPHIBHEPB,3,,General/routine,NATIONAL,M6,
THA,2023,HEPB_ADULT,1,ADULTS,Adults,NATIONAL,1st contact,"Healthcare workers (HCWs), Booster dose birth > 1993 1st contact"
THA,2023,HEPB_ADULT,1,HW,Health workers,NATIONAL,1st contact,"Healthcare workers (HCWs), Booster dose birth > 1993 1st contact"
THA,2023,HEPB_ADULT,2,HW,Health workers,NATIONAL,+M1,"Healthcare workers (HCWs), Booster dose birth > 1993 1st contact"
THA,2023,HEPB_ADULT,3,HW,Health workers,NATIONAL,+M6,"Healthcare workers (HCWs), Booster dose birth > 1993 1st contact"
THA,2023,HEPB_PEDIATRIC,1,,General/routine,NATIONAL,B,
THA,2023,HEPB_PEDIATRIC,2,RISKGROUPS,Risk group(s),NATIONAL,M1,Given at 1 month for children with carrier mother
THA,2023,HPV4,1,FEMALE,HPV for females only,NATIONAL,Y11,"Female students grade 5, 2 doses - 6 months apart"
THA,2023,HPV4,2,FEMALE,HPV for females only,NATIONAL,+M6,"Female students grade 5, 2 doses - 6 months apart"
THA,2023,INFLUENZA_ADULT,1,ADULTS,Adults,NATIONAL,>Y18,and older persons 65Y+
THA,2023,INFLUENZA_ADULT,1,HW,Health workers,NATIONAL,,Health and care workers
THA,2023,INFLUENZA_ADULT,1,PW,Pregnant women,NATIONAL,,Pregnant women
THA,2023,INFLUENZA_ADULT,1,RISKGROUPS,Risk group(s),NATIONAL,,"Adults with chronic conditions, other groups"
THA,2023,INFLUENZA_PEDIATRIC,1,,General/routine,NATIONAL,>=M6,
THA,2023,IPV,1,,General/routine,NATIONAL,M2,
THA,2023,IPV,2,,General/routine,NATIONAL,M4,
THA,2023,JE_LIVEATD,1,,General/routine,NATIONAL,Y1,
THA,2023,JE_LIVEATD,2,,General/routine,NATIONAL,Y2.5,
THA,2023,MEN_ACYW_135CONJ,1,RISKGROUPS,Risk group(s),NATIONAL,M9-Y55,"Travellers, and if greater than 55 years they should be certified by their physicians"
THA,2023,MEN_ACYW_135CONJ,2,RISKGROUPS,Risk group(s),NATIONAL,+Y5,"Travellers, and if greater than 55 years they should be certified by their physicians"
THA,2023,MEN_ACYW_135CONJ,1,TRAVELLERS,Travellers,NATIONAL,M9-Y55,"Travellers, and if greater than 55 years they should be certified by their physicians"
THA,2023,MEN_ACYW_135CONJ,2,TRAVELLERS,Travellers,NATIONAL,+Y5,"Travellers, and if greater than 55 years they should be certified by their physicians"
THA,2023,MMR,1,,General/routine,NATIONAL,M9,
THA,2023,MMR,2,,General/routine,NATIONAL,Y1.5,
THA,2023,MR,1,HW,Health workers,NATIONAL,,Healthcare workers and all University students of first-year in Faculty of Medical and Public Health
THA,2023,OPV,3,,General/routine,NATIONAL,M6,
THA,2023,OPV,4,,General/routine,NATIONAL,Y1.5,
THA,2023,OPV,5,,General/routine,NATIONAL,Y4,
THA,2023,ROTAVIRUS_5,1,,General/routine,NATIONAL,M2,
THA,2023,ROTAVIRUS_5,2,,General/routine,NATIONAL,M4,
THA,2023,ROTAVIRUS_5,3,,General/routine,NATIONAL,M6,
THA,2023,TD_S,1,ADULTS,Adults,NATIONAL,1st contact,"Adult age 20Y above booster dose every 10 years, Pregnant women at 1st contact, +1 month, +6 months (depending on vaccination history)"
THA,2023,TD_S,2,ADULTS,Adults,NATIONAL,+M1,"Adult age 20Y above booster dose every 10 years, Pregnant women at 1st contact, +1 month, +6 months (depending on vaccination history)"
THA,2023,TD_S,3,ADULTS,Adults,NATIONAL,+M6,"Adult age 20Y above booster dose every 10 years, Pregnant women at 1st contact, +1 month, +6 months (depending on vaccination history)"
THA,2023,TD_S,4,ADULTS,Adults,NATIONAL,+Y10,"Adult age 20Y above booster dose every 10 years, Pregnant women at 1st contact, +1 month, +6 months (depending on vaccination history)"
THA,2023,TD_S,5,ADULTS,Adults,NATIONAL,+Y10,"Adult age 20Y above booster dose every 10 years, Pregnant women at 1st contact, +1 month, +6 months (depending on vaccination history)"
THA,2023,TD_S,6,ADULTS,Adults,NATIONAL,+Y10,Adult age 20Y above booster dose every 10 years
THA,2023,TD_S,1,B_ADO_W,General/routine,NATIONAL,Y12,All school children in grade 6
THA,2023,TD_S,1,PW,Pregnant women,NATIONAL,1st contact,"Adult age 20Y above booster dose every 10 years, Pregnant women at 1st contact, +1 month, +6 months (depending on vaccination history)"
THA,2023,TD_S,2,PW,Pregnant women,NATIONAL,+M1,"Adult age 20Y above booster dose every 10 years, Pregnant women at 1st contact, +1 month, +6 months (depending on vaccination history)"
THA,2023,TD_S,3,PW,Pregnant women,NATIONAL,+M6,"Adult age 20Y above booster dose every 10 years, Pregnant women at 1st contact, +1 month, +6 months (depending on vaccination history)"
THA,2023,YF,1,TRAVELLERS,Travellers,NATIONAL,>=M9,Travellers
TJK,2023,BCG,1,,General/routine,NATIONAL,D3-D5,????????????? ????
TJK,2023,DT,1,B_CHILD_W,General/routine,NATIONAL,Y6,???? 6 ???
TJK,2023,DTWP,4,B_2YL_W,General/routine,NATIONAL,?16-M23,???? 16-23 ??????
TJK,2023,DTWPHIBHEPB,1,,General/routine,NATIONAL,?2,???? ?? 1 ????
TJK,2023,DTWPHIBHEPB,2,,General/routine,NATIONAL,?3,???? ?? 1 ????
TJK,2023,DTWPHIBHEPB,3,,General/routine,NATIONAL,?4,???? ?? 1 ????
TJK,2023,HEPB_PEDIATRIC,1,,General/routine,NATIONAL,B,"??? ????????  ??????? ???????? ? ??????? ????????, ?  ? 2, 3 ? 4 ????????  ????????  ???????? ? ??????? ?????????????? ???????"
TJK,2023,INFLUENZA_ADULT,1,HW,Health workers,NATIONAL,,Health and care workers
TJK,2023,IPV,1,,General/routine,NATIONAL,?3,???? ?? 1 ????
TJK,2023,IPV,2,,General/routine,NATIONAL,M9,???? ?? 1 ????
TJK,2023,MMR,1,,General/routine,NATIONAL,M12,???? 1 ???? ? ? 6 ???
TJK,2023,MMR,2,,General/routine,NATIONAL,Y6,???? 1 ???? ? ? 6 ???
TJK,2023,OPV,1,,General/routine,NATIONAL,B,???? ?? 1 ????
TJK,2023,OPV,2,,General/routine,NATIONAL,?2,???? ?? 1 ????
TJK,2023,OPV,3,,General/routine,NATIONAL,?3,???? ?? 1 ????
TJK,2023,OPV,4,,General/routine,NATIONAL,?4,???? ?? 1 ????
TJK,2023,OPV,5,,General/routine,NATIONAL,?12,???? ?? 1 ????
TJK,2023,PCV10,1,,General/routine,NATIONAL,?2,"???? ?? 1 ????, 1 ???"
TJK,2023,PCV10,2,,General/routine,NATIONAL,?4,"???? ?? 1 ????, 1 ???"
TJK,2023,PCV10,3,,General/routine,NATIONAL,?12,"???? ?? 1 ????, 1 ???"
TJK,2023,ROTAVIRUS_1,1,,General/routine,NATIONAL,?2,???? ?? 1 ????
TJK,2023,ROTAVIRUS_1,2,,General/routine,NATIONAL,?3,???? ?? 1 ????
TJK,2023,TD_S,2,ADULTS,Adults,NATIONAL,Y26,????????  ? ???????? 16-26-36-46-56 ???.
TJK,2023,TD_S,3,ADULTS,Adults,NATIONAL,Y36,????????  ? ???????? 16-26-36-46-56 ???.
TJK,2023,TD_S,4,ADULTS,Adults,NATIONAL,Y46,????????  ? ???????? 16-26-36-46-56 ???.
TJK,2023,TD_S,5,ADULTS,Adults,NATIONAL,Y56,????????  ? ???????? 16-26-36-46-56 ???.
TJK,2023,TD_S,1,B_ADO_F,General/routine,NATIONAL,Y16,????????  ? ???????? 16-26-36-46-56 ???.
TKL,2023,BCG,1,,General/routine,NATIONAL,B,birth
TKL,2023,DTWP,4,B_CHILD_W,General/routine,NATIONAL,Y5,
TKL,2023,DTWPHIBHEPB,1,,General/routine,NATIONAL,W6,6w.10w.14w
TKL,2023,DTWPHIBHEPB,2,,General/routine,NATIONAL,W10,6w.10w.14w
TKL,2023,DTWPHIBHEPB,3,,General/routine,NATIONAL,W14,6w.10w.14w
TKL,2023,HEPB_PEDIATRIC,1,,General/routine,NATIONAL,B,birth
TKL,2023,HPV9,1,BOTH,HPV administered to females and males,,Y9,
TKL,2023,HPV9,2,BOTH,HPV administered to females and males,,+M6,
TKL,2023,IPV,1,,General/routine,NATIONAL,W6,6w.10w.14w
TKL,2023,IPV,2,,General/routine,NATIONAL,W10,6w.10w.14w
TKL,2023,IPV,3,,General/routine,NATIONAL,W14,6w.10w.14w
TKL,2023,IPV,4,,General/routine,NATIONAL,M18,6w.10w.14w
TKL,2023,MMR,1,,General/routine,NATIONAL,M12,"12m, 15m"
TKL,2023,MMR,2,,General/routine,NATIONAL,M15,"12m, 15m"
TKL,2023,TD_S,5,B_ADO_W,General/routine,NATIONAL,Y11,
TKL,2023,TD_S,1,PW,Pregnant women,NATIONAL,,pregnant women
TKM,2023,BCG,1,,General/routine,NATIONAL,D2-D3,
TKM,2023,BCG,2,,General/routine,NATIONAL,Y14,
TKM,2023,DT,5,B_CHILD_W,General/routine,NATIONAL,Y6,
TKM,2023,DTWP,4,B_2YL_W,General/routine,NATIONAL,M18,
TKM,2023,DTWPHIBHEPB,1,,General/routine,NATIONAL,M2,
TKM,2023,DTWPHIBHEPB,2,,General/routine,NATIONAL,M3,
TKM,2023,DTWPHIBHEPB,3,,General/routine,NATIONAL,M4,
TKM,2023,HEPA_PEDIATRIC,1,,General/routine,NATIONAL,M18,? ??????? 2019
TKM,2023,HEPB_PEDIATRIC,1,,General/routine,NATIONAL,B,
TKM,2023,HPV4,1,BOTH,HPV administered to females and males,NATIONAL,Y9,
TKM,2023,HPV4,2,BOTH,HPV administered to females and males,NATIONAL,+M6,
TKM,2023,INFLUENZA_ADULT,1,ADULTS,Adults,NATIONAL,>=Y18,and older persons 65+
TKM,2023,INFLUENZA_ADULT,1,HW,Health workers,NATIONAL,,Health and care workers
TKM,2023,INFLUENZA_ADULT,1,PW,Pregnant women,NATIONAL,,???? 22-? ??????
TKM,2023,INFLUENZA_ADULT,1,RISKGROUPS,Risk group(s),NATIONAL,,"Adults with chronic conditions, residents living in long-term care facilities, other groups"
TKM,2023,INFLUENZA_PEDIATRIC,1,,General/routine,NATIONAL,>=M6,and 3-16 years
TKM,2023,INFLUENZA_PEDIATRIC,1,RISKGROUPS,Risk group(s),NATIONAL,,Children with chronic conditions
TKM,2023,IPV,3,,General/routine,NATIONAL,M3,
TKM,2023,MMR,1,,General/routine,NATIONAL,M12-M15,
TKM,2023,MMR,2,,General/routine,NATIONAL,Y6,
TKM,2023,OPV,1,,General/routine,NATIONAL,D2-D3,
TKM,2023,OPV,2,,General/routine,NATIONAL,M2,
TKM,2023,OPV,3,,General/routine,NATIONAL,M3,
TKM,2023,OPV,4,,General/routine,NATIONAL,M4,
TKM,2023,OPV,5,,General/routine,NATIONAL,M18,
TKM,2023,PCV10,1,,General/routine,NATIONAL,M2,? ??????? 2019
TKM,2023,PCV10,2,,General/routine,NATIONAL,M4,? ??????? 2019
TKM,2023,PCV10,3,,General/routine,NATIONAL,M12,? ??????? 2019
TKM,2023,ROTAVIRUS_5,1,,General/routine,NATIONAL,M2,? ??????? 2019
TKM,2023,ROTAVIRUS_5,2,,General/routine,NATIONAL,M3,? ??????? 2019
TKM,2023,ROTAVIRUS_5,3,,General/routine,NATIONAL,M4,? ??????? 2019
TKM,2023,TD_S,6,B_ADO_W,General/routine,NATIONAL,Y15,
TLS,2023,BCG,1,,General/routine,NATIONAL,B,U1Y
TLS,2023,DT,5,B_CHILD_W,General/routine,NATIONAL,Y6,6Y
TLS,2023,DTWP,4,B_2YL_W,General/routine,NATIONAL,M18,1-2Y
TLS,2023,DTWPHIBHEPB,1,,General/routine,NATIONAL,W6,U1Y
TLS,2023,DTWPHIBHEPB,2,,General/routine,NATIONAL,W10,U1Y
TLS,2023,DTWPHIBHEPB,3,,General/routine,NATIONAL,W14,U1Y
TLS,2023,HEPB_PEDIATRIC,1,,General/routine,NATIONAL,B,Administered within 24 hours
TLS,2023,IPV,1,,General/routine,NATIONAL,W14,U1Y
TLS,2023,MR,1,,General/routine,NATIONAL,M9,U2Y
TLS,2023,MR,2,,General/routine,NATIONAL,M18,U2Y
TLS,2023,OPV,1,,General/routine,NATIONAL,B,U1Y
TLS,2023,OPV,2,,General/routine,NATIONAL,W6,U1Y
TLS,2023,OPV,3,,General/routine,NATIONAL,W10,U1Y
TLS,2023,OPV,4,,General/routine,NATIONAL,W14,U1Y
TLS,2023,PCV10,1,,General/routine,,W6,
TLS,2023,PCV10,2,,General/routine,,W10,
TLS,2023,PCV10,3,,General/routine,,W14,
TLS,2023,ROTAVIRUS_5,1,,General/routine,NATIONAL,W6,"Introduced in Q4 2019 and by end of December 2019, introduction nationwide"
TLS,2023,ROTAVIRUS_5,2,,General/routine,NATIONAL,W10,"Introduced in Q4 2019 and by end of December 2019, introduction nationwide"
TLS,2023,ROTAVIRUS_5,3,,General/routine,NATIONAL,W14,"Introduced in Q4 2019 and by end of December 2019, introduction nationwide"
TLS,2023,TD_S,1,PW,Pregnant women,NATIONAL,1st contact,Pregnant women
TLS,2023,TD_S,2,PW,Pregnant women,NATIONAL,+M1,Pregnant women
TLS,2023,TD_S,3,PW,Pregnant women,NATIONAL,+M6,Pregnant women
TLS,2023,TD_S,4,PW,Pregnant women,NATIONAL,+Y1,Pregnant women
TLS,2023,TD_S,5,PW,Pregnant women,NATIONAL,+Y1,Pregnant women
TLS,2023,VITAMINA,1,,General/routine,NATIONAL,M6,U5Y
TLS,2023,VITAMINA,2,,General/routine,NATIONAL,M12,U5Y
TLS,2023,VITAMINA,3,,General/routine,NATIONAL,M18,U5Y
TLS,2023,VITAMINA,4,,General/routine,NATIONAL,M24,U5Y
TLS,2023,VITAMINA,5,,General/routine,NATIONAL,M30,U5Y
TLS,2023,VITAMINA,6,,General/routine,NATIONAL,M36,U5Y
TON,2023,BCG,1,,General/routine,NATIONAL,B,
TON,2023,DTWP,4,B_2YL_W,General/routine,NATIONAL,M18,
TON,2023,DTWP,5,B_CHILD_W,General/routine,NATIONAL,Y5,Y5 is at school entry at class 1
TON,2023,DTWPHIBHEPB,1,,General/routine,NATIONAL,W6,
TON,2023,DTWPHIBHEPB,2,,General/routine,NATIONAL,W10,
TON,2023,DTWPHIBHEPB,3,,General/routine,NATIONAL,W14,
TON,2023,HEPB_PEDIATRIC,1,,General/routine,NATIONAL,B,
TON,2023,HPV,1,FEMALE,HPV for females only,NATIONAL,Y10-Y17,10-17 Y female
TON,2023,IPV,1,,General/routine,NATIONAL,W14,
TON,2023,MR,1,,General/routine,NATIONAL,M12,
TON,2023,MR,2,,General/routine,NATIONAL,M18,
TON,2023,OPV,1,,General/routine,NATIONAL,W6,
TON,2023,OPV,2,,General/routine,NATIONAL,W10,
TON,2023,OPV,3,,General/routine,NATIONAL,W14,
TON,2023,PCV13,1,,General/routine,NATIONAL,W6,
TON,2023,PCV13,2,,General/routine,NATIONAL,W10,
TON,2023,PCV13,3,,General/routine,NATIONAL,W14,
TON,2023,ROTAVIRUS_1,1,,General/routine,NATIONAL,W6,
TON,2023,ROTAVIRUS_1,2,,General/routine,NATIONAL,W10,
TON,2023,TD_S,1,B_ADO_F,General/routine,NATIONAL,Y16,Given to Form 6 students at school as school leavers vaccination
TON,2023,TD_S,1,PW,Pregnant women,NATIONAL,1st contact,Pregnant women not vaccinated or incompletely vaccinated with primary series and boosters
TON,2023,TD_S,2,PW,Pregnant women,NATIONAL,+M1,Pregnant women not vaccinated or incompletely vaccinated with primary series and boosters
TON,2023,TD_S,3,PW,Pregnant women,NATIONAL,+M6,Pregnant women not vaccinated or incompletely vaccinated with primary series and boosters
TON,2023,TD_S,4,PW,Pregnant women,NATIONAL,+Y1,Pregnant women not vaccinated or incompletely vaccinated with primary series and boosters
TON,2023,TD_S,5,PW,Pregnant women,NATIONAL,+Y1,Pregnant women not vaccinated or incompletely vaccinated with primary series and boosters
TTO,2023,DTWP,4,B_2YL_W,General/routine,NATIONAL,M18,
TTO,2023,DTWP,5,B_CHILD_W,General/routine,NATIONAL,Y4-Y5,
TTO,2023,DTWPHIBHEPB,1,,General/routine,NATIONAL,M2,
TTO,2023,DTWPHIBHEPB,2,,General/routine,NATIONAL,M4,
TTO,2023,DTWPHIBHEPB,3,,General/routine,NATIONAL,M6,
TTO,2023,HEPB_ADULT,1,HW,Health workers,NATIONAL,>=Y10,Health Care Workers
TTO,2023,HEPB_ADULT,2,HW,Health workers,NATIONAL,+M1,Health Care Workers
TTO,2023,HEPB_ADULT,3,HW,Health workers,NATIONAL,+M6,Health Care Workers
TTO,2023,HIB,1,RISKGROUPS,Risk group(s),NATIONAL,>M12,Given to children who do not receive DTP-HepB-Hib
TTO,2023,HPV4,1,BOTH,HPV administered to females and males,NATIONAL,Y9-Y15,"Females and males; x2 doses 11-15 years (+6 months apart), x3 does >15 years (+6 weeks, +6 months apart) females (up to 45 years) and males (up to 26 years)"
TTO,2023,HPV4,2,BOTH,HPV administered to females and males,NATIONAL,+M6,"Females and males; x2 doses 11-15 years (+6 months apart), x3 does >15 years (+6 weeks, +6 months apart) females (up to 45 years) and males (up to 26 years)"
TTO,2023,INFLUENZA_ADULT,1,ADULTS,Adults,NATIONAL,>Y18,and older persons
TTO,2023,INFLUENZA_ADULT,1,HW,Health workers,NATIONAL,,Health and care workers
TTO,2023,INFLUENZA_ADULT,1,PW,Pregnant women,NATIONAL,,Pregnant women
TTO,2023,INFLUENZA_ADULT,1,RISKGROUPS,Risk group(s),NATIONAL,,"Adults with chronic conditions, residents living in long-term care facilities, other groups"
TTO,2023,INFLUENZA_PEDIATRIC,1,,General/routine,NATIONAL,>=M6,
TTO,2023,INFLUENZA_PEDIATRIC,2,,General/routine,NATIONAL,>=M6,
TTO,2023,INFLUENZA_PEDIATRIC,1,RISKGROUPS,Risk group(s),NATIONAL,,Children with chronic conditions
TTO,2023,IPV,1,,General/routine,NATIONAL,M2,
TTO,2023,IPV,2,,General/routine,NATIONAL,M4,
TTO,2023,MEN_ACYW_135CONJ,1,HW,Health workers,NATIONAL,1st contact,Health Care Workers / Students / High risk
TTO,2023,MEN_ACYW_135CONJ,1,RISKGROUPS,Risk group(s),NATIONAL,1st contact,Health Care Workers / Students / High risk
TTO,2023,MMR,1,,General/routine,NATIONAL,M12,
TTO,2023,MMR,2,,General/routine,NATIONAL,Y2,
TTO,2023,OPV,3,,General/routine,NATIONAL,M6,
TTO,2023,OPV,4,,General/routine,NATIONAL,M18,
TTO,2023,OPV,5,,General/routine,NATIONAL,Y4-Y5,
TTO,2023,PCV13,1,,General/routine,NATIONAL,M2,
TTO,2023,PCV13,2,,General/routine,NATIONAL,M4,
TTO,2023,PCV13,3,,General/routine,NATIONAL,M6,
TTO,2023,PCV13,4,,General/routine,NATIONAL,M18,
TTO,2023,PPV23,2,ADULTS,Adults,NATIONAL,Y65,
TTO,2023,PPV23,1,ADULTS,Adults,NATIONAL,Y60,
TTO,2023,TD_S,1,ADULTS,Adults,NATIONAL,,10+
TTO,2023,TD_S,6,B_ADO_W,General/routine,NATIONAL,Y9-Y12,
TTO,2023,TD_S,1,PW,Pregnant women,NATIONAL,,"Pregnant women in need of booster during 1st, 2nd or 3rd trimester"
TTO,2023,VARICELLA,1,,General/routine,NATIONAL,M12,>=M12
TTO,2023,VARICELLA,2,,General/routine,NATIONAL,M14,
TTO,2023,YF,1,,General/routine,NATIONAL,Y1,
TUN,2023,BCG,1,,General/routine,NATIONAL,B,
TUN,2023,DT,1,RISKGROUPS,Risk group(s),NATIONAL,M2,"ce vaccin est destin aux enfants ayant une contre indication au composant coquelucheux , les vaccins du Penta leur sont administrs sparment dont le Dt"
TUN,2023,DT,2,RISKGROUPS,Risk group(s),NATIONAL,M3,"ce vaccin est destin aux enfants ayant une contre indication au composant coquelucheux , les vaccins du Penta leur sont administrs sparment dont le Dt"
TUN,2023,DT,3,RISKGROUPS,Risk group(s),NATIONAL,M6,"ce vaccin est destin aux enfants ayant une contre indication au composant coquelucheux , les vaccins du Penta leur sont administrs sparment dont le Dt"
TUN,2023,DT,4,RISKGROUPS,Risk group(s),NATIONAL,M18,"ce vaccin est destin aux enfants ayant une contre indication au composant coquelucheux , les vaccins du Penta leur sont administrs sparment dont le Dt"
TUN,2023,DTWP,4,B_2YL_W,General/routine,NATIONAL,M18,
TUN,2023,DTWPHIBHEPB,1,,General/routine,NATIONAL,M2,
TUN,2023,DTWPHIBHEPB,2,,General/routine,NATIONAL,M3,
TUN,2023,DTWPHIBHEPB,3,,General/routine,NATIONAL,M6,
TUN,2023,HEPA_PEDIATRIC,1,,General/routine,NATIONAL,M12,
TUN,2023,HEPA_PEDIATRIC,2,,General/routine,NATIONAL,Y6,
TUN,2023,HEPB_PEDIATRIC,1,,General/routine,NATIONAL,B,
TUN,2023,INFLUENZA_ADULT,1,ADULTS,Adults,NATIONAL,>Y65,
TUN,2023,INFLUENZA_ADULT,1,HW,Health workers,NATIONAL,,Health and care workers
TUN,2023,INFLUENZA_ADULT,1,PW,Pregnant women,NATIONAL,,Pregnant women
TUN,2023,INFLUENZA_ADULT,1,RISKGROUPS,Risk group(s),NATIONAL,,"Adults with chronic conditions, residents living in long-term care facilities"
TUN,2023,INFLUENZA_PEDIATRIC,1,RISKGROUPS,Risk group(s),NATIONAL,,Children with chronic conditions
TUN,2023,IPV,1,,General/routine,NATIONAL,M2,
TUN,2023,IPV,2,,General/routine,NATIONAL,M3,
TUN,2023,IPV,3,,General/routine,NATIONAL,M6,
TUN,2023,MR,1,,General/routine,NATIONAL,M12,
TUN,2023,MR,2,,General/routine,NATIONAL,M18,
TUN,2023,OPV,1,,General/routine,NATIONAL,M18,
TUN,2023,OPV,2,,General/routine,NATIONAL,Y6,
TUN,2023,OPV,3,,General/routine,NATIONAL,Y12,
TUN,2023,OPV,4,,General/routine,NATIONAL,Y18,
TUN,2023,PCV10,1,,General/routine,NATIONAL,M2,Depuis Avril 2019
TUN,2023,PCV10,2,,General/routine,NATIONAL,M4,Depuis Avril 2019
TUN,2023,PCV10,3,,General/routine,NATIONAL,M11,Depuis Avril 2019
TUN,2023,TD_S,1,ADULTS,Adults,NATIONAL,Y18,
TUN,2023,TD_S,5,B_CHILD_W,General/routine,NATIONAL,Y7,
TUN,2023,TD_S,6,B_ADO_W,General/routine,NATIONAL,Y12,
TUR,2023,BCG,1,,General/routine,NATIONAL,M2,
TUR,2023,DTAPHIBIPV,1,,General/routine,NATIONAL,M2,
TUR,2023,DTAPHIBIPV,2,,General/routine,NATIONAL,M4,
TUR,2023,DTAPHIBIPV,3,,General/routine,NATIONAL,M6,
TUR,2023,DTAPHIBIPV,4,B_2YL_W,General/routine,NATIONAL,M18,
TUR,2023,DTAPIPV,5,B_CHILD_W,General/routine,NATIONAL,M48,48 months old infants
TUR,2023,HEPA_PEDIATRIC,1,,General/routine,NATIONAL,M18,
TUR,2023,HEPA_PEDIATRIC,2,,General/routine,NATIONAL,M24,
TUR,2023,HEPB_PEDIATRIC,1,,General/routine,NATIONAL,B,Birth and 72 hours
TUR,2023,HEPB_PEDIATRIC,2,,General/routine,NATIONAL,M1,Birth and 72 hours
TUR,2023,HEPB_PEDIATRIC,3,,General/routine,NATIONAL,M6,Birth and 72 hours
TUR,2023,MMR,1,,General/routine,NATIONAL,M12,12 months and 48 months old infants
TUR,2023,MMR,2,,General/routine,NATIONAL,M48,12 months and 48 months old infants
TUR,2023,OPV,1,,General/routine,NATIONAL,M6,
TUR,2023,OPV,2,,General/routine,NATIONAL,M18,
TUR,2023,PCV13,1,,General/routine,NATIONAL,M2,
TUR,2023,PCV13,2,,General/routine,NATIONAL,M4,
TUR,2023,PCV13,3,,General/routine,NATIONAL,M12,
TUR,2023,TD_S,1,B_ADO_W,General/routine,NATIONAL,Y13,13 years old children
TUR,2023,VARICELLA,1,,General/routine,NATIONAL,M12,
TUV,2023,BCG,1,,General/routine,NATIONAL,B,Below one year
TUV,2023,DTWP,4,B_CHILD_W,General/routine,NATIONAL,Y5-Y6,School entry
TUV,2023,DTWPHIBHEPB,1,,General/routine,NATIONAL,W6,Below one year
TUV,2023,DTWPHIBHEPB,2,,General/routine,NATIONAL,W10,Below one year
TUV,2023,DTWPHIBHEPB,3,,General/routine,NATIONAL,W14,Below one year
TUV,2023,HEPB_PEDIATRIC,1,,General/routine,NATIONAL,B,At birth
TUV,2023,HPV2,1,FEMALE,HPV for females only,NATIONAL,Y10,Ten year females
TUV,2023,IPV,1,,General/routine,NATIONAL,W6,Up to five years
TUV,2023,IPV,2,,General/routine,NATIONAL,W10,Up to five years
TUV,2023,IPV,3,,General/routine,NATIONAL,W14,Up to five years
TUV,2023,IPV,4,,General/routine,NATIONAL,M12,Up to five years
TUV,2023,MR,1,,General/routine,NATIONAL,M12,Up to 14 years
TUV,2023,MR,2,,General/routine,NATIONAL,M18,Up to 14 years
TUV,2023,PCV13,1,,General/routine,NATIONAL,W6,
TUV,2023,PCV13,2,,General/routine,NATIONAL,W14,
TUV,2023,PCV13,3,,General/routine,NATIONAL,M12,
TUV,2023,ROTAVIRUS_1,1,,General/routine,NATIONAL,W6,Up to 24 months
TUV,2023,ROTAVIRUS_1,2,,General/routine,NATIONAL,W14,Up to 24 months
TUV,2023,TD_S,1,PW,Pregnant women,NATIONAL,1st contact,Pregnant mothers (as soon as the woman is pregnant) and trauma cases
TUV,2023,TD_S,2,PW,Pregnant women,NATIONAL,+M1,Pregnant mothers (as soon as the woman is pregnant) and trauma cases
TUV,2023,TD_S,5,PW,Pregnant women,NATIONAL,+Y1,Pregnant mothers (as soon as the woman is pregnant) and trauma cases
TUV,2023,TD_S,3,PW,Pregnant women,NATIONAL,+M6,Pregnant mothers (as soon as the woman is pregnant) and trauma cases
TUV,2023,TD_S,4,PW,Pregnant women,NATIONAL,+Y1,Pregnant mothers (as soon as the woman is pregnant) and trauma cases
TUV,2023,TD_S,5,RISKGROUPS,Risk group(s),NATIONAL,+Y1,Pregnant mothers (as soon as the woman is pregnant) and trauma cases
TUV,2023,TD_S,4,RISKGROUPS,Risk group(s),NATIONAL,+Y1,Pregnant mothers (as soon as the woman is pregnant) and trauma cases
TUV,2023,TD_S,3,RISKGROUPS,Risk group(s),NATIONAL,+M6,Pregnant mothers (as soon as the woman is pregnant) and trauma cases
TUV,2023,TD_S,2,RISKGROUPS,Risk group(s),NATIONAL,+M1,Pregnant mothers (as soon as the woman is pregnant) and trauma cases
TUV,2023,TD_S,1,RISKGROUPS,Risk group(s),NATIONAL,1st contact,Pregnant mothers (as soon as the woman is pregnant) and trauma cases
TZA,2023,BCG,1,,General/routine,NATIONAL,B,live birth
TZA,2023,DTWPHIBHEPB,1,,General/routine,NATIONAL,W6,surviving infants
TZA,2023,DTWPHIBHEPB,2,,General/routine,NATIONAL,W10,surviving infants
TZA,2023,DTWPHIBHEPB,3,,General/routine,NATIONAL,W14,surviving infants
TZA,2023,HPV4,1,FEMALE,HPV for females only,NATIONAL,Y14,girls of 14 years
TZA,2023,HPV4,2,FEMALE,HPV for females only,NATIONAL,+M6,girls of 14 years
TZA,2023,IPV,1,,General/routine,NATIONAL,W14,surviving infants
TZA,2023,MR,1,,General/routine,NATIONAL,M9,under 2 years
TZA,2023,MR,2,,General/routine,NATIONAL,M18,under 2 years
TZA,2023,OPV,1,,General/routine,NATIONAL,W6,surviving infants
TZA,2023,OPV,2,,General/routine,NATIONAL,W10,surviving infants
TZA,2023,OPV,3,,General/routine,NATIONAL,W14,surviving infants
TZA,2023,PCV13,2,,General/routine,NATIONAL,W10,surviving infants
TZA,2023,PCV13,3,,General/routine,NATIONAL,W14,surviving infants
TZA,2023,PCV13,1,,General/routine,NATIONAL,W6,surviving infants
TZA,2023,ROTAVIRUS_1,1,,General/routine,NATIONAL,W6,surviving infants
TZA,2023,ROTAVIRUS_1,2,,General/routine,NATIONAL,W10,surviving infants
TZA,2023,ROTAVIRUS_1,3,,General/routine,NATIONAL,W14,surviving infants
TZA,2023,TD_S,5,ADULTS,Adults,NATIONAL,+Y1,CBAW and pregnant women
TZA,2023,TD_S,1,ADULTS,Adults,NATIONAL,1st Contact,CBAW and pregnant women
TZA,2023,TD_S,2,ADULTS,Adults,NATIONAL,+M1,CBAW and pregnant women
TZA,2023,TD_S,3,ADULTS,Adults,NATIONAL,+M6,CBAW and pregnant women
TZA,2023,TD_S,4,ADULTS,Adults,NATIONAL,+Y1,CBAW and pregnant women
TZA,2023,TD_S,2,,General/routine,NATIONAL,+M1,CBAW and pregnant women
TZA,2023,TD_S,3,,General/routine,NATIONAL,+M6,CBAW and pregnant women
TZA,2023,TD_S,1,,General/routine,NATIONAL,1st Contact,CBAW and pregnant women
TZA,2023,TD_S,4,,General/routine,NATIONAL,+Y1,CBAW and pregnant women
TZA,2023,TD_S,5,,General/routine,NATIONAL,+Y1,CBAW and pregnant women
TZA,2023,TD_S,5,PW,Pregnant women,NATIONAL,+Y1,CBAW and pregnant women
TZA,2023,TD_S,1,PW,Pregnant women,NATIONAL,1st Contact,CBAW and pregnant women
TZA,2023,TD_S,4,PW,Pregnant women,NATIONAL,+Y1,CBAW and pregnant women
TZA,2023,TD_S,3,PW,Pregnant women,NATIONAL,+M6,CBAW and pregnant women
TZA,2023,TD_S,2,PW,Pregnant women,NATIONAL,+M1,CBAW and pregnant women
UGA,2023,BCG,1,,General/routine,NATIONAL,B,0-11 months
UGA,2023,DTWPHIBHEPB,1,,General/routine,NATIONAL,W6,6 weeks - 11 months
UGA,2023,DTWPHIBHEPB,2,,General/routine,NATIONAL,W10,6 weeks - 11 months
UGA,2023,DTWPHIBHEPB,3,,General/routine,NATIONAL,W14,6 weeks - 11 months
UGA,2023,HEPB_ADULT,1,ADULTS,Adults,SUBNATIONAL,1st contact,Adults above 20 years
UGA,2023,HEPB_ADULT,2,ADULTS,Adults,SUBNATIONAL,+M1,Adults above 20 years
UGA,2023,HEPB_ADULT,3,ADULTS,Adults,SUBNATIONAL,+M5,Adults above 20 years
UGA,2023,HEPB_PEDIATRIC,1,,General/routine,NATIONAL,B,24 hours all live births
UGA,2023,HPV4,1,FEMALE,HPV for females only,NATIONAL,Y10,10 year old females
UGA,2023,HPV4,2,FEMALE,HPV for females only,NATIONAL,+M6,10 year old females
UGA,2023,IPV,1,,General/routine,NATIONAL,W6,14 weeks - 11 months
UGA,2023,IPV,2,,General/routine,NATIONAL,W14,14 weeks - 11 months
UGA,2023,MR,1,,General/routine,NATIONAL,M9,9-11 months
UGA,2023,MR,2,,General/routine,NATIONAL,M18,9-11 months
UGA,2023,OPV,1,,General/routine,NATIONAL,B,0-11 months
UGA,2023,OPV,2,,General/routine,NATIONAL,W6,0-11 months
UGA,2023,OPV,3,,General/routine,NATIONAL,W10,0-11 months
UGA,2023,OPV,4,,General/routine,NATIONAL,W14,0-11 months
UGA,2023,PCV10,1,,General/routine,NATIONAL,W6,6 weeks - 11 months
UGA,2023,PCV10,2,,General/routine,NATIONAL,W10,6 weeks - 11 months
UGA,2023,PCV10,3,,General/routine,NATIONAL,W14,6 weeks - 11 months
UGA,2023,ROTAVIRUS_1,1,,General/routine,NATIONAL,W6,
UGA,2023,ROTAVIRUS_1,2,,General/routine,NATIONAL,W10,
UGA,2023,TD_S,1,ADULTS,Adults,NATIONAL,1st contact,1st contact women of reproductive age (15-49years)
UGA,2023,TD_S,2,ADULTS,Adults,NATIONAL,+M1,1st contact women of reproductive age (15-49years)
UGA,2023,TD_S,3,ADULTS,Adults,NATIONAL,+M6,1st contact women of reproductive age (15-49years)
UGA,2023,TD_S,4,ADULTS,Adults,NATIONAL,+Y1,1st contact women of reproductive age (15-49years)
UGA,2023,TD_S,5,ADULTS,Adults,NATIONAL,+Y1,1st contact women of reproductive age (15-49years)
UGA,2023,TD_S,1,,General/routine,NATIONAL,Y15-Y49,1st contact women of reproductive age (15-49years)
UGA,2023,TD_S,2,,General/routine,NATIONAL,+M1,1st contact women of reproductive age (15-49years)
UGA,2023,TD_S,3,,General/routine,NATIONAL,+M6,1st contact women of reproductive age (15-49years)
UGA,2023,TD_S,4,,General/routine,NATIONAL,+Y1,1st contact women of reproductive age (15-49years)
UGA,2023,TD_S,5,,General/routine,NATIONAL,+Y1,1st contact women of reproductive age (15-49years)
UGA,2023,YF,1,,General/routine,NATIONAL,M9,
UKR,2023,BCG,1,,General/routine,NATIONAL,D3,
UKR,2023,DT,1,B_CHILD_W,General/routine,NATIONAL,Y6,
UKR,2023,DTWP,2,,General/routine,NATIONAL,M4,
UKR,2023,DTWP,3,,General/routine,NATIONAL,M6,
UKR,2023,DTWP,4,B_2YL_W,General/routine,NATIONAL,M18,
UKR,2023,DTWPHIBHEPB,1,,General/routine,NATIONAL,M2,
UKR,2023,HEPB_PEDIATRIC,1,,General/routine,NATIONAL,D1,
UKR,2023,HEPB_PEDIATRIC,3,,General/routine,NATIONAL,M6,
UKR,2023,HIB,2,,General/routine,NATIONAL,M4,
UKR,2023,HIB,3,,General/routine,NATIONAL,M12,
UKR,2023,INFLUENZA_ADULT,1,ADULTS,Adults,NATIONAL,>Y18,and older persons 65+
UKR,2023,INFLUENZA_ADULT,1,HW,Health workers,NATIONAL,,Health and care workers
UKR,2023,INFLUENZA_ADULT,1,PW,Pregnant women,NATIONAL,,Pregnant women
UKR,2023,INFLUENZA_ADULT,1,RISKGROUPS,Risk group(s),NATIONAL,,"Adults with chronic conditions, residents living in long-term care facilities, other groups"
UKR,2023,INFLUENZA_PEDIATRIC,1,,General/routine,NATIONAL,>=M6,
UKR,2023,INFLUENZA_PEDIATRIC,1,RISKGROUPS,Risk group(s),NATIONAL,,Children with chronic conditions
UKR,2023,IPV,1,,General/routine,NATIONAL,M2,
UKR,2023,IPV,2,,General/routine,NATIONAL,M4,
UKR,2023,MMR,1,,General/routine,NATIONAL,M12,
UKR,2023,MMR,2,,General/routine,NATIONAL,Y6,
UKR,2023,OPV,3,,General/routine,NATIONAL,M6,
UKR,2023,OPV,4,,General/routine,NATIONAL,M18,
UKR,2023,OPV,5,,General/routine,NATIONAL,Y6,
UKR,2023,OPV,6,,General/routine,NATIONAL,Y14,
UKR,2023,TD_S,2,ADULTS,Adults,NATIONAL,Y26,?????? 10 ???
UKR,2023,TD_S,3,ADULTS,Adults,NATIONAL,Y36,?????? 10 ???
UKR,2023,TD_S,4,ADULTS,Adults,NATIONAL,Y46,?????? 10 ???
UKR,2023,TD_S,5,ADULTS,Adults,NATIONAL,Y56,?????? 10 ???
UKR,2023,TD_S,6,ADULTS,Adults,NATIONAL,Y66,?????? 10 ???
UKR,2023,TD_S,1,B_ADO_F,General/routine,NATIONAL,Y16,
URY,2023,BCG,1,,General/routine,NATIONAL,B,
URY,2023,DT,1,RISKGROUPS,Risk group(s),NATIONAL,M2,Nios que no pueden recibir componente pertussis incluido en vacuna pentavalente
URY,2023,DT,2,RISKGROUPS,Risk group(s),NATIONAL,M4,Nios que no pueden recibir componente pertussis incluido en vacuna pentavalente
URY,2023,DT,3,RISKGROUPS,Risk group(s),NATIONAL,M6,Nios que no pueden recibir componente pertussis incluido en vacuna pentavalente
URY,2023,DT,4,RISKGROUPS,Risk group(s),NATIONAL,M15,Nios que no pueden recibir componente pertussis incluido en vacuna pentavalente
URY,2023,DTWP,5,B_CHILD_W,General/routine,NATIONAL,Y5,
URY,2023,DTWPHIBHEPB,1,,General/routine,NATIONAL,M2,
URY,2023,DTWPHIBHEPB,2,,General/routine,NATIONAL,M4,
URY,2023,DTWPHIBHEPB,3,,General/routine,NATIONAL,M6,
URY,2023,DTWPHIBHEPB,4,B_2YL_W,General/routine,NATIONAL,M15,
URY,2023,HEPA_ADULT,1,HW,Health workers,NATIONAL,,"A partir de los 10 aos en grupos de riesgo (2 dosis separadas por 6 meses entre ellas): hepatopata crnica (si suceptible: sin antecedente de enfermedad con serologa negativa), hombres que tienen sexo con hombres, personas trans, trabajadores de la salud con riesgo de exposicin"
URY,2023,HEPA_ADULT,1,RISKGROUPS,Risk group(s),NATIONAL,>=Y10,"A partir de los 10 aos en grupos de riesgo (2 dosis separadas por 6 meses entre ellas): hepatopata crnica (si suceptible: sin antecedente de enfermedad con serologa negativa), hombres que tienen sexo con hombres, personas trans, trabajadores de la salud con riesgo de exposicin"
URY,2023,HEPA_ADULT,2,RISKGROUPS,Risk group(s),NATIONAL,>=Y10,"A partir de los 10 aos en grupos de riesgo (2 dosis separadas por 6 meses entre ellas): hepatopata crnica (si suceptible: sin antecedente de enfermedad con serologa negativa), hombres que tienen sexo con hombres, personas trans, trabajadores de la salud con riesgo de exposicin"
URY,2023,HEPA_PEDIATRIC,1,,General/routine,NATIONAL,M15,
URY,2023,HEPA_PEDIATRIC,2,,General/routine,NATIONAL,M21,
URY,2023,HEPB_ADULT,1,HW,Health workers,NATIONAL,,Trabajadores de salud y otros grupos de riesgo que no fueron inmunizados en las cohortes previas. El esquema se refiere que a partir de los 12 aos se administra la dosis de adulto en aquellas personas quienes no hayan recibido la vacuna pentavalente (por ejemplo: poblacin migrante) o aquellas personas nacidas antes de la implementacin de la vacuna pentavalente que contiene componente contra Hepatitis B.
URY,2023,HEPB_ADULT,1,RISKGROUPS,Risk group(s),NATIONAL,>=Y12,Trabajadores de salud y otros grupos de riesgo que no fueron inmunizados en las cohortes previas. El esquema se refiere que a partir de los 12 aos se administra la dosis de adulto en aquellas personas quienes no hayan recibido la vacuna pentavalente (por ejemplo: poblacin migrante) o aquellas personas nacidas antes de la implementacin de la vacuna pentavalente que contiene componente contra Hepatitis B.
URY,2023,HEPB_PEDIATRIC,1,RISKGROUPS,Risk group(s),NATIONAL,M2,"Nios que no pueden recibir componente pertussis. Recin nacidos de madre seropositiva. Para este grupo, se indica media dosis de la vacuna empleada en adultos."
URY,2023,HEPB_PEDIATRIC,2,RISKGROUPS,Risk group(s),NATIONAL,M4,"Nios que no pueden recibir componente pertussis. Recin nacidos de madre seropositiva. Para este grupo, se indica media dosis de la vacuna empleada en adultos."
URY,2023,HEPB_PEDIATRIC,3,RISKGROUPS,Risk group(s),NATIONAL,M6,"Nios que no pueden recibir componente pertussis. Recin nacidos de madre seropositiva. Para este grupo, se indica media dosis de la vacuna empleada en adultos."
URY,2023,HEPB_PEDIATRIC,4,RISKGROUPS,Risk group(s),NATIONAL,M15,"Nios que no pueden recibir componente pertussis. Recin nacidos de madre seropositiva. Para este grupo, se indica media dosis de la vacuna empleada en adultos."
URY,2023,HIB,1,RISKGROUPS,Risk group(s),NATIONAL,M2,"Nios que no pueden recibir componente pertussis, esplenectomizados"
URY,2023,HIB,2,RISKGROUPS,Risk group(s),NATIONAL,M4,"Nios que no pueden recibir componente pertussis, esplenectomizados"
URY,2023,HIB,3,RISKGROUPS,Risk group(s),NATIONAL,M6,"Nios que no pueden recibir componente pertussis, esplenectomizados"
URY,2023,HIB,4,RISKGROUPS,Risk group(s),NATIONAL,M15,"Nios que no pueden recibir componente pertussis, esplenectomizados"
URY,2023,HPV4,1,BOTH,HPV administered to females and males,NATIONAL,Y11,"A partitr de 2022 la vacunacin contra el VPH se administra entre los 11 y 26 aos de vida tanto a mujeres como varones. El esquema tanto para hombres y mujeres inmunocompetentes entre 11 y 26 aos es de 2 dosis. Para inmuncomprometidos a partir de los 9 aos y hasta los 26, es de 3 dosis."
URY,2023,HPV4,2,BOTH,HPV administered to females and males,NATIONAL,+M6,"A partitr de 2022 la vacunacin contra el VPH se administra entre los 11 y 26 aos de vida tanto a mujeres como varones. El esquema tanto para hombres y mujeres inmunocompetentes entre 11 y 26 aos es de 2 dosis. Para inmuncomprometidos a partir de los 9 aos y hasta los 26, es de 3 dosis."
URY,2023,HPV4,1,RISKGROUPS,Risk group(s),NATIONAL,Y9-Y26,"A partitr de 2022 la vacunacin contra el VPH se administra entre los 11 y 26 aos de vida tanto a mujeres como varones. El esquema tanto para hombres y mujeres inmunocompetentes entre 11 y 26 aos es de 2 dosis. Para inmuncomprometidos a partir de los 9 aos y hasta los 26, es de 3 dosis."
URY,2023,INFLUENZA_ADULT,1,ADULTS,Adults,NATIONAL,>Y18,and older persons >=Y65
URY,2023,INFLUENZA_ADULT,1,HW,Health workers,NATIONAL,,Health and care workers
URY,2023,INFLUENZA_ADULT,1,PW,Pregnant women,NATIONAL,,Pregnant women
URY,2023,INFLUENZA_ADULT,1,RISKGROUPS,Risk group(s),NATIONAL,,"Adults with chronic conditions, residents living in long-term care facilities, other groups"
URY,2023,INFLUENZA_PEDIATRIC,1,,General/routine,NATIONAL,M6-Y2,
URY,2023,INFLUENZA_PEDIATRIC,2,,General/routine,NATIONAL,>=Y3,
URY,2023,INFLUENZA_PEDIATRIC,1,RISKGROUPS,Risk group(s),NATIONAL,,Children with chronic conditions
URY,2023,IPV,1,,General/routine,NATIONAL,M2,
URY,2023,IPV,2,,General/routine,NATIONAL,M4,
URY,2023,IPV,3,,General/routine,NATIONAL,M6,
URY,2023,IPV,4,,General/routine,NATIONAL,Y5,
URY,2023,MEN_ACYW_135CONJ,1,HW,Health workers,NATIONAL,,"Personal de salud en contacto con muestras (personal de laboratorio de microbiologa), esplenectomizado, personas con asplenia funcional, usuarios de eculizumab"
URY,2023,MEN_ACYW_135CONJ,1,RISKGROUPS,Risk group(s),NATIONAL,,"Personal de salud en contacto con muestras (personal de laboratorio de microbiologa), esplenectomizado, personas con asplenia funcional, usuarios de eculizumab"
URY,2023,MMR,1,,General/routine,NATIONAL,M12,
URY,2023,MMR,2,,General/routine,NATIONAL,M15,
URY,2023,MMR,1,RISKGROUPS,Risk group(s),,>=Y5,Toda persona nacida a partir de 1967 deber administrarse o completar 2 dosis de vacuna con componente anti sarampin con un intervalo de 4 semanas entre ellas.
URY,2023,MMR,2,RISKGROUPS,Risk group(s),,>=Y5,Toda persona nacida a partir de 1967 deber administrarse o completar 2 dosis de vacuna con componente anti sarampin con un intervalo de 4 semanas entre ellas.
URY,2023,PCV13,1,,General/routine,NATIONAL,M2,
URY,2023,PCV13,2,,General/routine,NATIONAL,M4,
URY,2023,PCV13,3,,General/routine,NATIONAL,Y1,
URY,2023,PCV13,1,RISKGROUPS,Risk group(s),NATIONAL,,"Pacientes inmunodeprimidos, se administra 1 dosis de PCV 13"
URY,2023,PPV23,1,RISKGROUPS,Risk group(s),NATIONAL,,En personas con comorbilidades se administra un esquema combinado de 2 dosis de vacuna con componente antineumoccico: 1 dosis de PCV13 y 8 semanas despus 1 dosis de PSV23.
URY,2023,TD_S,1,ADULTS,Adults,NATIONAL,Y45,5 dosis registradas o ms reciben una dosis a los 45 y a los  65 aos.
URY,2023,TD_S,2,ADULTS,Adults,NATIONAL,Y65,5 dosis registradas o ms reciben una dosis a los 45 y a los  65 aos.
URY,2023,TDAP_S,6,B_ADO_W,General/routine,NATIONAL,Y11,
URY,2023,TDAP_S,1,HW,Health workers,NATIONAL,,"Embarazadas, personal de salud y otros grupos de riesgo. Se administra 1 dosis a las embarazadas a partir de la semana 28 de gestacin. En personal de salud y otros grupos de riesgo de administra 1 dosis como refuerzo del esquema antitetnico recibido."
URY,2023,TDAP_S,1,PW,Pregnant women,NATIONAL,,"Embarazadas, personal de salud y otros grupos de riesgo. Se administra 1 dosis a las embarazadas a partir de la semana 28 de gestacin. En personal de salud y otros grupos de riesgo de administra 1 dosis como refuerzo del esquema antitetnico recibido."
URY,2023,TDAP_S,1,RISKGROUPS,Risk group(s),NATIONAL,,"Embarazadas, personal de salud y otros grupos de riesgo. Se administra 1 dosis a las embarazadas a partir de la semana 28 de gestacin. En personal de salud y otros grupos de riesgo de administra 1 dosis como refuerzo del esquema antitetnico recibido."
URY,2023,VARICELLA,1,,General/routine,NATIONAL,Y1,
URY,2023,VARICELLA,2,,General/routine,NATIONAL,Y5,
URY,2023,YF,1,TRAVELLERS,Travellers,NATIONAL,M9-Y60,">9 meses y adultos hasta 60 aos que viajan a zonas endmicas (Si bien la vacuna no se administra de forma sistemtica, se pueden vacunar desde los 6 meses)"
USA,2023,ANTHRAX,1,RISKGROUPS,Risk group(s),,,Persons at risk of or already exposed to disease either occupational or bioterroism
USA,2023,CHOLERA,1,RISKGROUPS,Risk group(s),NATIONAL,Y2-Y18,"at-risk persons, for travellers to cholera-epidemic or cholera-endemic areas"
USA,2023,CHOLERA,1,TRAVELLERS,Travellers,NATIONAL,Y2-Y18,"at-risk persons, for travellers to cholera-epidemic or cholera-endemic areas"
USA,2023,DENGUE,1,RISKGROUPS,Risk group(s),SUBNATIONAL,Y9,
USA,2023,DENGUE,2,RISKGROUPS,Risk group(s),SUBNATIONAL,+M6,
USA,2023,DENGUE,3,RISKGROUPS,Risk group(s),SUBNATIONAL,+M6,
USA,2023,DT,1,RISKGROUPS,Risk group(s),NATIONAL,M2,contraindication to pertussis component
USA,2023,DT,2,RISKGROUPS,Risk group(s),NATIONAL,M4,contraindication to pertussis component
USA,2023,DT,3,RISKGROUPS,Risk group(s),NATIONAL,M6,contraindication to pertussis component
USA,2023,DT,4,RISKGROUPS,Risk group(s),NATIONAL,Y4,contraindication to pertussis component
USA,2023,DTAP,1,,General/routine,NATIONAL,M2,
USA,2023,DTAP,2,,General/routine,NATIONAL,M4,
USA,2023,DTAP,3,,General/routine,NATIONAL,M6,
USA,2023,DTAP,4,B_2YL_W,General/routine,NATIONAL,M15,
USA,2023,DTAP,5,B_CHILD_W,General/routine,NATIONAL,Y4,
USA,2023,DTAPHEPBIPV,1,,General/routine,NATIONAL,M2,
USA,2023,DTAPHEPBIPV,2,,General/routine,NATIONAL,M4,
USA,2023,DTAPHEPBIPV,3,,General/routine,NATIONAL,M6,
USA,2023,DTAPHIBHEPBIPV,1,,General/routine,NATIONAL,M2,
USA,2023,DTAPHIBHEPBIPV,2,,General/routine,NATIONAL,M4,
USA,2023,DTAPHIBHEPBIPV,3,,General/routine,NATIONAL,M6,
USA,2023,DTAPHIBIPV,1,,General/routine,NATIONAL,M2,
USA,2023,DTAPHIBIPV,2,,General/routine,NATIONAL,M4,
USA,2023,DTAPHIBIPV,3,,General/routine,NATIONAL,M6,
USA,2023,DTAPHIBIPV,4,B_2YL_W,General/routine,NATIONAL,M15,
USA,2023,DTAPIPV,1,B_CHILD_W,General/routine,NATIONAL,Y4,
USA,2023,EBOLA,1,RISKGROUPS,Risk group(s),NATIONAL,Y18,"Only for persons working in Ebola treatment centers, Special Pathogen Treatment Centers, Biosafety Level 3 Laboratories, or Laboratory Response Network"
USA,2023,HEPA_ADULT,1,ADULTS,Adults,NATIONAL,Y19,
USA,2023,HEPA_ADULT,2,ADULTS,Adults,NATIONAL,+M6,
USA,2023,HEPA_HEPB,1,RISKGROUPS,Risk group(s),NATIONAL,Y18,3 or 4 doses depending on usage: 4-dose travel series to expedite administration of early doses
USA,2023,HEPA_HEPB,2,RISKGROUPS,Risk group(s),NATIONAL,+M1,3 or 4 doses depending on usage: 4-dose travel series to expedite administration of early doses
USA,2023,HEPA_HEPB,3,RISKGROUPS,Risk group(s),NATIONAL,+M6,3 or 4 doses depending on usage: 4-dose travel series to expedite administration of early doses
USA,2023,HEPA_PEDIATRIC,1,,General/routine,NATIONAL,M12,
USA,2023,HEPA_PEDIATRIC,2,,General/routine,NATIONAL,M18,
USA,2023,HEPB_ADULT,1,ADULTS,Adults,NATIONAL,Y19,2 or 3 doses depending on vaccine
USA,2023,HEPB_ADULT,2,ADULTS,Adults,NATIONAL,+M1,2 or 3 doses depending on vaccine
USA,2023,HEPB_ADULT,3,ADULTS,Adults,NATIONAL,+M4,2 or 3 doses depending on vaccine
USA,2023,HEPB_PEDIATRIC,2,,General/routine,NATIONAL,M1,
USA,2023,HEPB_PEDIATRIC,3,,General/routine,NATIONAL,M6,
USA,2023,HEPB_PEDIATRIC,1,,General/routine,NATIONAL,B,
USA,2023,HIB,1,,General/routine,NATIONAL,M2,3 or 4 doses depending on vaccine
USA,2023,HIB,2,,General/routine,NATIONAL,M4,3 or 4 doses depending on vaccine
USA,2023,HIB,3,,General/routine,NATIONAL,M6,3 or 4 doses depending on vaccine
USA,2023,HIB,4,,General/routine,NATIONAL,M12,3 or 4 doses depending on vaccine
USA,2023,HPV9,1,BOTH,HPV administered to females and males,NATIONAL,Y11-Y12,"females and males; if 1st dose is administered at <15 years and no risk groups then x2 doses with interval 6-12 months; if the 1st dose is administered >=15 years or for risk groups x3 doses with an interval of 0, 1, 6 months"
USA,2023,HPV9,2,BOTH,HPV administered to females and males,NATIONAL,+M6,"females and males; if 1st dose is administered at <15 years and no risk groups then x2 doses with interval 6-12 months; if the 1st dose is administered >=15 years or for risk groups x3 doses with an interval of 0, 1, 6 months"
USA,2023,HPV9,3,RISKGROUPS,Risk group(s),NATIONAL,,"females and males; if 1st dose is administered at <15 years and no risk groups then x2 doses with interval 6-12 months; if the 1st dose is administered >=15 years or for risk groups x3 doses with an interval of 0, 1, 6 months"
USA,2023,IPV,1,,General/routine,NATIONAL,M2,
USA,2023,IPV,2,,General/routine,NATIONAL,M4,
USA,2023,IPV,3,,General/routine,NATIONAL,M6,
USA,2023,IPV,4,,General/routine,NATIONAL,Y4,
USA,2023,JE_INACTD,1,RISKGROUPS,Risk group(s),NATIONAL,M2,at-risk persons
USA,2023,JE_INACTD,2,RISKGROUPS,Risk group(s),NATIONAL,+M1,at-risk persons
USA,2023,MEN_ACYW_135CONJ,1,,General/routine,NATIONAL,Y11,
USA,2023,MEN_ACYW_135CONJ,2,,General/routine,NATIONAL,Y16,
USA,2023,MEN_ACYW_135CONJ,3,RISKGROUPS,Risk group(s),NATIONAL,+Y5,at-risk persons
USA,2023,MEN_B,1,RISKGROUPS,Risk group(s),NATIONAL,M2,"High risk for invasive meningococcal B disease, and at Y10, +M1, +M6 for high risk groups of meningococcal disease (3rd dose depend on vaccine brand)"
USA,2023,MEN_B,2,RISKGROUPS,Risk group(s),NATIONAL,M4,"High risk for invasive meningococcal B disease, and at Y10, +M1, +M6 for high risk groups of meningococcal disease (3rd dose depend on vaccine brand)"
USA,2023,MEN_B,3,RISKGROUPS,Risk group(s),NATIONAL,M6,"High risk for invasive meningococcal B disease, and at Y10, +M1, +M6 for high risk groups of meningococcal disease (3rd dose depend on vaccine brand)"
USA,2023,MEN_B,4,RISKGROUPS,Risk group(s),NATIONAL,M12,"High risk for invasive meningococcal B disease, and at Y10, +M1, +M6 for high risk groups of meningococcal disease (3rd dose depend on vaccine brand)"
USA,2023,MMR,1,,General/routine,NATIONAL,M12,
USA,2023,MMR,2,,General/routine,NATIONAL,Y4,
USA,2023,MMRV,1,,General/routine,NATIONAL,M12,
USA,2023,MMRV,2,,General/routine,NATIONAL,Y4,
USA,2023,PCV_15_VALENT,1,ADULTS,Adults,,Y65,
USA,2023,PCV_15_VALENT,1,,General/routine,,,Administered as an option for children routinely as an alternative to PCV13
USA,2023,PCV13,1,,General/routine,NATIONAL,M2,
USA,2023,PCV13,2,,General/routine,NATIONAL,M4,
USA,2023,PCV13,3,,General/routine,NATIONAL,M6,
USA,2023,PCV13,4,,General/routine,NATIONAL,M12,
USA,2023,PCV20,1,ADULTS,Adults,NATIONAL,Y65,
USA,2023,PPV23,1,ADULTS,Adults,NATIONAL,Y66,
USA,2023,PPV23,2,RISKGROUPS,Risk group(s),NATIONAL,Y7,and at Y2 and Y7 for high risk for invasive pneumococcal disease
USA,2023,PPV23,1,RISKGROUPS,Risk group(s),NATIONAL,Y2,and at Y2 and Y7 for high risk for invasive pneumococcal disease
USA,2023,ROTAVIRUS_1,1,,General/routine,NATIONAL,M2,2 or 3 doses depending on vaccine
USA,2023,ROTAVIRUS_1,2,,General/routine,NATIONAL,M4,2 or 3 doses depending on vaccine
USA,2023,ROTAVIRUS_5,1,,General/routine,NATIONAL,M2,2 or 3 doses depending on vaccine
USA,2023,ROTAVIRUS_5,2,,General/routine,NATIONAL,M4,2 or 3 doses depending on vaccine
USA,2023,ROTAVIRUS_5,3,,General/routine,NATIONAL,M6,2 or 3 doses depending on vaccine
USA,2023,TD_S,1,ADULTS,Adults,NATIONAL,Y21,Tdap can be substituded
USA,2023,TD_S,2,ADULTS,Adults,NATIONAL,+Y10,Tdap can be substituded
USA,2023,TDAP_S,1,ADULTS,Adults,NATIONAL,Y21,"Can be substituded for Td vaccine for adults (Y21, +Y10)"
USA,2023,TDAP_S,2,ADULTS,Adults,NATIONAL,+Y10,"Can be substituded for Td vaccine for adults (Y21, +Y10)"
USA,2023,TDAP_S,1,B_ADO_W,General/routine,NATIONAL,Y11-Y12,
USA,2023,TDAP_S,1,PW,Pregnant women,NATIONAL,,every pregnancy for women
USA,2023,TYPHOID_CONJ,1,TRAVELLERS,Travellers,NATIONAL,Y6,For high-risk travelers - ongoing every 5 years if at continued high-risk
USA,2023,TYPHOID_CONJ,2,TRAVELLERS,Travellers,NATIONAL,+Y5,For high-risk travelers - ongoing every 5 years if at continued high-risk
USA,2023,TYPHOID_PS,1,RISKGROUPS,Risk group(s),NATIONAL,Y2,at-risk persons
USA,2023,VARICELLA,1,,General/routine,NATIONAL,M12,
USA,2023,VARICELLA,2,,General/routine,NATIONAL,Y4,
USA,2023,YF,1,RISKGROUPS,Risk group(s),NATIONAL,M9,at-risk persons
USA,2023,ZOSTER,1,ADULTS,Adults,NATIONAL,Y50,
USA,2023,ZOSTER,2,ADULTS,Adults,NATIONAL,+M2,
UZB,2023,BCG,1,,General/routine,NATIONAL,D3,?????????????
UZB,2023,DTWP,4,B_2YL_W,General/routine,NATIONAL,M16,???? ?? 1 ????
UZB,2023,DTWPHIBHEPB,1,,General/routine,NATIONAL,M2,???? ?? 1 ???? ? 1-2 ???? ? ???? ????????? ????????
UZB,2023,DTWPHIBHEPB,2,,General/routine,NATIONAL,M3,???? ?? 1 ???? ? 1-2 ???? ? ???? ????????? ????????
UZB,2023,DTWPHIBHEPB,3,,General/routine,NATIONAL,M4,???? ?? 1 ???? ? 1-2 ???? ? ???? ????????? ????????
UZB,2023,HEPB_PEDIATRIC,1,,General/routine,NATIONAL,B,1 ?????; ???? ?? 1 ????
UZB,2023,HPV4,1,FEMALE,HPV for females only,NATIONAL,Y9,???????
UZB,2023,HPV4,2,FEMALE,HPV for females only,NATIONAL,+M6,???????
UZB,2023,INFLUENZA_ADULT,1,ADULTS,Adults,NATIONAL,,Older persons
UZB,2023,INFLUENZA_ADULT,1,HW,Health workers,NATIONAL,,Health and care workers
UZB,2023,INFLUENZA_ADULT,1,RISKGROUPS,Risk group(s),NATIONAL,,Residents living in long-term care facilities
UZB,2023,INFLUENZA_PEDIATRIC,1,,General/routine,NATIONAL,,???? ???????????? ?? ?????????? ????? 3-4 ??????
UZB,2023,IPV,1,,General/routine,NATIONAL,M4,???? ?? 1 ????
UZB,2023,IPV,2,,General/routine,NATIONAL,M9,???? ?? 1 ????
UZB,2023,MMR,1,,General/routine,NATIONAL,M12,???? 12 ??????? ? 6 ???
UZB,2023,MMR,2,,General/routine,NATIONAL,Y6,???? 12 ??????? ? 6 ???
UZB,2023,OPV,1,,General/routine,NATIONAL,M2,???? ?? 7 ???
UZB,2023,OPV,2,,General/routine,NATIONAL,M3,???? ?? 7 ???
UZB,2023,OPV,3,,General/routine,NATIONAL,M4,???? ?? 7 ???
UZB,2023,OPV,4,,General/routine,NATIONAL,M16,???? ?? 7 ???
UZB,2023,OPV,5,,General/routine,NATIONAL,Y7,???? ?? 7 ???
UZB,2023,PCV10,1,,General/routine,NATIONAL,M2,???? ?? 2 ???
UZB,2023,PCV10,2,,General/routine,NATIONAL,M3,???? ?? 2 ???
UZB,2023,PCV10,3,,General/routine,NATIONAL,M12,???? ?? 2 ???
UZB,2023,ROTAVIRUS_5,1,,General/routine,NATIONAL,M2,???? ?? 1 ????
UZB,2023,ROTAVIRUS_5,2,,General/routine,NATIONAL,M3,???? ?? 1 ????
UZB,2023,ROTAVIRUS_5,3,,General/routine,NATIONAL,,???? ?? 1 ????
UZB,2023,TD_S,5,B_CHILD_W,General/routine,NATIONAL,Y7,???? ????????? ????????
UZB,2023,TD_S,6,B_ADO_F,General/routine,NATIONAL,Y16,???? ????????? ????????
VCT,2023,BCG,1,,General/routine,NATIONAL,B-M12,Birth up to 1 year
VCT,2023,DT,5,B_CHILD_W,General/routine,NATIONAL,Y4,
VCT,2023,DTWP,4,B_2YL_W,General/routine,NATIONAL,M18,
VCT,2023,DTWPHIBHEPB,1,,General/routine,NATIONAL,M2,0-11 months
VCT,2023,DTWPHIBHEPB,2,,General/routine,NATIONAL,M4,0-11 months
VCT,2023,DTWPHIBHEPB,3,,General/routine,NATIONAL,M6,0-11 months
VCT,2023,HEPB_ADULT,1,RISKGROUPS,Risk group(s),NATIONAL,1st contact,Adults with no doccumented evidence of HepB
VCT,2023,HEPB_ADULT,2,RISKGROUPS,Risk group(s),NATIONAL,+M1,Adults with no doccumented evidence of HepB
VCT,2023,HEPB_ADULT,3,RISKGROUPS,Risk group(s),NATIONAL,+M5,Adults with no doccumented evidence of HepB
VCT,2023,HEPB_PEDIATRIC,1,,General/routine,NATIONAL,B,
VCT,2023,HPV2,1,FEMALE,HPV for females only,NATIONAL,Y11-Y12,Up to 20 years
VCT,2023,IPV,1,,General/routine,NATIONAL,M2,and immunocompromised children
VCT,2023,IPV,2,,General/routine,NATIONAL,M4,and immunocompromised children
VCT,2023,IPV,1,RISKGROUPS,Risk group(s),NATIONAL,,Immunocompromised children
VCT,2023,MMR,1,,General/routine,NATIONAL,M12,
VCT,2023,MMR,2,,General/routine,NATIONAL,M18,
VCT,2023,MR,1,ADULTS,Adults,NATIONAL,,Adults (like seafarers going to study)
VCT,2023,MR,1,,General/routine,NATIONAL,>Y10,
VCT,2023,MR,1,RISKGROUPS,Risk group(s),NATIONAL,,Adults (like seafarers going to study)
VCT,2023,OPV,3,,General/routine,NATIONAL,M6,
VCT,2023,OPV,4,,General/routine,NATIONAL,M18,
VCT,2023,OPV,5,,General/routine,NATIONAL,Y4,
VCT,2023,TD_S,6,B_ADO_W,General/routine,NATIONAL,Y10,
VCT,2023,YF,1,TRAVELLERS,Travellers,NATIONAL,1st contact,Travellers travelling to countries endemic to Yellow Fever
VEN,2023,BCG,1,,General/routine,NATIONAL,B,< 1 ao
VEN,2023,DTWPHIBHEPB,1,,General/routine,NATIONAL,M2,"MENORES 1 AO, 1 AO Y 5 AOS."
VEN,2023,DTWPHIBHEPB,2,,General/routine,NATIONAL,M4,"MENORES 1 AO, 1 AO Y 5 AOS."
VEN,2023,DTWPHIBHEPB,3,,General/routine,NATIONAL,M6,"MENORES 1 AO, 1 AO Y 5 AOS."
VEN,2023,DTWPHIBHEPB,4,B_2YL_W,General/routine,NATIONAL,M18,"MENORES 1 AO, 1 AO Y 5 AOS."
VEN,2023,DTWPHIBHEPB,5,B_CHILD_W,General/routine,NATIONAL,Y5,"MENORES 1 AO, 1 AO Y 5 AOS."
VEN,2023,HEPB_ADULT,1,HW,Health workers,NATIONAL,1st contact,"Embarazadas, Personal de Salud, Privados de Libertad, Trabajadores sexuales, Pacientes en Dilisis.  Debido a las dificultades financieras de los ltimos aos estas vacunas no se han podido adquirir desde el 2018. Se hacen esfuerzos para la reintroduccin al esquema de estos biolgicos prximamente"
VEN,2023,HEPB_ADULT,2,HW,Health workers,NATIONAL,+M1,"Embarazadas, Personal de Salud, Privados de Libertad, Trabajadores sexuales, Pacientes en Dilisis.  Debido a las dificultades financieras de los ltimos aos estas vacunas no se han podido adquirir desde el 2018. Se hacen esfuerzos para la reintroduccin al esquema de estos biolgicos prximamente"
VEN,2023,HEPB_ADULT,3,HW,Health workers,NATIONAL,+M6,"Embarazadas, Personal de Salud, Privados de Libertad, Trabajadores sexuales, Pacientes en Dilisis.  Debido a las dificultades financieras de los ltimos aos estas vacunas no se han podido adquirir desde el 2018. Se hacen esfuerzos para la reintroduccin al esquema de estos biolgicos prximamente"
VEN,2023,HEPB_ADULT,3,PW,Pregnant women,NATIONAL,+M6,"Embarazadas, Personal de Salud, Privados de Libertad, Trabajadores sexuales, Pacientes en Dilisis.  Debido a las dificultades financieras de los ltimos aos estas vacunas no se han podido adquirir desde el 2018. Se hacen esfuerzos para la reintroduccin al esquema de estos biolgicos prximamente"
VEN,2023,HEPB_ADULT,2,PW,Pregnant women,NATIONAL,+M1,"Embarazadas, Personal de Salud, Privados de Libertad, Trabajadores sexuales, Pacientes en Dilisis.  Debido a las dificultades financieras de los ltimos aos estas vacunas no se han podido adquirir desde el 2018. Se hacen esfuerzos para la reintroduccin al esquema de estos biolgicos prximamente"
VEN,2023,HEPB_ADULT,1,PW,Pregnant women,NATIONAL,1st contact,"Embarazadas, Personal de Salud, Privados de Libertad, Trabajadores sexuales, Pacientes en Dilisis.  Debido a las dificultades financieras de los ltimos aos estas vacunas no se han podido adquirir desde el 2018. Se hacen esfuerzos para la reintroduccin al esquema de estos biolgicos prximamente"
VEN,2023,HEPB_ADULT,1,RISKGROUPS,Risk group(s),NATIONAL,1st contact,"Embarazadas, Personal de Salud, Privados de Libertad, Trabajadores sexuales, Pacientes en Dilisis.  Debido a las dificultades financieras de los ltimos aos estas vacunas no se han podido adquirir desde el 2018. Se hacen esfuerzos para la reintroduccin al esquema de estos biolgicos prximamente"
VEN,2023,HEPB_ADULT,2,RISKGROUPS,Risk group(s),NATIONAL,+M1,"Embarazadas, Personal de Salud, Privados de Libertad, Trabajadores sexuales, Pacientes en Dilisis.  Debido a las dificultades financieras de los ltimos aos estas vacunas no se han podido adquirir desde el 2018. Se hacen esfuerzos para la reintroduccin al esquema de estos biolgicos prximamente"
VEN,2023,HEPB_ADULT,3,RISKGROUPS,Risk group(s),NATIONAL,+M6,"Embarazadas, Personal de Salud, Privados de Libertad, Trabajadores sexuales, Pacientes en Dilisis.  Debido a las dificultades financieras de los ltimos aos estas vacunas no se han podido adquirir desde el 2018. Se hacen esfuerzos para la reintroduccin al esquema de estos biolgicos prximamente"
VEN,2023,HEPB_PEDIATRIC,1,,General/routine,NATIONAL,B,DENTRO DE LAS PRIMERAS 24 HORAS DE NACIDO
VEN,2023,IPV,1,,General/routine,NATIONAL,M2,< 1 ao
VEN,2023,IPV,2,,General/routine,NATIONAL,M4,< 1 ao
VEN,2023,MEN_BC,1,HW,Health workers,NATIONAL,1st contact,"Se usa para control de brotes a partir de los 2 aos y en grupos de riesgo para poblaciones concentradas, Personal de Salud, contingente militar y viajeros internacional. No se dispone. Debido a las dificultades financieras de los ltimos aos estas vacunas no se han podido adquirir desde el 2018. Se hacen esfuerzos para la reintroduccin al esquema de estos biolgicos prximamente."
VEN,2023,MEN_BC,2,HW,Health workers,NATIONAL,+M1,"Se usa para control de brotes a partir de los 2 aos y en grupos de riesgo para poblaciones concentradas, Personal de Salud, contingente militar y viajeros internacional. No se dispone. Debido a las dificultades financieras de los ltimos aos estas vacunas no se han podido adquirir desde el 2018. Se hacen esfuerzos para la reintroduccin al esquema de estos biolgicos prximamente."
VEN,2023,MEN_BC,2,RISKGROUPS,Risk group(s),NATIONAL,+M1,"Se usa para control de brotes a partir de los 2 aos y en grupos de riesgo para poblaciones concentradas, Personal de Salud, contingente militar y viajeros internacional. No se dispone. Debido a las dificultades financieras de los ltimos aos estas vacunas no se han podido adquirir desde el 2018. Se hacen esfuerzos para la reintroduccin al esquema de estos biolgicos prximamente."
VEN,2023,MEN_BC,1,RISKGROUPS,Risk group(s),NATIONAL,1st contact,"Se usa para control de brotes a partir de los 2 aos y en grupos de riesgo para poblaciones concentradas, Personal de Salud, contingente militar y viajeros internacional. No se dispone. Debido a las dificultades financieras de los ltimos aos estas vacunas no se han podido adquirir desde el 2018. Se hacen esfuerzos para la reintroduccin al esquema de estos biolgicos prximamente."
VEN,2023,MEN_BC,2,TRAVELLERS,Travellers,NATIONAL,+M1,"Se usa para control de brotes a partir de los 2 aos y en grupos de riesgo para poblaciones concentradas, Personal de Salud, contingente militar y viajeros internacional. No se dispone. Debido a las dificultades financieras de los ltimos aos estas vacunas no se han podido adquirir desde el 2018. Se hacen esfuerzos para la reintroduccin al esquema de estos biolgicos prximamente."
VEN,2023,MEN_BC,1,TRAVELLERS,Travellers,NATIONAL,1st contact,"Se usa para control de brotes a partir de los 2 aos y en grupos de riesgo para poblaciones concentradas, Personal de Salud, contingente militar y viajeros internacional. No se dispone. Debido a las dificultades financieras de los ltimos aos estas vacunas no se han podido adquirir desde el 2018. Se hacen esfuerzos para la reintroduccin al esquema de estos biolgicos prximamente."
VEN,2023,MMR,2,,General/routine,NATIONAL,M18,"12 MESES , 18 MESES"
VEN,2023,MMR,1,,General/routine,NATIONAL,M12,"12 MESES , 18 MESES"
VEN,2023,MMR,1,TRAVELLERS,Travellers,NATIONAL,Y6-Y39,Una dosis a viajeros internacionales segn antecedente vacunal
VEN,2023,OPV,5,,General/routine,NATIONAL,Y5,"MENORES 1 AO, 1 AO Y 5 AOS."
VEN,2023,OPV,3,,General/routine,NATIONAL,M6,"MENORES 1 AO, 1 AO Y 5 AOS."
VEN,2023,OPV,4,,General/routine,NATIONAL,M18,"MENORES 1 AO, 1 AO Y 5 AOS."
VEN,2023,PCV13,1,,General/routine,NATIONAL,M2,1 Ao. En el ao 2014 se introdujo la vacuna neumococo. Debido a las dificultades financieras de los ltimos aos esta vacuna no se ha podido adquirir desde el 2018. Se hacen esfuerzos para la reintroduccin al esquema de estos biolgicos prximamente
VEN,2023,PCV13,2,,General/routine,NATIONAL,M4,1 Ao. En el ao 2014 se introdujo la vacuna neumococo. Debido a las dificultades financieras de los ltimos aos esta vacuna no se ha podido adquirir desde el 2018. Se hacen esfuerzos para la reintroduccin al esquema de estos biolgicos prximamente
VEN,2023,PCV13,3,,General/routine,NATIONAL,M18,1 Ao. En el ao 2014 se introdujo la vacuna neumococo. Debido a las dificultades financieras de los ltimos aos esta vacuna no se ha podido adquirir desde el 2018. Se hacen esfuerzos para la reintroduccin al esquema de estos biolgicos prximamente
VEN,2023,RABIES,1,RISKGROUPS,Risk group(s),NATIONAL,1st contact,"Expuestos al virus por contacto con animales probablemente infectados, Profilaxis de trabajadores de salud. En el ao 2006 se introdujo la vacuna contrDebido a las dificultades financieras de los ltimos aos estas vacunas no se han podido adquirir desde el 2018. Se hacen esfuerzos para la reintroduccin al esquema de estos biolgicos prximamente"
VEN,2023,RABIES,2,RISKGROUPS,Risk group(s),NATIONAL,+D3,"Expuestos al virus por contacto con animales probablemente infectados, Profilaxis de trabajadores de salud. En el ao 2006 se introdujo la vacuna contrDebido a las dificultades financieras de los ltimos aos estas vacunas no se han podido adquirir desde el 2018. Se hacen esfuerzos para la reintroduccin al esquema de estos biolgicos prximamente"
VEN,2023,RABIES,3,RISKGROUPS,Risk group(s),NATIONAL,+D7,"Expuestos al virus por contacto con animales probablemente infectados, Profilaxis de trabajadores de salud. En el ao 2006 se introdujo la vacuna contrDebido a las dificultades financieras de los ltimos aos estas vacunas no se han podido adquirir desde el 2018. Se hacen esfuerzos para la reintroduccin al esquema de estos biolgicos prximamente"
VEN,2023,RABIES,4,RISKGROUPS,Risk group(s),NATIONAL,+D14,"Expuestos al virus por contacto con animales probablemente infectados, Profilaxis de trabajadores de salud. En el ao 2006 se introdujo la vacuna contrDebido a las dificultades financieras de los ltimos aos estas vacunas no se han podido adquirir desde el 2018. Se hacen esfuerzos para la reintroduccin al esquema de estos biolgicos prximamente"
VEN,2023,RABIES,5,RISKGROUPS,Risk group(s),NATIONAL,+D28,"Expuestos al virus por contacto con animales probablemente infectados, Profilaxis de trabajadores de salud. En el ao 2006 se introdujo la vacuna contrDebido a las dificultades financieras de los ltimos aos estas vacunas no se han podido adquirir desde el 2018. Se hacen esfuerzos para la reintroduccin al esquema de estos biolgicos prximamente"
VEN,2023,ROTAVIRUS_1,2,,General/routine,NATIONAL,M4,< 1 ao. En el ao 2006 se introdujo la vacuna contra rotavirus. Debido a las dificultades financieras de los ltimos aos esta vacunas no se ha podido adquirir desde el 2018. Se hacen esfuerzos para la reintroduccin al esquema de estos biolgicos prximamente
VEN,2023,ROTAVIRUS_1,1,,General/routine,NATIONAL,M2,< 1 ao. En el ao 2006 se introdujo la vacuna contra rotavirus. Debido a las dificultades financieras de los ltimos aos esta vacunas no se ha podido adquirir desde el 2018. Se hacen esfuerzos para la reintroduccin al esquema de estos biolgicos prximamente
VEN,2023,TD_S,4,ADULTS,Adults,NATIONAL,+Y1,"Embarazadas, Personal de Salud Mujeres en edad frtil, Hombres, viajeros internacional"
VEN,2023,TD_S,5,ADULTS,Adults,NATIONAL,+Y1,"Embarazadas, Personal de Salud Mujeres en edad frtil, Hombres, viajeros internacional"
VEN,2023,TD_S,3,ADULTS,Adults,NATIONAL,+M6,"Embarazadas, Personal de Salud Mujeres en edad frtil, Hombres, viajeros internacional"
VEN,2023,TD_S,1,ADULTS,Adults,NATIONAL,1st contact,"Embarazadas, Personal de Salud Mujeres en edad frtil, Hombres, viajeros internacional"
VEN,2023,TD_S,2,ADULTS,Adults,NATIONAL,+M1,"Embarazadas, Personal de Salud Mujeres en edad frtil, Hombres, viajeros internacional"
VEN,2023,TD_S,6,B_ADO_W,General/routine,NATIONAL,Y10,10 AOS
VEN,2023,TD_S,4,HW,Health workers,NATIONAL,+Y1,"Embarazadas, Personal de Salud Mujeres en edad frtil, Hombres, viajeros internacional"
VEN,2023,TD_S,5,HW,Health workers,NATIONAL,+Y1,"Embarazadas, Personal de Salud Mujeres en edad frtil, Hombres, viajeros internacional"
VEN,2023,TD_S,3,HW,Health workers,NATIONAL,+M6,"Embarazadas, Personal de Salud Mujeres en edad frtil, Hombres, viajeros internacional"
VEN,2023,TD_S,2,HW,Health workers,NATIONAL,+M1,"Embarazadas, Personal de Salud Mujeres en edad frtil, Hombres, viajeros internacional"
VEN,2023,TD_S,1,HW,Health workers,NATIONAL,1st contact,"Embarazadas, Personal de Salud Mujeres en edad frtil, Hombres, viajeros internacional"
VEN,2023,TD_S,1,PW,Pregnant women,NATIONAL,1st contact,"Embarazadas, Personal de Salud Mujeres en edad frtil, Hombres, viajeros internacional"
VEN,2023,TD_S,2,PW,Pregnant women,NATIONAL,+M1,"Embarazadas, Personal de Salud Mujeres en edad frtil, Hombres, viajeros internacional"
VEN,2023,TD_S,3,PW,Pregnant women,NATIONAL,+M6,"Embarazadas, Personal de Salud Mujeres en edad frtil, Hombres, viajeros internacional"
VEN,2023,TD_S,5,PW,Pregnant women,NATIONAL,+Y1,"Embarazadas, Personal de Salud Mujeres en edad frtil, Hombres, viajeros internacional"
VEN,2023,TD_S,4,PW,Pregnant women,NATIONAL,+Y1,"Embarazadas, Personal de Salud Mujeres en edad frtil, Hombres, viajeros internacional"
VEN,2023,TD_S,4,TRAVELLERS,Travellers,NATIONAL,+Y1,"Embarazadas, Personal de Salud Mujeres en edad frtil, Hombres, viajeros internacional"
VEN,2023,TD_S,5,TRAVELLERS,Travellers,NATIONAL,+Y1,"Embarazadas, Personal de Salud Mujeres en edad frtil, Hombres, viajeros internacional"
VEN,2023,TD_S,3,TRAVELLERS,Travellers,NATIONAL,+M6,"Embarazadas, Personal de Salud Mujeres en edad frtil, Hombres, viajeros internacional"
VEN,2023,TD_S,2,TRAVELLERS,Travellers,NATIONAL,+M1,"Embarazadas, Personal de Salud Mujeres en edad frtil, Hombres, viajeros internacional"
VEN,2023,TD_S,1,TRAVELLERS,Travellers,NATIONAL,1st contact,"Embarazadas, Personal de Salud Mujeres en edad frtil, Hombres, viajeros internacional"
VEN,2023,YF,1,,General/routine,NATIONAL,M12,1 AO
VEN,2023,YF,1,TRAVELLERS,Travellers,NATIONAL,Y2-Y59,"2 a 59 aos y viajeros internacionales no vacunados. Cumpliendo con el reglamento sanitario internacional, se aplica una sola dosis. En el caso de los viajeros internacionales solo se le administra a aquellos que no han sido vacunados entre las edades de 2 a 59 aos"
VGB,2023,DT,5,CATCHUP_C,Catch-up children,NATIONAL,Y5,given to those who missed DTP at 4 years
VGB,2023,DTWP,4,B_2YL_W,General/routine,NATIONAL,M18,
VGB,2023,DTWP,5,B_CHILD_W,General/routine,NATIONAL,Y4,
VGB,2023,DTWPHIBHEPB,1,,General/routine,NATIONAL,M2,
VGB,2023,DTWPHIBHEPB,2,,General/routine,NATIONAL,M4,
VGB,2023,DTWPHIBHEPB,3,,General/routine,NATIONAL,M6,
VGB,2023,HEPB_ADULT,1,HW,Health workers,NATIONAL,,Healthcare workers
VGB,2023,HEPB_ADULT,1,RISKGROUPS,Risk group(s),NATIONAL,>Y14,1st contact to persons >14 years based on need
VGB,2023,HEPB_ADULT,2,RISKGROUPS,Risk group(s),NATIONAL,+M1,1st contact to persons >14 years based on need
VGB,2023,HEPB_ADULT,3,RISKGROUPS,Risk group(s),NATIONAL,+M5,1st contact to persons >14 years based on need
VGB,2023,HEPB_PEDIATRIC,1,,General/routine,NATIONAL,B,
VGB,2023,HPV4,1,FEMALE,HPV for females only,NATIONAL,Y11-Y14,from April 2019; Target age group 11-12 females only 2 doses x 6m interval
VGB,2023,HPV4,2,FEMALE,HPV for females only,NATIONAL,+M6,from April 2019; Target age group 11-12 females only 2 doses x 6m interval
VGB,2023,INFLUENZA_ADULT,1,ADULTS,Adults,NATIONAL,,Older persons
VGB,2023,INFLUENZA_ADULT,1,HW,Health workers,NATIONAL,,Health and care workers
VGB,2023,INFLUENZA_ADULT,1,PW,Pregnant women,NATIONAL,,Pregnant women
VGB,2023,INFLUENZA_ADULT,1,RISKGROUPS,Risk group(s),NATIONAL,,"Adults with chronic conditions, residents living in long-term care facilities"
VGB,2023,INFLUENZA_PEDIATRIC,1,RISKGROUPS,Risk group(s),NATIONAL,,Children with chronic conditions
VGB,2023,IPV,3,,General/routine,NATIONAL,M6,
VGB,2023,IPV,1,,General/routine,NATIONAL,M2,
VGB,2023,MEN_C_CONJ,1,,General/routine,NATIONAL,Y15,college students on demand
VGB,2023,MMR,1,,General/routine,NATIONAL,M12,
VGB,2023,MMR,2,,General/routine,NATIONAL,M15,
VGB,2023,MMR,1,HW,Health workers,NATIONAL,,HCW
VGB,2023,OPV,2,,General/routine,NATIONAL,M4,
VGB,2023,OPV,4,,General/routine,NATIONAL,M18,
VGB,2023,OPV,5,,General/routine,NATIONAL,Y4,
VGB,2023,PCV13,1,RISKGROUPS,Risk group(s),NATIONAL,M2,high-risk children
VGB,2023,PCV13,2,RISKGROUPS,Risk group(s),NATIONAL,M4,high-risk children
VGB,2023,PCV13,3,RISKGROUPS,Risk group(s),NATIONAL,M6,high-risk children
VGB,2023,PPV23,1,RISKGROUPS,Risk group(s),NATIONAL,1st contact,"high-risk adults (i.e. DM dialysis pts, other chronic illnesses)"
VGB,2023,TD_S,6,CATCHUP_C,Catch-up children,NATIONAL,>Y7,Given also to children >7 years old who missed the DT(P)
VGB,2023,TD_S,6,B_ADO_W,General/routine,NATIONAL,Y14,Given also to children >7 years old who missed the DT(P)
VGB,2023,TDAP_S,1,PW,Pregnant women,NATIONAL,,Pregnant women
VGB,2023,VARICELLA,1,,General/routine,NATIONAL,Y1,
VGB,2023,VARICELLA,2,,General/routine,NATIONAL,Y4,
VGB,2023,YF,1,RISKGROUPS,Risk group(s),NATIONAL,>Y3,1st contact; persons >3 years on demand
VGB,2023,YF,1,TRAVELLERS,Travellers,NATIONAL,,travellers to endemic areas
VNM,2023,BCG,1,,General/routine,NATIONAL,B,
VNM,2023,DTWP,4,B_2YL_W,General/routine,NATIONAL,M18,
VNM,2023,DTWPHIBHEPB,1,,General/routine,NATIONAL,M2,
VNM,2023,DTWPHIBHEPB,2,,General/routine,NATIONAL,M3,
VNM,2023,DTWPHIBHEPB,3,,General/routine,NATIONAL,M4,
VNM,2023,HEPB_PEDIATRIC,1,,General/routine,NATIONAL,B,
VNM,2023,IPV,1,,General/routine,NATIONAL,M5,
VNM,2023,IPV,2,,General/routine,NATIONAL,M9,
VNM,2023,JE_INACTD,1,,General/routine,NATIONAL,M12,
VNM,2023,JE_INACTD,2,,General/routine,NATIONAL,M12,2nd dose is administered +2 weeks after the 1st dose
VNM,2023,JE_INACTD,3,,General/routine,NATIONAL,Y2,
VNM,2023,MEASLES,1,,General/routine,NATIONAL,M9,
VNM,2023,MR,2,,General/routine,NATIONAL,M18,
VNM,2023,OPV,1,,General/routine,NATIONAL,M2,
VNM,2023,OPV,2,,General/routine,NATIONAL,M3,
VNM,2023,OPV,3,,General/routine,NATIONAL,M4,
VNM,2023,TD_S,1,B_CHILD_W,General/routine,SUBNATIONAL,Y7,Children aged 7 years old or enrolled 2nd grade
VNM,2023,TT,1,PW,Pregnant women,NATIONAL,1st contact,pregnant women
VNM,2023,TT,2,PW,Pregnant women,NATIONAL,+M1,pregnant women
VNM,2023,TT,3,PW,Pregnant women,NATIONAL,+M6,pregnant women
VNM,2023,TT,4,PW,Pregnant women,NATIONAL,+Y1,pregnant women
VNM,2023,TT,5,PW,Pregnant women,NATIONAL,+Y1,pregnant women
VNM,2023,VITAMINA,1,,General/routine,NATIONAL,M6-M36,
VUT,2023,BCG,1,,General/routine,NATIONAL,B,
VUT,2023,DTWPHIBHEPB,1,,General/routine,NATIONAL,W6,
VUT,2023,DTWPHIBHEPB,2,,General/routine,NATIONAL,W10,
VUT,2023,DTWPHIBHEPB,3,,General/routine,NATIONAL,W14,
VUT,2023,HEPB_PEDIATRIC,1,,General/routine,NATIONAL,B,
VUT,2023,HPV2,1,,General/routine,NATIONAL,Y9,female only
VUT,2023,IPV,1,,General/routine,NATIONAL,W14,
VUT,2023,MMR,1,,General/routine,NATIONAL,M12,
VUT,2023,MMR,2,,General/routine,NATIONAL,M18,
VUT,2023,OPV,1,,General/routine,NATIONAL,W6,
VUT,2023,OPV,2,,General/routine,NATIONAL,W10,
VUT,2023,OPV,3,,General/routine,NATIONAL,W14,
VUT,2023,PCV13,1,,General/routine,NATIONAL,W6,
VUT,2023,PCV13,2,,General/routine,NATIONAL,W10,
VUT,2023,PCV13,3,,General/routine,NATIONAL,W14,
VUT,2023,ROTAVIRUS_1,1,,General/routine,NATIONAL,W6,
VUT,2023,ROTAVIRUS_1,2,,General/routine,NATIONAL,W10,
VUT,2023,TD_S,4,B_CHILD_W,General/routine,NATIONAL,Y6,
VUT,2023,TD_S,5,B_ADO_W,General/routine,NATIONAL,Y11,
WLF,2019,BCG,1,,General/routine,NATIONAL,M1,
WLF,2019,DTAPHIBHEPBIPV,1,,General/routine,NATIONAL,M2,
WLF,2019,DTAPHIBHEPBIPV,3,,General/routine,NATIONAL,M11,
WLF,2019,DTAPHIBIPV,2,,General/routine,NATIONAL,M4,
WLF,2019,DTAPIPV,4,B_CHILD_W,General/routine,NATIONAL,Y6,
WLF,2019,DTIPV,5,,General/routine,NATIONAL,Y11,
WLF,2019,HEPB_PEDIATRIC,1,,General/routine,NATIONAL,B,
WLF,2019,MMR,1,,General/routine,NATIONAL,M12,
WLF,2019,MMR,2,,General/routine,NATIONAL,M16,
WLF,2019,PCV13,2,,General/routine,NATIONAL,M4,
WLF,2019,PCV13,1,,General/routine,NATIONAL,M2,
WLF,2019,PCV13,3,,General/routine,NATIONAL,M11,
WSM,2023,BCG,1,,General/routine,NATIONAL,B,Infants at birth
WSM,2023,DTWP,4,B_2YL_W,General/routine,NATIONAL,M15,Infants 15 months
WSM,2023,DTWPHIBHEPB,1,,General/routine,NATIONAL,W6,Less than one year
WSM,2023,DTWPHIBHEPB,2,,General/routine,NATIONAL,W10,Less than one year
WSM,2023,DTWPHIBHEPB,3,,General/routine,NATIONAL,W14,Less than one year
WSM,2023,HEPB_PEDIATRIC,1,,General/routine,NATIONAL,B,Babies at birth
WSM,2023,HPV2,1,FEMALE,HPV for females only,NATIONAL,Y13,"Females in school year 8, regardless of age"
WSM,2023,IPV,1,,General/routine,NATIONAL,W14,Infants under one year
WSM,2023,MMR,1,,General/routine,NATIONAL,M9,Infants under two years
WSM,2023,MMR,2,,General/routine,NATIONAL,M15,Infants under two years
WSM,2023,OPV,1,,General/routine,NATIONAL,W6,Less than two years
WSM,2023,OPV,2,,General/routine,NATIONAL,W10,Less than two years
WSM,2023,OPV,3,,General/routine,NATIONAL,W14,Less than two years
WSM,2023,OPV,4,,General/routine,NATIONAL,M15,Less than two years
WSM,2023,PCV13,1,,General/routine,NATIONAL,W6,Infants under one year
WSM,2023,PCV13,2,,General/routine,NATIONAL,W10,Infants under one year
WSM,2023,PCV13,3,,General/routine,NATIONAL,M9,Infants under one year
WSM,2023,ROTAVIRUS_1,1,,General/routine,NATIONAL,W6,Infants under 6 months
WSM,2023,ROTAVIRUS_1,2,,General/routine,NATIONAL,W10,Infants under 6 months
WSM,2023,TD_S,6,B_ADO_W,General/routine,NATIONAL,Y10,School children year one and year six
WSM,2023,TD_S,5,B_CHILD_W,General/routine,NATIONAL,Y5,School children year one and year six
WSM,2023,TD_S,5,PW,Pregnant women,NATIONAL,+Y1,First antenatal visit; pregnant mothers
WSM,2023,TD_S,1,PW,Pregnant women,NATIONAL,1st contact,First antenatal visit; pregnant mothers
WSM,2023,TD_S,2,PW,Pregnant women,NATIONAL,+W4,First antenatal visit; pregnant mothers
WSM,2023,TD_S,3,PW,Pregnant women,NATIONAL,+M6,First antenatal visit; pregnant mothers
WSM,2023,TD_S,4,PW,Pregnant women,NATIONAL,+Y1,First antenatal visit; pregnant mothers
WSM,2023,TYPHOID_CONJ,1,,General/routine,NATIONAL,M9,Children under two years
WSM,2023,VITAMINA,1,,General/routine,NATIONAL,M9,Children under five years
WSM,2023,VITAMINA,2,,General/routine,NATIONAL,M15,Children under five years
WSM,2023,VITAMINA,3,,General/routine,NATIONAL,Y2,Children under five years
WSM,2023,VITAMINA,4,,General/routine,NATIONAL,Y2.5,Children under five years
WSM,2023,VITAMINA,5,,General/routine,NATIONAL,Y3,Children under five years
WSM,2023,VITAMINA,6,,General/routine,NATIONAL,Y3.5,Children under five years
XKX,2023,BCG,1,,General/routine,NATIONAL,B,
XKX,2023,DT,1,B_CHILD_W,General/routine,NATIONAL,Y6-Y7,
XKX,2023,DTWP,4,B_2YL_W,General/routine,NATIONAL,M12,
XKX,2023,DTWPHIBHEPB,1,,General/routine,NATIONAL,M2,
XKX,2023,DTWPHIBHEPB,2,,General/routine,NATIONAL,M3,
XKX,2023,DTWPHIBHEPB,3,,General/routine,NATIONAL,M4,
XKX,2023,HEPB_PEDIATRIC,1,,General/routine,NATIONAL,B,
XKX,2023,INFLUENZA_ADULT,1,ADULTS,Adults,NATIONAL,>Y65,
XKX,2023,INFLUENZA_ADULT,1,HW,Health workers,NATIONAL,,Health and care workers
XKX,2023,INFLUENZA_ADULT,1,PW,Pregnant women,NATIONAL,,Pregnant women
XKX,2023,INFLUENZA_ADULT,1,RISKGROUPS,Risk group(s),NATIONAL,,"Adults with chronic conditions, residents living in long-term care facilities"
XKX,2023,INFLUENZA_PEDIATRIC,1,,General/routine,NATIONAL,M6-Y5,
XKX,2023,IPV,1,,General/routine,NATIONAL,M2,
XKX,2023,IPV,2,,General/routine,NATIONAL,M3,
XKX,2023,IPV,3,,General/routine,NATIONAL,M4,
XKX,2023,MMR,1,,General/routine,NATIONAL,M12,
XKX,2023,MMR,2,,General/routine,NATIONAL,Y6-Y7,
XKX,2023,OPV,1,,General/routine,NATIONAL,M12,
XKX,2023,OPV,2,,General/routine,NATIONAL,Y6-Y7,
XKX,2023,OPV,3,,General/routine,NATIONAL,Y12-Y13,
XKX,2023,TD_S,3,ADULTS,Adults,NATIONAL,Y17-Y18,
XKX,2023,TD_S,3,,General/routine,NATIONAL,Y17-Y18,
XKX,2023,TD_S,2,B_ADO_W,General/routine,NATIONAL,Y12-Y13,
YEM,2023,BCG,1,,General/routine,NATIONAL,B,B
YEM,2023,DTWPHIBHEPB,1,,General/routine,NATIONAL,W6,W6 - 7 years
YEM,2023,DTWPHIBHEPB,2,,General/routine,NATIONAL,W10,W6 - 7 years
YEM,2023,DTWPHIBHEPB,3,,General/routine,NATIONAL,W14,W6 - 7 years
YEM,2023,DTWPHIBHEPB,4,B_2YL_W,General/routine,NATIONAL,M18,W6 - 7 years
YEM,2023,DTWPHIBHEPB,5,B_CHILD_W,General/routine,NATIONAL,Y5-Y7,W6 - 7 years
YEM,2023,IPV,1,,General/routine,NATIONAL,W14,under 1 year
YEM,2023,IPV,2,,General/routine,NATIONAL,M9,under 1 year
YEM,2023,MR,1,,General/routine,NATIONAL,M9,9 months - 7 years
YEM,2023,MR,2,,General/routine,NATIONAL,M18,9 months - 7 years
YEM,2023,MR,3,,General/routine,NATIONAL,Y5-Y7,9 months - 7 years
YEM,2023,OPV,1,,General/routine,NATIONAL,B,under 2 years
YEM,2023,OPV,2,,General/routine,NATIONAL,W6,under 2 years
YEM,2023,OPV,3,,General/routine,NATIONAL,W10,under 2 years
YEM,2023,OPV,4,,General/routine,NATIONAL,W14,under 2 years
YEM,2023,OPV,5,,General/routine,NATIONAL,M9,under 2 years
YEM,2023,OPV,6,,General/routine,NATIONAL,M18,under 2 years
YEM,2023,PCV13,1,,General/routine,NATIONAL,W6,under 1 year
YEM,2023,PCV13,2,,General/routine,NATIONAL,W10,under 1 year
YEM,2023,PCV13,3,,General/routine,NATIONAL,W14,under 1 year
YEM,2023,ROTAVIRUS_1,1,,General/routine,NATIONAL,W6,under 1 year
YEM,2023,ROTAVIRUS_1,2,,General/routine,NATIONAL,W10,under 1 year
YEM,2023,TD_S,1,ADULTS,Adults,NATIONAL,1st contact,Pregnant and unpregnant women 15-49 years
YEM,2023,TD_S,2,ADULTS,Adults,NATIONAL,+M1,Pregnant and unpregnant women 15-49 years
YEM,2023,TD_S,3,ADULTS,Adults,NATIONAL,+M6,Pregnant and unpregnant women 15-49 years
YEM,2023,TD_S,4,ADULTS,Adults,NATIONAL,+Y1,Pregnant and unpregnant women 15-49 years
YEM,2023,TD_S,5,ADULTS,Adults,NATIONAL,+Y1,Pregnant and unpregnant women 15-49 years
YEM,2023,TD_S,2,,General/routine,NATIONAL,+M1,Pregnant and unpregnant women 15-49 years
YEM,2023,TD_S,3,,General/routine,NATIONAL,+M6,Pregnant and unpregnant women 15-49 years
YEM,2023,TD_S,1,,General/routine,NATIONAL,Y15-Y49,Pregnant and unpregnant women 15-49 years
YEM,2023,TD_S,5,,General/routine,NATIONAL,+Y1,Pregnant and unpregnant women 15-49 years
YEM,2023,TD_S,4,,General/routine,NATIONAL,+Y1,Pregnant and unpregnant women 15-49 years
YEM,2023,TD_S,2,PW,Pregnant women,NATIONAL,+M1,Pregnant and unpregnant women 15-49 years
YEM,2023,TD_S,1,PW,Pregnant women,NATIONAL,1st contact,Pregnant and unpregnant women 15-49 years
YEM,2023,TD_S,3,PW,Pregnant women,NATIONAL,+M6,Pregnant and unpregnant women 15-49 years
YEM,2023,TD_S,5,PW,Pregnant women,NATIONAL,+Y1,Pregnant and unpregnant women 15-49 years
YEM,2023,TD_S,4,PW,Pregnant women,NATIONAL,+Y1,Pregnant and unpregnant women 15-49 years
YEM,2023,VITAMINA,1,,General/routine,NATIONAL,M9,9 months - 7 years
YEM,2023,VITAMINA,2,,General/routine,NATIONAL,M18,9 months - 7 years
YEM,2023,VITAMINA,3,,General/routine,NATIONAL,Y5-Y7,9 months - 7 years
ZAF,2023,BCG,1,,General/routine,NATIONAL,B,Under 1 year population
ZAF,2023,DTAPHIBHEPBIPV,1,,General/routine,NATIONAL,W6,Under 2 year population
ZAF,2023,DTAPHIBHEPBIPV,2,,General/routine,NATIONAL,W10,Under 2 year population
ZAF,2023,DTAPHIBHEPBIPV,3,,General/routine,NATIONAL,W14,Under 2 year population
ZAF,2023,DTAPHIBHEPBIPV,4,B_2YL_W,General/routine,NATIONAL,M18,Under 2 year population
ZAF,2023,HPV2,1,FEMALE,HPV for females only,NATIONAL,Y9,Females 9 years and older in Grade 4
ZAF,2023,HPV2,2,FEMALE,HPV for females only,NATIONAL,+M6,Females 9 years and older in Grade 4
ZAF,2023,INFLUENZA_ADULT,1,ADULTS,Adults,NATIONAL,>Y18,and older persons 65 years and above
ZAF,2023,INFLUENZA_ADULT,1,HW,Health workers,NATIONAL,,Health and care workers
ZAF,2023,INFLUENZA_ADULT,1,PW,Pregnant women,NATIONAL,,Pregnant women
ZAF,2023,INFLUENZA_ADULT,1,RISKGROUPS,Risk group(s),NATIONAL,,"Adults with chronic conditions, residents living in long-term care facilities, other groups"
ZAF,2023,INFLUENZA_PEDIATRIC,1,,General/routine,NATIONAL,>=M6,
ZAF,2023,INFLUENZA_PEDIATRIC,2,,General/routine,NATIONAL,>=M6,
ZAF,2023,INFLUENZA_PEDIATRIC,1,RISKGROUPS,Risk group(s),NATIONAL,,Children with chronic conditions
ZAF,2023,MEASLES,1,,General/routine,NATIONAL,M6,<13 Month population
ZAF,2023,MEASLES,2,,General/routine,NATIONAL,M12,<13 Month population
ZAF,2023,OPV,1,,General/routine,NATIONAL,B,Under 1 year population
ZAF,2023,OPV,2,,General/routine,NATIONAL,W6,Under 1 year population
ZAF,2023,PCV13,1,,General/routine,NATIONAL,W6,Under 1 year population
ZAF,2023,PCV13,2,,General/routine,NATIONAL,W14,Under 1 year population
ZAF,2023,PCV13,3,,General/routine,NATIONAL,M9,Under 1 year population
ZAF,2023,ROTAVIRUS_1,1,,General/routine,NATIONAL,W6,Under 1 year population
ZAF,2023,ROTAVIRUS_1,2,,General/routine,NATIONAL,W14,Under 1 year population
ZAF,2023,TD_S,5,B_CHILD_W,General/routine,NATIONAL,Y6,6 and 12 year population
ZAF,2023,TD_S,6,B_ADO_W,General/routine,NATIONAL,Y12,6 and 12 year population
ZAF,2023,VITAMINA,1,,General/routine,NATIONAL,M6,Every 6 month till 59 months
ZAF,2023,VITAMINA,2,,General/routine,NATIONAL,M12,Every 6 month till 59 months
ZAF,2023,VITAMINA,3,,General/routine,NATIONAL,M18,Every 6 month till 59 months
ZAF,2023,VITAMINA,4,,General/routine,NATIONAL,M24,Every 6 month till 59 months
ZAF,2023,VITAMINA,5,,General/routine,NATIONAL,M30,Every 6 month till 59 months
ZAF,2023,VITAMINA,6,,General/routine,NATIONAL,M36,Every 6 month till 59 months
ZMB,2023,BCG,1,,General/routine,NATIONAL,W1,Live births
ZMB,2023,CHOLERA,1,,General/routine,SUBNATIONAL,>=Y1,
ZMB,2023,DTWPHIBHEPB,1,,General/routine,NATIONAL,W6,Surviving infants
ZMB,2023,DTWPHIBHEPB,2,,General/routine,NATIONAL,W10,Surviving infants
ZMB,2023,DTWPHIBHEPB,3,,General/routine,NATIONAL,W14,Surviving infants
ZMB,2023,HPV4,1,FEMALE,HPV for females only,NATIONAL,Y9-Y14,Girls aged 9-14 years old (in school and out of school) reached through an HPV Multi Age Cohort Vaccination Campaign
ZMB,2023,HPV4,1,RISKGROUPS,Risk group(s),NATIONAL,Y9,"In 2023, Zambia also conducted an HPV Multi Age Cohort (MAC) vaccination targeting girls aged 9 to 14 years. For HIV positive girls referred to a facility for the  second and third dose or through the ART clinic. The dose schedule for the non-immunocompromised girls is a one-dose schedule while those who are immunocompromised the schedule is a 3-dose schedule with 2 month interval after the first dose and 4 months after the second dose."
ZMB,2023,HPV4,2,RISKGROUPS,Risk group(s),NATIONAL,+M2,"In 2023, Zambia also conducted an HPV Multi Age Cohort (MAC) vaccination targeting girls aged 9 to 14 years. For HIV positive girls referred to a facility for the  second and third dose or through the ART clinic. The dose schedule for the non-immunocompromised girls is a one-dose schedule while those who are immunocompromised the schedule is a 3-dose schedule with 2 month interval after the first dose and 4 months after the second dose."
ZMB,2023,HPV4,3,RISKGROUPS,Risk group(s),NATIONAL,+M4,"In 2023, Zambia also conducted an HPV Multi Age Cohort (MAC) vaccination targeting girls aged 9 to 14 years. For HIV positive girls referred to a facility for the  second and third dose or through the ART clinic. The dose schedule for the non-immunocompromised girls is a one-dose schedule while those who are immunocompromised the schedule is a 3-dose schedule with 2 month interval after the first dose and 4 months after the second dose."
ZMB,2023,IPV,1,,General/routine,NATIONAL,W14,Surviving infants
ZMB,2023,MR,1,,General/routine,NATIONAL,M9,Surviving infants
ZMB,2023,MR,2,,General/routine,NATIONAL,M18,Surviving infants
ZMB,2023,OPV,1,,General/routine,NATIONAL,W6,Surviving infants
ZMB,2023,OPV,2,,General/routine,NATIONAL,W10,Surviving infants
ZMB,2023,OPV,3,,General/routine,NATIONAL,W14,Surviving infants
ZMB,2023,PCV10,1,,General/routine,NATIONAL,W6,Surviving infants
ZMB,2023,PCV10,2,,General/routine,NATIONAL,W10,Surviving infants
ZMB,2023,PCV10,3,,General/routine,NATIONAL,W14,Surviving infants
ZMB,2023,ROTAVIRUS_1,1,,General/routine,NATIONAL,W6,Surviving infants
ZMB,2023,ROTAVIRUS_1,2,,General/routine,NATIONAL,W10,Surviving infants
ZMB,2023,ROTAVIRUS_1,3,,General/routine,NATIONAL,W14,Surviving infants
ZMB,2023,TD_S,1,ADULTS,Adults,NATIONAL,1st contact,"WCBA, pregnant women upon 1st contact"
ZMB,2023,TD_S,2,ADULTS,Adults,NATIONAL,+M1,"WCBA, pregnant women upon 1st contact"
ZMB,2023,TD_S,3,ADULTS,Adults,NATIONAL,+M6,"WCBA, pregnant women upon 1st contact"
ZMB,2023,TD_S,4,ADULTS,Adults,NATIONAL,+Y1,"WCBA, pregnant women upon 1st contact"
ZMB,2023,TD_S,5,ADULTS,Adults,NATIONAL,+Y1,"WCBA, pregnant women upon 1st contact"
ZMB,2023,TD_S,5,PW,Pregnant women,NATIONAL,+Y1,"WCBA, pregnant women upon 1st contact"
ZMB,2023,TD_S,4,PW,Pregnant women,NATIONAL,+Y1,"WCBA, pregnant women upon 1st contact"
ZMB,2023,TD_S,3,PW,Pregnant women,NATIONAL,+M6,"WCBA, pregnant women upon 1st contact"
ZMB,2023,TD_S,2,PW,Pregnant women,NATIONAL,+M1,"WCBA, pregnant women upon 1st contact"
ZMB,2023,TD_S,1,PW,Pregnant women,NATIONAL,1st contact,"WCBA, pregnant women upon 1st contact"
ZMB,2023,VITAMINA,1,,General/routine,NATIONAL,M6,6-59 months
ZMB,2023,VITAMINA,2,,General/routine,NATIONAL,M12,6-59 months
ZMB,2023,VITAMINA,3,,General/routine,NATIONAL,M18,6-59 months
ZMB,2023,VITAMINA,4,,General/routine,NATIONAL,M24,6-59 months
ZMB,2023,VITAMINA,5,,General/routine,NATIONAL,M36,6-59 months
ZMB,2023,VITAMINA,6,,General/routine,NATIONAL,M48,6-59 months
ZWE,2023,BCG,1,,General/routine,NATIONAL,B,<Y1
ZWE,2023,CHOLERA,1,RISKGROUPS,Risk group(s),SUBNATIONAL,Y1-Y45,outrbreak response
ZWE,2023,DTWP,4,B_2YL_W,General/routine,NATIONAL,M18,<Y2
ZWE,2023,DTWPHIBHEPB,1,,General/routine,NATIONAL,W6,<Y1
ZWE,2023,DTWPHIBHEPB,2,,General/routine,NATIONAL,W10,<Y1
ZWE,2023,DTWPHIBHEPB,3,,General/routine,NATIONAL,W14,<Y1
ZWE,2023,HPV2,1,FEMALE,HPV for females only,NATIONAL,Y10,Females - grade 5
ZWE,2023,HPV2,2,FEMALE,HPV for females only,NATIONAL,Y11,Females - grade 5
ZWE,2023,IPV,1,,General/routine,NATIONAL,W14,<Y1
ZWE,2023,IPV,2,,General/routine,NATIONAL,M9,<Y1
ZWE,2023,MR,1,,General/routine,NATIONAL,M9,<Y2
ZWE,2023,MR,2,,General/routine,NATIONAL,M18,<Y2
ZWE,2023,OPV,1,,General/routine,NATIONAL,W6,<Y2
ZWE,2023,OPV,2,,General/routine,NATIONAL,W10,<Y2
ZWE,2023,OPV,3,,General/routine,NATIONAL,W14,<Y2
ZWE,2023,OPV,4,,General/routine,NATIONAL,M18,<Y2
ZWE,2023,PCV13,1,,General/routine,NATIONAL,W6,<Y1
ZWE,2023,PCV13,2,,General/routine,NATIONAL,W10,<Y1
ZWE,2023,PCV13,3,,General/routine,NATIONAL,W14,<Y1
ZWE,2023,ROTAVIRUS_1,1,,General/routine,NATIONAL,W6,<Y1
ZWE,2023,ROTAVIRUS_1,2,,General/routine,NATIONAL,W10,<Y1
ZWE,2023,TD_S,1,PW,Pregnant women,NATIONAL,1st contact,pregnant women
ZWE,2023,TD_S,2,PW,Pregnant women,NATIONAL,+M1,pregnant women
ZWE,2023,TD_S,3,PW,Pregnant women,NATIONAL,+M6,pregnant women
ZWE,2023,TD_S,4,PW,Pregnant women,NATIONAL,+Y1,pregnant women
ZWE,2023,TD_S,5,PW,Pregnant women,NATIONAL,+Y2,pregnant women
ZWE,2023,TT,1,PW,Pregnant women,NATIONAL,1st contact,pregnant women
ZWE,2023,TT,2,PW,Pregnant women,NATIONAL,+M1,pregnant women
ZWE,2023,TT,3,PW,Pregnant women,NATIONAL,+M6,pregnant women
ZWE,2023,TT,4,PW,Pregnant women,NATIONAL,+Y1,pregnant women
ZWE,2023,TT,5,PW,Pregnant women,NATIONAL,+Y2,pregnant women
ZWE,2023,TYPHOID_CONJ,1,,General/routine,SUBNATIONAL,,
ZWE,2023,VITAMINA,1,,General/routine,NATIONAL,M6,M6-M59
ZWE,2023,VITAMINA,2,,General/routine,NATIONAL,M12,M6-M59
ZWE,2023,VITAMINA,3,,General/routine,NATIONAL,M18,M6-M59
ZWE,2023,VITAMINA,4,,General/routine,NATIONAL,M24,M6-M59
ZWE,2023,VITAMINA,5,,General/routine,NATIONAL,M30,M6-M59
ZWE,2023,VITAMINA,6,,General/routine,NATIONAL,M36,M6-M59
